Date,yield_pct,daily_change,vol_21d,asx_close,asx_open,asx_return,target_open_return,target_direction,regime,regime_label,prob_state_0,prob_state_1,prob_state_2
2018-02-01,2.7730000019073486,0.0529999732971191,0.0279505419507807,19.71291160583496,19.71291160583496,0.012899571031451782,0.0014888054985116213,1.0,0,stable,1.0,1.0521728996099337e-53,8.535597361975726e-93
2018-02-02,2.8540000915527344,0.0810000896453857,0.0304063811188002,20.11832618713379,19.742282155117948,0.020357317757235645,-0.009979403176883575,0.0,0,stable,0.9999890684063723,1.0931593066882431e-05,3.386745377566329e-35
2018-02-05,2.7939999103546143,-0.0600001811981201,0.03493268261454,19.59539222717285,19.918555751627906,-0.026336702128574457,-0.039760608116501235,0.0,0,stable,0.9999598188256816,4.018116068743636e-05,1.3288724584109404e-11
2018-02-06,2.7679998874664307,-0.0260000228881835,0.0360762022295748,18.8256778717041,18.831553489413498,-0.04007266598930297,0.0024938726059789756,1.0,0,stable,0.9999560612735842,4.393863533973692e-05,9.089420170486309e-11
2018-02-07,2.844000101089477,0.0760002136230468,0.0384322321993391,19.15471839904785,18.872685304949183,0.017327294713706923,-0.018576278172153442,0.0,0,stable,0.9998280131215864,0.0001719867446419074,1.3374945119018178e-10
2018-02-08,2.8510000705718994,0.0069999694824218,0.0368193586011815,18.75517463684082,18.802179588986206,-0.021079381900138135,-0.0228148829066212,0.0,0,stable,0.9999524208292899,4.757905132762729e-05,1.1915191956257412e-10
2018-02-09,2.8289999961853027,-0.0220000743865966,0.0376193802670721,18.449636459350586,18.3321218242219,-0.01642502878011245,-0.007031207521742167,0.0,0,stable,0.9999446097288076,5.5390223418785645e-05,4.841351359241835e-11
2018-02-12,2.8570001125335693,0.0280001163482666,0.0369954773139852,18.39087677001953,18.320368225156326,-0.003189952256768043,-0.00031933374857097684,0.0,0,stable,0.9999396699086335,6.032989996566744e-05,1.9142329725024318e-10
2018-02-13,2.8399999141693115,-0.0170001983642578,0.0376379896322575,18.261615753173828,18.38500487999728,-0.0070533567481876796,0.0067340229996168,1.0,0,stable,0.9997938896482524,0.00020610958360310974,7.676519446420267e-10
2018-02-14,2.9130001068115234,0.0730001926422119,0.0394101749927589,18.261615753173828,18.38500487999728,0.0,0.0,0.0,0,stable,0.9989030404689984,0.0010969511476379983,8.38253924255132e-09
2018-02-15,2.8910000324249268,-0.0220000743865966,0.0401309762017597,18.261615753173828,18.261615753173828,0.0,0.0,0.0,0,stable,0.998095368885434,0.0019046092263442702,2.188762556669153e-08
2018-02-16,2.877000093460083,-0.0139999389648437,0.040381158387188,18.261615753173828,18.261615753173828,0.0,-0.06054729097688648,0.0,0,stable,0.9960729814942031,0.003926974450034575,4.405586745649129e-08
2018-02-20,2.8929998874664307,0.0159997940063476,0.0402748856681744,17.32567024230957,17.188732229511253,0.016283309350388853,0.008213619031294498,1.0,0,stable,0.9911898371176983,0.00881005332982651,1.0955188347871858e-07
2018-02-21,2.943000078201294,0.0500001907348632,0.0409865330196657,17.516193389892578,17.468562726018412,0.01093655888234028,-0.01306985357368013,0.0,0,stable,0.9779329949365062,0.022066680163441592,3.249008459990079e-07
2018-02-22,2.9170000553131104,-0.0260000228881835,0.0401155047690953,17.30699920654297,17.28874887803521,-0.012014791537958536,0.0035087250235309587,1.0,0,stable,0.9602725935619447,0.03972679305373123,6.133843457181632e-07
2018-02-23,2.871000051498413,-0.0460000038146972,0.0419802275923883,17.38608169555664,17.36783136699352,0.0045589854766692785,0.01044226274429793,1.0,0,stable,0.9196493881018719,0.08034951056645691,1.1013325258744824e-06
2018-02-26,2.858999967575073,-0.0120000839233398,0.0411380570468622,17.696332931518555,17.568582933315547,0.017687455531483993,-0.005861217211658941,0.0,0,stable,0.8896881896432973,0.11030976234041047,2.0480162687236358e-06
2018-02-27,2.907999992370605,0.0490000247955322,0.0414622853880132,17.477331161499023,17.592914256086434,-0.012452760082426599,-0.002090615703535655,0.0,0,stable,0.8343499235524481,0.1656460880168852,3.988430201422663e-06
2018-02-28,2.868000030517578,-0.0399999618530273,0.0425059342882255,17.751079559326172,17.4408309457732,0.015541655293106887,-0.011720140209750545,0.0,0,stable,0.7705722848007733,0.2294232757180459,4.43948048049106e-06
2018-03-01,2.803999900817871,-0.064000129699707,0.0450402222397158,17.404333114624023,17.54424882814707,-0.019727129521818043,-0.0003496378455533343,0.0,0,stable,0.7262527024745189,0.27374014155223964,7.15597353146083e-06
2018-03-02,2.8570001125335693,0.0530002117156982,0.0462284567941384,17.33741569519043,17.398248964777036,-0.0038522817348577106,0.009776553211182135,1.0,0,stable,0.7281881186556968,0.2718050128791669,6.86846445668201e-06
2018-03-05,2.88100004196167,0.0239999294281005,0.0451922215711703,17.367830276489258,17.507747132758475,0.0017527372726303266,0.012184848417102823,1.0,0,stable,0.7744412796022979,0.2255562740249348,2.446372703025684e-06
2018-03-06,2.877000093460083,-0.0039999485015869,0.0417324582185481,17.641582489013672,17.580749213888463,0.01563909648483514,-7.486840194958217e-08,0.0,0,stable,0.8956164060385652,0.10438298984443876,6.04116158333332e-07
2018-03-07,2.882999897003174,0.0059998035430908,0.0393166233261156,17.519914627075195,17.641581168216632,-0.006920544203929459,-0.006269647109087556,0.0,0,stable,0.9743793438200253,0.025620491037827393,1.6514244274716194e-07
2018-03-08,2.865999937057495,-0.0169999599456787,0.0390184516672301,17.635496139526367,17.41041456703931,0.006575484477653259,0.0010343851242599444,1.0,0,stable,0.9943288856587379,0.005671100329788502,1.4010663467935183e-08
2018-03-09,2.8940000534057617,0.0280001163482666,0.0359131256361293,17.39824867248535,17.653747472218214,-0.013544146941948325,0.025204067512173082,1.0,0,stable,0.9995104902149249,0.0004895070723079005,2.713539138514706e-09
2018-03-12,2.869999885559082,-0.0240001678466796,0.0363482582757534,17.605079650878906,17.842328102566903,0.011817926781336951,-0.00346129175240185,0.0,0,stable,0.9999212109040948,7.878885855113892e-05,2.3706193790066737e-10
2018-03-13,2.8480000495910645,-0.0219998359680175,0.0363482507638255,17.556415557861328,17.544248671498874,-0.0027680349655649383,-0.006256417201181174,0.0,0,stable,0.9999641603300627,3.583963026183458e-05,3.95915497681151e-11
2018-03-14,2.816999912261963,-0.0310001373291015,0.0364293206115646,17.50775146484375,17.44691818536527,-0.0027757182556706265,-0.005226014240359921,0.0,0,stable,0.9999643644315693,3.563555570993063e-05,1.3395935544877511e-11
2018-03-15,2.825999975204468,0.0090000629425048,0.036332327464757,17.416494369506836,17.416494369506836,-0.005226014240359921,0.002790451484748699,1.0,0,stable,0.999976209389536,2.379060724018744e-05,2.85389327918179e-12
2018-03-16,2.8480000495910645,0.0220000743865966,0.0326832357248202,17.373912811279297,17.465162123002074,-0.0024478919875399545,0.010795967315619194,1.0,0,stable,0.9999934834971512,6.516502316836821e-06,1.106955242670308e-12
2018-03-19,2.845000028610229,-0.0030000209808349,0.0323954500745796,17.635496139526367,17.56249714964333,0.014943879609746644,-0.003109312870105231,0.0,0,stable,0.9999946925431561,5.307456528105782e-06,3.888349478123457e-13
2018-03-20,2.878999948501587,0.0339999198913574,0.0332038186397171,17.459081649780273,17.580747024581648,-0.010053745440015808,0.010743506334485176,1.0,0,stable,0.9999915028635709,8.497135578853652e-06,7.391068108183019e-13
2018-03-21,2.907000064849853,0.0280001163482666,0.0335922174254616,17.519914627075195,17.647664611303515,0.0034782609623625277,0.010362696803302157,1.0,0,stable,0.9999886452541257,1.1354738559138638e-05,6.7135137485087075e-12
2018-03-22,2.8320000171661377,-0.0750000476837158,0.0354375141263671,17.909244537353516,17.702412140445443,0.021978821518149543,-0.013679860801706007,0.0,0,stable,0.9999264679051142,7.353208595383544e-05,9.612681418232052e-12
2018-03-23,2.8299999237060547,-0.002000093460083,0.0351216689536871,17.84841537475586,17.66591670511307,-0.003402304369210872,-0.0013644559238079038,0.0,0,stable,0.9999821730477512,1.782694371939562e-05,8.177783227112652e-12
2018-03-26,2.8429999351501465,0.0130000114440917,0.0339460811926311,17.830162048339844,17.824078605667292,-0.0010232094061429007,0.0051045555389885545,1.0,0,stable,0.9999888930377173,1.1106953920577925e-05,8.024194103050142e-12
2018-03-27,2.7860000133514404,-0.056999921798706,0.0360106162781992,17.945743560791016,17.921409792240148,0.0064614389272426125,-0.0050976457944376195,0.0,0,stable,0.9999509183930125,4.9081603798721545e-05,3.5593438728393266e-12
2018-03-28,2.775000095367432,-0.0109999179840087,0.0339607972655282,17.787578582763672,17.85449528988051,-0.00885257801192638,-0.0010265419971746876,0.0,0,stable,0.9999885233250199,1.147667083410856e-05,5.021830842034884e-12
2018-03-29,2.740999937057495,-0.0340001583099365,0.0336875437768181,17.787578582763672,17.769328255286894,0.0,-0.007552340101782948,0.0,0,stable,0.9999880370984799,1.196290075546179e-05,6.805756118409305e-13
2018-04-03,2.7839999198913574,0.051999807357788,0.0308959830584053,17.915328979492188,17.653746747609855,0.00715633267195834,0.00033947626240059167,1.0,0,stable,0.9999948579793779,5.14201986160472e-06,4.912624920527007e-13
2018-04-04,2.7880001068115234,0.004000186920166,0.0303093607169143,18.03699493408203,17.921411840848926,0.006768208882856803,-0.0016877994950498228,0.0,0,stable,0.9999975239692234,2.4760310710545026e-06,2.1362692116689756e-13
2018-04-05,2.8320000171661377,0.0439999103546142,0.0321002859291232,18.116077423095703,18.006577779389932,0.004374876600577685,0.0013423247264936684,1.0,0,stable,0.9999930003186234,6.999679822777093e-06,8.498125553275743e-13
2018-04-06,2.775000095367432,-0.056999921798706,0.0341778897420707,18.31682777404785,18.140411410170252,0.01102038838819948,0.0013275509441456447,1.0,0,stable,0.9999752641473428,2.4735851545422835e-05,1.7176298236024264e-12
2018-04-09,2.7860000133514404,0.0109999179840087,0.0342383029000858,18.152578353881836,18.341160443908823,-0.00900757912755794,0.002008465504241406,1.0,0,stable,0.9999891185371734,1.0881461776941382e-05,1.8971415832950797e-12
2018-04-10,2.796999931335449,0.0109999179840087,0.0336444140730882,18.292490005493164,18.18907381899166,0.007677984717378084,0.008609625121333613,1.0,0,stable,0.9999916566996663,8.343300452123936e-06,7.450750874023034e-13
2018-04-11,2.789999961853028,-0.0069999694824218,0.0333580656706777,18.517578125,18.450661408171968,0.012229856474390113,0.001968999645544584,1.0,0,stable,0.9999920732557649,7.926742809348519e-06,1.088609133806396e-12
2018-04-12,2.8340001106262207,0.0440001487731933,0.0346429352731189,18.541908264160156,18.554075149286955,0.0013130318321308654,-0.00592298727665295,0.0,0,stable,0.9999833423049015,1.6657692994977192e-05,1.4125375433252514e-12
2018-04-13,2.8289999961853027,-0.0050001144409179,0.0339625734669302,18.444576263427734,18.432409377799814,-0.00526312390344963,0.00591899887390228,1.0,0,stable,0.9999902233926579,9.776605498708765e-06,1.2912067624847142e-12
2018-04-16,2.8320000171661377,0.0030000209808349,0.0339133232313839,18.566240310668945,18.554073426671756,0.006574536675602137,0.0058805173501800785,1.0,0,stable,0.9999908087215258,9.191277473105067e-06,8.945113041941479e-13
2018-04-17,2.813999891281128,-0.0180001258850097,0.0337556938077177,18.487157821655273,18.675741053904794,-0.004268575249678239,0.007540007464819107,1.0,0,stable,0.9999893166775528,1.0683319588428107e-05,2.794451110934377e-12
2018-04-18,2.867000102996826,0.0530002117156982,0.0357917308617488,18.687910079956055,18.627077966210027,0.010800475754996777,0.025073582783043398,1.0,0,stable,0.9999663242501519,3.3675738670743935e-05,1.1970100022492474e-11
2018-04-19,2.9140000343322754,0.0469999313354492,0.0364956662564098,18.89474105834961,19.162406747322663,0.011006837477611383,0.0025722756376925613,1.0,0,stable,0.9999592341061007,4.0765864889291926e-05,2.982046059896358e-11
2018-04-20,2.950999975204468,0.0369999408721923,0.0368712664129646,19.113739013671875,18.94340610357653,0.011523764087754934,0.007293648609811653,1.0,0,stable,0.9999633672212154,3.663277411657115e-05,5.313851154000716e-12
2018-04-23,2.9730000495910645,0.0220000743865966,0.0325532465644915,19.10765838623047,19.25365754769424,-0.0003181792350020748,0.009190330227363956,1.0,0,stable,0.9999934829751047,6.517022375453822e-06,1.7012935686625975e-12
2018-04-24,2.9830000400543213,0.0099999904632568,0.0324979040964545,19.338823318481445,19.28407349151043,0.012025428998573841,0.005333342638634774,1.0,0,stable,0.9999946223523679,5.3776478677224175e-06,2.520470249321068e-13
2018-04-26,2.990000009536743,-0.0339999198913574,0.0313642083284419,19.569988250732422,19.442239421086494,0.011882534719449962,0.008357726531559988,1.0,0,stable,0.9999948780481851,5.121951698156311e-06,3.346671085433164e-13
2018-04-27,2.9570000171661377,-0.0329999923706054,0.0324396784940594,19.61865234375,19.734234266329644,0.0024835828593919437,0.001549340380347104,1.0,0,stable,0.9999926941776206,7.305821749545979e-06,2.302053098442041e-13
2018-04-30,2.936000108718872,-0.0209999084472656,0.0317003586019018,19.600406646728516,19.64907187305165,-0.0009304505925166117,0.008036979783784004,1.0,0,stable,0.9999952469719753,4.7530280555387365e-06,3.144772459051387e-13
2018-05-01,2.9760000705718994,0.0399999618530273,0.0320881018808685,19.722068786621094,19.75856944294965,0.006187938412374505,0.001541195145580761,1.0,0,stable,0.9999939425216983,6.0574773905907855e-06,2.0145234653588854e-13
2018-05-02,2.96399998664856,-0.0120000839233398,0.0310846715053673,19.776819229125977,19.752487778075682,0.0027722541225939676,0.014959814858294602,1.0,0,stable,0.9999965491611389,3.450838649776616e-06,1.606387059006433e-13
2018-05-03,2.946000099182129,-0.0179998874664306,0.0316126770478622,19.86198616027832,20.07490084708474,0.00429715584867626,-0.0018394212354512695,0.0,0,stable,0.9999956742852073,4.3257154099149695e-06,6.178277865458743e-14
2018-05-04,2.944000005722046,-0.002000093460083,0.030534131593987,19.64906883239746,19.825485181786007,-0.010777712158773652,0.008631542201266535,1.0,0,stable,0.99999736722185,2.63277847085313e-06,1.8629001390291178e-14
2018-05-07,2.950000047683716,0.0060000419616699,0.0269932157542591,19.8011531829834,19.81940467218431,0.0077102280411455015,0.0015347819955002188,1.0,0,stable,0.9999992390751853,7.609254600340981e-07,1.0483242101427485e-14
2018-05-08,2.969000101089477,0.0190000534057617,0.0270890148331645,19.442235946655273,19.831566969674782,-0.018292367319022826,0.00312424180388367,1.0,0,stable,0.9999991786575,8.21343189750111e-07,5.208278103512015e-15
2018-05-09,3.003999948501587,0.0349998474121093,0.0276898650419794,19.679487228393555,19.503073178586963,0.012129025566539846,0.02593592313776103,1.0,0,stable,0.9999988019069762,1.1980925492919428e-06,1.4058208291063973e-14
2018-05-10,2.970999956130981,-0.0329999923706054,0.029030116977031,20.6832332611084,20.196569413201573,0.049746548851375916,0.0029368345030768048,1.0,0,stable,0.9999978806413031,2.119359067343024e-06,8.509417289063905e-15
2018-05-11,2.970999956130981,0.0,0.0279152542289887,20.3912353515625,20.744065777978687,-0.014218215768894812,0.001490476474763224,1.0,0,stable,0.9999989529284019,1.0470723282639572e-06,1.4115324368480761e-14
2018-05-14,2.994999885559082,0.0239999294281005,0.0280337252280514,20.66498374938965,20.42165066917236,0.013335492680781,-0.0017678223950921728,0.0,0,stable,0.9999987078944449,1.2921048733050279e-06,1.6259003494087104e-13
2018-05-15,3.0799999237060547,0.0850000381469726,0.0326475346636298,20.385150909423828,20.62848400036587,-0.013633922372165997,0.0041692354065486,1.0,0,stable,0.999975688261606,2.4311738106220548e-05,5.246282679917859e-13
2018-05-16,3.095000028610229,0.0150001049041748,0.0319272120694914,20.71973419189453,20.470318821531162,0.016279849524529884,-0.00029390006943058453,0.0,0,stable,0.9999952631354385,4.736864583469787e-06,4.933630062479181e-13
2018-05-17,3.108999967575073,0.0139999389648437,0.0306147070624064,20.85964584350586,20.71364555534613,0.0067298829158655505,0.00900003200597384,1.0,0,stable,0.9999972022199501,2.7977793103070023e-06,1.9410078214539572e-13
2018-05-18,3.066999912261963,-0.0420000553131103,0.0316024232834636,20.871816635131836,21.04823068558294,0.0005832909391699102,-0.004381557113821651,0.0,0,stable,0.9999936271363618,6.37286415662986e-06,9.147941674719192e-14
2018-05-21,3.065000057220459,-0.0019998550415039,0.0309072171321237,20.975231170654297,20.780565635196417,0.004942510951951672,2.906559877441726e-09,1.0,0,stable,0.9999969199500041,3.080049380576333e-06,2.2835336847933873e-13
2018-05-22,3.065000057220459,0.0,0.0306895165255581,20.81098175048828,20.97523123162006,-0.007861457385191168,-0.0061574029115734515,0.0,0,stable,0.9999948428254553,5.15717070438475e-06,4.675368698550921e-12
2018-05-23,3.003000020980835,-0.062000036239624,0.0338857885248949,20.561567306518555,20.683233852120885,-0.012057147610935034,-0.0059346484163631365,0.0,0,stable,0.999782787632196,0.00021721215915048516,2.0921480758113745e-10
2018-05-24,2.9809999465942383,-0.0220000743865966,0.0329385379589021,20.433820724487305,20.43990300816778,-0.006232261805598268,-0.010173896549260226,0.0,0,stable,0.9978875046300253,0.002112475649586142,1.9720241010032263e-08
2018-05-25,2.930999994277954,-0.0499999523162841,0.0338860088345168,19.989734649658203,20.22698310272564,-0.021972532467699583,-0.03310411632641034,0.0,0,stable,0.9322299653916091,0.06776971023458157,3.2437291587835445e-07
2018-05-29,2.7679998874664307,-0.1630001068115234,0.0484303762501766,19.344907760620117,19.338825477209387,0.0031497043895234124,-0.008844087431891724,0.0,1,transitional,0.00012073504536873763,0.9998478623109539,3.140264430574741e-05
2018-05-30,2.8420000076293945,0.0740001201629638,0.0515874442228216,19.265823364257812,19.174574038449524,-0.004096503984951877,0.01659663604151616,1.0,1,transitional,4.44682921893562e-06,0.999938120648159,5.743252334498733e-05
2018-05-31,2.822000026702881,-0.0199999809265136,0.0506540813512001,19.715988159179688,19.588239332200533,0.02309717224278822,-0.009299579503581942,0.0,1,transitional,9.761972689233368e-06,0.9999556008476769,3.463717905706898e-05
2018-06-01,2.8949999809265137,0.0729999542236328,0.0535744015862962,19.55173683166504,19.533487663985444,-0.008365765294187064,0.004346398549744044,1.0,1,transitional,1.3839584296258045e-06,0.9999250157518256,7.360028979038708e-05
2018-06-04,2.937000036239624,0.0420000553131103,0.0543448230885901,19.60648536682129,19.636901417820457,0.002796274588394601,-0.00716166462197218,0.0,1,transitional,1.9726853411142786e-06,0.999937896457062,6.0130856813613835e-05
2018-06-05,2.9189999103546143,-0.0180001258850097,0.0544799482165735,19.47873878479004,19.466571898881693,-0.0065368455569505025,0.008087113751757236,1.0,1,transitional,2.0328871856841824e-06,0.999940891141563,5.7075970856480094e-05
2018-06-06,2.9749999046325684,0.0559999942779541,0.0558843871653177,20.020153045654297,19.636904250118842,0.027415866484819838,-8.402288618144696e-08,0.0,1,transitional,7.982399821123877e-07,0.9999084022772982,9.079948192258888e-05
2018-06-07,2.933000087738037,-0.0419998168945312,0.056494391048709,20.220901489257812,20.020151363503327,0.00997737814102297,-9.270311848201155e-08,0.0,1,transitional,5.591989832284843e-07,0.9999011046794501,9.833612202420246e-05
2018-06-08,2.937000036239624,0.0039999485015869,0.0558888574113902,20.366897583007812,20.220899614717272,0.007194118762768666,0.010695470726942286,1.0,1,transitional,1.320525165329284e-06,0.9999294462329289,6.923324206454497e-05
2018-06-12,2.9570000171661377,0.0,0.0556716783870271,20.646732330322266,20.58590022035883,0.013646150823584327,-0.001474363193431763,0.0,1,transitional,1.4328552814023402e-06,0.9999355539215661,6.301322403542938e-05
2018-06-13,2.976999998092652,0.0199999809265136,0.05558984753825,20.452064514160156,20.616313977469876,-0.009473234592372095,-0.005966605365124909,0.0,1,transitional,1.486307713820262e-06,0.999938087471846,6.0426221307333205e-05
2018-06-14,2.946000099182129,-0.0309998989105224,0.0522977022596919,20.51289939880371,20.330398443961997,0.0029700955916320227,0.008269545884836067,1.0,1,transitional,4.1911770980190865e-06,0.9999548328774595,4.0975945936064294e-05
2018-06-15,2.924000024795532,-0.0220000743865966,0.0521644563399417,20.847484588623047,20.6832350903166,0.016179370512754858,-0.009381561206108486,0.0,1,transitional,5.2178867616299225e-06,0.9999584514981121,3.633061574547173e-05
2018-06-18,2.9260001182556152,0.002000093460083,0.051975152314182,20.6832332611084,20.652817205726024,-0.007909913067095436,0.007617945646871816,1.0,1,transitional,6.913284600940444e-06,0.9999597215354905,3.336517993206597e-05
2018-06-19,2.8929998874664307,-0.0330002307891845,0.0517234650378532,20.902233123779297,20.84139869081473,0.010532616622412484,0.010422930396120706,1.0,1,transitional,5.215081322476711e-06,0.9999577173229179,3.7067596361527824e-05
2018-06-20,2.927999973297119,0.0350000858306884,0.0525715203295752,21.13340187072754,21.121234982670646,0.010998814573535744,0.013722112034848057,1.0,1,transitional,4.618000783063806e-06,0.9999544991498706,4.0882850040918276e-05
2018-06-21,2.8970000743865967,-0.0309998989105224,0.0528138485636777,21.230730056762695,21.425395582322107,0.0045948472372545545,-0.0014338536740964233,0.0,1,transitional,3.98839041436907e-06,0.9999545080043082,4.150360515572586e-05
2018-06-22,2.900000095367432,0.0030000209808349,0.0513759951792471,20.90831184387207,21.200310110554664,-0.015302887311663025,0.016162081937345973,1.0,1,transitional,4.664715673166321e-05,0.999922179933013,3.1172910262445984e-05
2018-06-25,2.875,-0.0250000953674316,0.0514300504448106,21.230730056762695,21.248979224597605,0.015302887311663137,-0.005747174564901234,0.0,1,transitional,0.0011145343315049324,0.9988555678725758,2.9897795817015824e-05
2018-06-26,2.880000114440918,0.0050001144409179,0.0504168613702804,21.029979705810547,21.109063299919068,-0.009500638398672746,0.012933166657436096,1.0,1,transitional,0.0415138119391996,0.9584815294248794,4.658636127966005e-06
2018-06-27,2.82699990272522,-0.0530002117156982,0.0367663435757825,21.321979522705078,21.303730353752236,0.01378941844166264,0.004270535170353363,1.0,0,stable,0.8227077576728001,0.1772920007317807,2.415948568055121e-07
2018-06-28,2.8469998836517334,0.0199999809265136,0.0332594598760451,21.705228805541992,21.413230492714522,0.017814747156827297,0.0033575789514969454,1.0,0,stable,0.9948952346565844,0.005104754315995201,1.1027357839994824e-08
2018-06-29,2.8489999771118164,0.002000093460083,0.0329350199792507,21.571395874023438,21.778228307132927,-0.006185018316532079,0.004782710264976373,1.0,0,stable,0.9998710687664435,0.00012893116372026363,7.00152323857751e-11
2018-07-02,2.865999937057495,0.0169999599456787,0.0288521945093955,21.382814407348633,21.67481271977246,-0.00878063766357417,0.0014214554418296055,1.0,0,stable,0.9999977440882483,2.2559101725900642e-06,1.0980757690760272e-12
2018-07-03,2.838000059127808,-0.0279998779296875,0.0276064347102548,21.5653133392334,21.413230737857415,0.008498625663062824,0.004222147892927833,1.0,0,stable,0.9999988042934874,1.195707021336938e-06,1.4398876739424533e-14
2018-07-05,2.8399999141693115,0.0019998550415039,0.0274698227687804,21.577476501464844,21.65655776970128,0.005370801725585853,0.0047814164359872525,1.0,0,stable,0.9999991112185256,8.887808271799602e-07,1.5410033671612022e-15
2018-07-06,2.8310000896453857,-0.0089998245239257,0.0238186745587077,21.826894760131836,21.68089444736136,0.01149289791853652,0.0019490347006521805,1.0,0,stable,0.9999997311843251,2.6881564693765687e-07,1.1917964757889098e-15
2018-07-09,2.859999895095825,0.0289998054504394,0.0236191151841973,21.960725784301758,21.869477619682186,0.006112752382079397,0.010471220873071741,1.0,0,stable,0.9999997195209682,2.80478393567992e-07,5.284068852147773e-16
2018-07-10,2.872999906539917,0.0130000114440917,0.0238421555083695,22.09455680847168,22.191889565842196,0.006075613545963019,0.00027546095045612195,1.0,0,stable,0.9999997344548672,2.6554448380266885e-07,5.447314141947476e-16
2018-07-11,2.8420000076293945,-0.0309998989105224,0.023974203304275,21.99114418029785,22.100643834420534,-0.004691444868853246,-0.030616256922287702,0.0,0,stable,0.9999996395855045,3.604148505632393e-07,4.666487327408088e-16
2018-07-12,2.8529999256134038,0.0109999179840087,0.0242187532301985,21.790390014648438,21.32806003201922,-0.009170787472251267,-0.007566058732186843,0.0,0,stable,0.9999997013547264,2.986453329637834e-07,5.557140373196079e-16
2018-07-13,2.8310000896453857,-0.0219998359680175,0.0237854534178884,21.67481231689453,21.626144772097007,-0.005318183924692222,0.006434555317685019,1.0,0,stable,0.9999997019113369,2.980889449241545e-07,5.199614868678595e-16
2018-07-16,2.8580000400543213,0.0269999504089355,0.0242169810476376,21.650480270385742,21.814729766276304,-0.0011232260702200782,-0.013578796172554737,0.0,0,stable,0.9999996658262366,3.3417321640924863e-07,5.497509436838478e-16
2018-07-17,2.864000082015991,0.0060000419616699,0.0239568098957411,21.1273136138916,21.358479805815122,-0.02446095016153499,0.0037363064014068817,1.0,0,stable,0.9999997292980336,2.70701676267282e-07,4.816937939404769e-16
2018-07-18,2.875,0.0109999179840087,0.0241279331446271,20.98740005493164,21.20639938332201,-0.006644427161804435,-0.008733762080225686,0.0,0,stable,0.9999997103096085,2.8968949569809466e-07,4.637761465493138e-16
2018-07-19,2.8469998836517334,-0.0280001163482666,0.0238340410293525,20.804899215698242,20.804899215698242,-0.008733762080225686,0.011628055442586901,1.0,0,stable,0.9999996713013929,3.2869926363371437e-07,1.031935493423293e-15
2018-07-20,2.8949999809265137,0.0480000972747802,0.0249891360080785,20.95698356628418,21.048231737506153,0.0072834370854062405,-0.004947055235312618,0.0,0,stable,0.9999993919756919,6.080251354306452e-07,1.4204803569894872e-14
2018-07-23,2.9649999141693115,0.0699999332427978,0.0285129821050196,21.121231079101562,20.853564232512607,0.007806811595534086,-0.0005762170152132728,0.0,0,stable,0.9999965376360619,3.462364257214192e-06,3.099151051372331e-14
2018-07-24,2.9489998817443848,-0.0160000324249267,0.0288207052171722,21.09081268310547,21.109064172097597,-0.0014412190716304627,0.002304853166883332,1.0,0,stable,0.9999984195322879,1.5804684504538511e-06,2.3890747037737832e-14
2018-07-25,2.936000108718872,-0.0129997730255126,0.028367050907055,21.08473014831543,21.1394799734446,-0.00028843895887828067,0.0011534102721716822,1.0,0,stable,0.9999986897373163,1.3102631637925116e-06,1.836830437898752e-14
2018-07-26,2.9749999046325684,0.0389997959136962,0.0294424910473406,21.230730056762695,21.109063523139035,0.006900574262469968,0.009978720223442452,1.0,0,stable,0.999997687033957,2.3129660710398995e-06,9.76832087480393e-15
2018-07-27,2.9600000381469727,-0.0149998664855957,0.0267774196777369,21.67481231689453,21.443646120298823,0.020701200560883544,-0.00845562159414187,0.0,0,stable,0.9999992312444419,7.687548135836809e-07,7.70647265578652e-15
2018-07-30,2.9749999046325684,0.0149998664855957,0.0266718439240685,21.595726013183594,21.49231097433047,-0.003655438311016035,0.003655435821478188,1.0,0,stable,0.9999993050808057,6.949199137135236e-07,3.184657328653826e-15
2018-07-31,2.96399998664856,-0.0109999179840087,0.0269213407083935,21.98505973815918,21.674812262934267,0.017867694501309095,-0.0038813578647393233,0.0,0,stable,0.9999992211872573,7.788130723106276e-07,4.3069459058343634e-15
2018-08-01,3.003000020980835,0.0390000343322753,0.0278057321068535,21.930309295654297,21.899893241382728,-0.002493453753260579,-0.002777741930122207,0.0,0,stable,0.9999986822285379,1.3177720847907608e-06,6.4711527208740545e-15
2018-08-02,2.986000061035156,-0.0169999599456787,0.0272203008689004,21.772144317626953,21.86947708319119,-0.007238296960946676,0.008347297989113035,1.0,0,stable,0.9999990877790492,9.122218350732806e-07,1.1776118341027737e-14
2018-08-03,2.953000068664551,-0.0329999923706054,0.028582244513301,21.99114418029785,21.954643522058213,0.010008465920857666,0.006067172761795356,1.0,0,stable,0.9999981857579855,1.8142416085134012e-06,9.197042698839673e-15
2018-08-06,2.937999963760376,-0.0150001049041748,0.0287626149909792,22.167556762695312,22.124973824526652,0.007989977836322854,0.0027405660257235885,1.0,0,stable,0.9999984720264216,1.5279731378384204e-06,1.7930676914055473e-14
2018-08-07,2.9730000495910645,0.0350000858306884,0.0290404180634762,22.240558624267578,22.22839173869054,0.003287774168993635,0.003821998939117456,1.0,0,stable,0.9999980965349021,1.9034651179675683e-06,2.0267702325263774e-14
2018-08-08,2.970999956130981,-0.002000093460083,0.0290281184266742,22.234474182128906,22.32572466431914,-0.00027361158801689217,-0.003837571247473776,0.0,0,stable,0.9999984445851897,1.5554146477551962e-06,3.1665018875269725e-14
2018-08-09,2.934999942779541,-0.0360000133514404,0.029353975577775,22.155393600463867,22.149311317101727,-0.003563005220607519,0.0035629788733417557,1.0,0,stable,0.9999969599276309,3.040072226981227e-06,6.142336857501909e-13
2018-08-10,2.8570001125335693,-0.0779998302459716,0.0343563586251944,21.869476318359375,22.234473596311314,-0.012989081059295712,-0.0011133223976967988,0.0,0,stable,0.9999467748961842,5.3225101752342845e-05,1.9095127400508897e-12
2018-08-13,2.877000093460083,0.0199999809265136,0.0342222106742083,21.80864143371582,21.84514208898304,-0.0027856019037547195,0.008886434291367575,1.0,0,stable,0.9999874743027737,1.252569143364801e-05,5.6286514853220786e-12
2018-08-14,2.8949999809265137,0.0179998874664306,0.0339512623837138,22.070222854614258,22.003306149369273,0.011923030551148578,-0.01192278777698969,0.0,0,stable,0.9999896453054544,1.035469124287637e-05,3.3119458485816044e-12
2018-08-15,2.851999998092652,-0.0429999828338623,0.0353023337742647,21.954647064208984,21.808646728291045,-0.005250489377067808,-0.002497013536573346,0.0,0,stable,0.9999730231812385,2.6976815750903558e-05,3.255981453125993e-12
2018-08-16,2.871000051498413,0.0190000534057617,0.0354761853822991,22.204059600830078,21.899894400818706,0.011296308595762595,-1.7764540773114147e-07,0.0,0,stable,0.9999818788060381,1.812119002309143e-05,4.633024973426768e-12
2018-08-17,2.872999906539917,0.0019998550415039,0.0348996839831918,22.356138229370117,22.204055656381207,0.006825787424992052,0.009478765345993725,1.0,0,stable,0.999985659927053,1.4340067951386776e-05,4.6164312589739805e-12
2018-08-20,2.822999954223633,-0.0499999523162841,0.0348862995620622,22.800220489501953,22.569054314339386,0.019669282018092846,-0.009382106633971718,0.0,0,stable,0.9999735454464369,2.645455222374762e-05,1.0870212738346314e-12
2018-08-21,2.844000101089477,0.0210001468658447,0.0311703083565696,22.240558624267578,22.587306741126618,-0.02485261944125322,0.0038220347844620263,1.0,0,stable,0.9999961894281866,3.8105711569428023e-06,7.716499096639139e-13
2018-08-22,2.822999954223633,-0.0210001468658447,0.0312713581281429,22.31355857849121,22.325725464592445,0.0032769146436112894,-0.002561616092403807,0.0,0,stable,0.9999960166503324,3.983350462878377e-06,8.993537918296755e-14
2018-08-23,2.821000099182129,-0.0019998550415039,0.0312403578933412,22.225440979003906,22.25647295469976,-0.003956878930078319,0.004735993439948508,1.0,0,stable,0.9999966125963585,3.3874037599633777e-06,4.648296075429355e-14
2018-08-24,2.825999975204468,0.0049998760223388,0.0296612427584211,22.225440979003906,22.3309501698874,0.0,0.0002791573175473096,1.0,0,stable,0.9999980738666996,1.926132572646047e-06,4.6898248324261276e-14
2018-08-27,2.8480000495910645,0.0220000743865966,0.0302610723383927,22.566797256469727,22.23164623957056,0.015242055300309773,0.009034828376716203,1.0,0,stable,0.9999974532707399,2.5467286469746936e-06,5.693188453259808e-14
2018-08-28,2.884000062942505,0.0360000133514404,0.0312958912623166,22.96401023864746,22.771608219451526,0.017448540083322948,-3.582854821506694e-08,0.0,0,stable,0.9999957249547582,4.275045824818806e-06,8.852122338306093e-14
2018-08-29,2.884000062942505,0.0,0.0312707760059133,22.821260452270508,22.964009415880327,-0.00623564071021306,0.005965477478140713,1.0,0,stable,0.9999965821338466,3.4178666972479652e-06,6.713268475671726e-14
2018-08-30,2.859999895095825,-0.0240001678466796,0.0299526557447487,23.007457733154297,22.957807045395146,0.008125835187769522,8.430176867622823e-08,1.0,0,stable,0.9999974182370938,2.5817620249904224e-06,4.621605104251391e-14
2018-08-31,2.8529999256134038,-0.0069999694824218,0.029861899829372,22.883329391479492,23.00745967272376,-0.005409741352165128,-0.006530584213642115,0.0,0,stable,0.9999978460296467,2.153970079977264e-06,8.07470473986146e-14
2018-09-04,2.9019999504089355,0.0490000247955322,0.0315159812581854,22.622657775878906,22.73437479147046,-0.006835069516325428,0.0008225418441215904,1.0,0,stable,0.999994209542304,5.790457763330298e-06,1.1973711667053466e-13
2018-09-05,2.9019999504089355,0.0,0.0313865271509458,22.51714324951172,22.641273513586842,-0.004675019213450786,-0.009137526428732331,0.0,0,stable,0.9999964072186197,3.5927820505264297e-06,1.21470006996359e-13
2018-09-06,2.878999948501587,-0.0230000019073486,0.0305345929506686,22.169580459594727,22.31232942888432,-0.015555841635508466,-0.01637078926423245,0.0,0,stable,0.9999966587676112,3.341231655978535e-06,4.4527724439282296e-13
2018-09-07,2.941999912261963,0.0629999637603759,0.0339064429443463,21.89649200439453,21.809601538914812,-0.012394658115882782,-0.010256415586609592,0.0,0,stable,0.9999809641587616,1.903584076310345e-05,7.410075663816607e-13
2018-09-10,2.937000036239624,-0.0049998760223388,0.0329862035614255,22.064069747924805,21.673060245632872,0.007624040665915803,0.004210642138217684,1.0,0,stable,0.9999932436759039,6.756324611193588e-06,2.721635132810069e-13
2018-09-11,2.976999998092652,0.0399999618530273,0.0288030323524567,22.4178409576416,22.15716951710052,0.01590663095925915,0.010465401595373118,1.0,0,stable,0.9999980654266051,1.934572505402067e-06,1.0533197731257587e-13
2018-09-12,2.963000059127808,-0.0139999389648437,0.0289152341255588,22.777814865112305,22.65368461289399,0.01592991685599252,-0.0002724653729557322,0.0,0,stable,0.9999984056061272,1.5943938026141316e-06,1.4247052797665337e-14
2018-09-13,2.963000059127808,0.0,0.0287487552376351,22.808849334716797,22.771609544695824,0.001361559348272263,-0.0027247356085266265,0.0,0,stable,0.9999986087796643,1.3912210877981196e-06,7.905571865392563e-15
2018-09-14,2.99399995803833,0.0309998989105224,0.0272963503157043,22.908153533935547,22.746785842446226,0.004344307332864206,-0.004616367525393368,0.0,0,stable,0.9999990095171045,9.904824141134211e-07,8.111954914695792e-15
2018-09-17,3.000999927520752,0.0069999694824218,0.0271525707062779,23.007457733154297,22.80264479881731,0.004325515932852532,-0.008125960537871197,0.0,0,stable,0.9999991974003516,8.025995683494848e-07,9.475527924141343e-15
2018-09-18,3.0480000972747803,0.0470001697540283,0.0285452993621196,22.746780395507812,22.821257591623368,-0.01139479833396761,0.0032689004109393437,1.0,0,stable,0.9999980438607087,1.956139426293137e-06,6.014613155857107e-15
2018-09-19,3.0829999446868896,0.0349998474121093,0.0257497238141019,22.920562744140625,22.821259020572874,0.0076108297764793985,-0.006792294397353612,0.0,0,stable,0.9999993790135814,6.209857680286863e-07,8.392875013724112e-15
2018-09-20,3.078000068664551,-0.0049998760223388,0.0259389452908035,22.8150577545166,22.765407062275624,-0.004613698278224309,0.01162957136011041,1.0,0,stable,0.999999463238199,5.367609189161124e-07,1.304787847280769e-15
2018-09-21,3.068000078201294,-0.0099999904632568,0.0253620414394563,22.932981491088867,23.081935928276533,0.005155368391582543,0.0029724182307515716,1.0,0,stable,0.9999995465460534,4.5345326590146875e-07,1.0173348586642783e-15
2018-09-24,3.078000068664551,0.0099999904632568,0.0251732097730125,23.001249313354492,23.001249313354492,0.0029724182307515716,0.01446591701785998,1.0,0,stable,0.9999995900362523,4.099642996098311e-07,1.0484663293279496e-15
2018-09-25,3.101999998092652,0.0239999294281005,0.0252414027086576,23.57845687866211,23.33640177653198,0.024784918585236522,0.009170686456363897,1.0,0,stable,0.9999995413128233,4.586863974539465e-07,4.01199648841486e-15
2018-09-26,3.061000108718872,-0.0409998893737793,0.0277547791126512,23.92601776123047,23.795682043347895,0.01463302507743559,-0.00912061962036798,0.0,0,stable,0.999998418564587,1.5814362910969356e-06,2.9530119645456614e-15
2018-09-27,3.055999994277954,-0.0050001144409179,0.027282984116356,23.981874465942383,23.708789786915478,0.0023318383433350307,0.007990888598633384,1.0,0,stable,0.9999991469761881,8.530243109045607e-07,6.1688587748472884e-15
2018-09-28,3.055999994277954,0.0,0.027282984116356,23.944639205932617,24.174278669646426,-0.0015538483669630691,-0.003635650914710462,0.0,0,stable,0.9999991634125625,8.36587541607538e-07,2.78767679339326e-15
2018-10-01,3.0799999237060547,0.0239999294281005,0.0264492072447444,23.863950729370117,23.857742914507796,-0.003375483497197472,0.0036344389242230733,1.0,0,stable,0.9999993111598641,6.888394217178087e-07,7.911695412354185e-15
2018-10-02,3.055999994277954,-0.0239999294281005,0.0272586097964239,23.832918167114258,23.95084060311124,-0.001301241249272627,0.002600820858702454,1.0,0,stable,0.9999987100190217,1.289981489023792e-06,2.7853653794140205e-13
2018-10-03,3.1610000133514404,0.1050000190734863,0.0333561369998659,23.981874465942383,23.89498399386963,0.0062305731134330794,0.008247480435908398,1.0,0,stable,0.9999265147497426,7.348524696664072e-05,4.17067450468392e-12
2018-10-04,3.197000026702881,0.0360000133514404,0.0336146720910313,24.20530891418457,24.18048238810279,0.00927367129038244,-0.007722026379712773,0.0,0,stable,0.999987470854013,1.2529140649600527e-05,6.043773609912329e-12
2018-10-05,3.2249999046325684,0.0279998779296875,0.0326321972716071,24.20530891418457,24.019114703746872,0.0,-0.007721973087247604,0.0,0,stable,0.9999935727143662,6.427284903193534e-06,3.818618093706863e-13
2018-10-08,3.2330000400543213,0.0080001354217529,0.0308711362396086,23.72120475769043,24.01911598378474,-0.020202622086197587,-0.008935630925799755,0.0,0,stable,0.9999969854025004,3.014597734841286e-06,2.0432432000856957e-13
2018-10-09,3.2079999446868896,-0.0250000953674316,0.0317771860479152,23.398468017578125,23.51018502815045,-0.013698812749931198,-0.001327117267157832,0.0,0,stable,0.9999948621775839,5.137822019978894e-06,2.770380362571482e-13
2018-10-10,3.2249999046325684,0.0169999599456787,0.0311875144635811,23.603281021118164,23.367436102696548,0.008715177800690456,-0.022066802559777856,0.0,0,stable,0.9999900638670406,9.936115598745461e-06,1.6885113317494045e-11
2018-10-11,3.132999897003174,-0.0920000076293945,0.0382581992043002,22.746780395507812,23.088136775923765,-0.036962114381540394,-0.010973860579162439,0.0,0,stable,0.9995217424729148,0.00047825745744661395,7.014121349030845e-11
2018-10-12,3.1410000324249268,0.0080001354217529,0.038213364607894,22.34336280822754,22.498525049951343,-0.017894303423736393,-0.0027816061789605996,0.0,0,stable,0.9998711102758869,0.00012888930018062063,4.23447853916697e-10
2018-10-15,3.1630001068115234,0.0220000743865966,0.0379979905206617,22.41163444519043,22.281298731109146,0.003050908015145771,-2.1821399103776845e-07,0.0,0,stable,0.9999310796769951,6.892019280130365e-05,1.294776663194376e-10
2018-10-16,3.1559998989105225,-0.0070002079010009,0.0381398425710901,22.281293869018555,22.411629554658766,-0.0058327324080975134,0.008597981805090492,1.0,0,stable,0.9999416339331854,5.8366023075762624e-05,4.358819857175769e-11
2018-10-17,3.178999900817871,0.0230000019073486,0.0372423113738454,22.529552459716797,22.473693969311064,0.011080403564556265,-0.004417249352164628,0.0,0,stable,0.9999589711928492,4.102877800398894e-05,2.8962706430823885e-11
2018-10-18,3.174999952316284,-0.0039999485015869,0.0367048673459913,22.34336280822754,22.430253284778804,-0.008298579171604467,0.004434575759962097,1.0,0,stable,0.999969052393264,3.094758985413346e-05,1.7148899254792377e-11
2018-10-19,3.197999954223633,0.0230000019073486,0.0368553128960483,22.448871612548828,22.4426661647246,0.004711039796215019,-0.010282180500181095,0.0,0,stable,0.9999668912193109,3.3108764834924515e-05,1.6069405407293806e-11
2018-10-22,3.196000099182129,-0.0019998550415039,0.0367258789071794,22.206817626953125,22.219230889478737,-0.01084100863201752,-0.006167652395536047,0.0,0,stable,0.9999664457072674,3.355426412787247e-05,2.833040989515529e-11
2018-10-23,3.1659998893737797,-0.0300002098083496,0.0375414748905772,21.567548751831055,22.070275200967863,-0.029209529649420453,-0.010704479039064263,0.0,0,stable,0.9999322065639393,6.779336568358266e-05,6.95850808098325e-11
2018-10-24,3.124000072479248,-0.0419998168945312,0.0385492849304936,21.288257598876953,21.337910649190547,-0.013034178132929992,-0.013797258774915607,0.0,0,stable,0.9998787098413943,0.00012129001091102288,1.4683647896498477e-10
2018-10-25,3.135999917984009,0.0119998455047607,0.0373758911137662,20.853803634643555,20.99655497567401,-0.020619274136611937,0.005343005200234003,1.0,0,stable,0.9999074915222087,9.25079410891732e-05,5.365633872171163e-10
2018-10-26,3.07699990272522,-0.059000015258789,0.0397756215228934,20.642786026000977,20.965523810869968,-0.010170446742805966,0.007488258911983612,1.0,0,stable,0.9996567864305799,0.0003432129989946971,5.710568942945864e-10
2018-10-29,3.086999893188477,0.0099999904632568,0.0398228824738376,21.058618545532227,20.79794476179086,0.019943995041714957,-0.009475956282779242,0.0,0,stable,0.9997747475936698,0.00022525133286014983,1.0739287998880951e-09
2018-10-30,3.109999895095825,0.0230000019073486,0.0397951927944067,21.151716232299805,20.860010483619707,0.004411139509630115,0.023202964991776005,1.0,0,stable,0.9997901604861696,0.00020983856746290127,9.468920010808774e-10
2018-10-31,3.1589999198913574,0.0490000247955322,0.040642232051715,21.629615783691406,21.648236862859868,0.02234242875077309,-0.0017230316983230089,0.0,0,stable,0.9997545563893446,0.0002454434790011135,1.3100412024412645e-10
2018-11-01,3.1440000534057617,-0.0149998664855957,0.033709969162433,21.43100929260254,21.592379359055958,-0.009224571128050361,-0.005226583448744131,0.0,0,stable,0.9999789876116955,2.101226103591503e-05,1.278594664025706e-10
2018-11-02,3.21399998664856,0.0699999332427978,0.0362844526700734,21.213781356811523,21.31929054214989,-0.0101878710796559,-0.015924900489049272,0.0,0,stable,0.9999392846954591,6.071527628530671e-05,2.8996192144907945e-11
2018-11-05,3.200999975204468,-0.0130000114440917,0.0358486894283428,20.72967529296875,20.878629710922706,-0.023084771782520015,0.007457368185857041,1.0,0,stable,0.9999753805925328,2.46193933508553e-05,1.449837508987076e-11
2018-11-06,3.21399998664856,0.0130000114440917,0.035928962302485,21.08965492248535,20.884841962395924,0.017216369521761206,0.006745614879040284,1.0,0,stable,0.9999791924383522,2.08075562403229e-05,5.236654912618145e-12
2018-11-07,3.213000059127808,-0.0009999275207519,0.0355033813681716,21.133094787597656,21.23239851790967,0.0020576528405836032,0.009354189960015729,1.0,0,stable,0.9999824022036152,1.7597791715797845e-05,3.923671697437409e-12
2018-11-08,3.233999967575073,0.0209999084472656,0.0356083786642935,21.238609313964844,21.331705242431628,0.004980434311496756,-0.0014624083492501755,0.0,0,stable,0.9999819859662247,1.801403283551208e-05,1.131075820737267e-12
2018-11-09,3.188999891281128,-0.0450000762939453,0.0306387515889917,20.959314346313477,21.207572494161223,-0.013237572937021286,-0.0053444016272997386,0.0,0,stable,0.9999948733679493,5.126632357992904e-06,5.28651035496764e-13
2018-11-12,3.186000108718872,-0.0029997825622558,0.0306370387861703,21.226194381713867,20.84759814664251,0.012652856582570988,-0.015321516727763513,0.0,0,stable,0.9999971891632808,2.8108373960014543e-06,1.9265630759989062e-13
2018-11-13,3.1449999809265137,-0.0410001277923584,0.0316627306378104,20.723466873168945,20.90345562656745,-0.023969279486837036,-0.023944067606794028,0.0,0,stable,0.9999935628027566,6.4371967488298175e-06,1.650683111196085e-13
2018-11-14,3.119999885559082,-0.0250000953674316,0.0320782531805549,20.208332061767578,20.233156222117437,-0.025171725861772205,-3.807507814911575e-08,0.0,0,stable,0.9999943357903595,5.66420990677993e-06,2.0127311036390246e-13
2018-11-15,3.118000030517578,-0.0019998550415039,0.0315751567561885,20.51865577697754,20.20833129233377,0.015239512545571094,0.01202655754906987,1.0,0,stable,0.9999960298797897,3.970119061027835e-06,3.728703136410242e-13
2018-11-16,3.0739998817443848,-0.0440001487731933,0.0328262479783378,20.49382972717285,20.766914427686345,-0.0012106582925561088,-0.011268659419914919,0.0,0,stable,0.9999895086607568,1.0491339179743101e-05,2.887659476539029e-13
2018-11-19,3.056999921798706,-0.0169999599456787,0.0322879989621415,20.20212173461914,20.26418804674823,-0.014336216661198822,-0.007710084393975004,0.0,0,stable,0.9999943481594173,5.651839996107521e-06,3.920041802849083e-13
2018-11-20,3.0480000972747803,-0.0089998245239257,0.0322730243671569,20.05937385559082,20.046960592492038,-0.007091066791594568,-0.01747855334657354,0.0,0,stable,0.9999948535283338,5.146470581958672e-06,1.8146062125659338e-13
2018-11-21,3.061000108718872,0.0130000114440917,0.0321076311680295,19.637332916259766,19.711811313090198,-0.021264073323167026,0.006928993955682581,1.0,0,stable,0.9999953372152528,4.662784420770952e-06,1.1825477850977137e-13
2018-11-23,3.053999900817871,-0.0070002079010009,0.0309795748879281,19.922826766967773,19.773872371590546,0.007818292974735004,-0.014117717799352236,0.0,0,stable,0.9999968147945562,3.185205184717385e-06,9.29696325155633e-14
2018-11-26,3.072000026702881,0.0180001258850097,0.0311552378949641,19.469757080078125,19.643538019503875,-0.02300380538145672,0.004135606555080353,1.0,0,stable,0.9999966349261971,3.3650746701583664e-06,3.3183122112822896e-14
2018-11-27,3.055000066757202,-0.0169999599456787,0.0286295070551969,19.519411087036133,19.550443062824606,0.002547068128748468,0.007286672158813324,1.0,0,stable,0.9999985066035388,1.4933967526811511e-06,2.4458730081347963e-14
2018-11-28,3.0439999103546143,-0.0110001564025878,0.0285910622771367,19.575271606445312,19.66216209463663,0.002857706141905951,0.0003167419982320904,1.0,0,stable,0.9999986128505569,1.3871487589802342e-06,8.459313688836624e-15
2018-11-29,3.0350000858306885,-0.0089998245239257,0.0280367306980564,19.345626831054688,19.58147289914295,-0.011800726580155855,6.37354922362101e-09,1.0,0,stable,0.9999988732931323,1.1267071685624438e-06,3.6415039179064284e-15
2018-11-30,3.013000011444092,-0.0220000743865966,0.0255509057003835,19.277355194091797,19.345626954354994,-0.0035352893272132912,0.0076973887957081525,1.0,0,stable,0.999999457719388,5.422814548533633e-07,3.175605066312627e-15
2018-12-03,2.992000102996826,-0.0209999084472656,0.0256786218381495,19.960071563720703,19.42631304976219,0.034802755190780736,-0.004987679172645063,0.0,0,stable,0.9999994418232484,5.581772772624338e-07,1.4438023745573937e-15
2018-12-04,2.924000024795532,-0.0680000782012939,0.0223688190106694,19.69939613342285,19.860764991030234,-0.01314587408525658,-0.006320908282700606,0.0,0,stable,0.9999994720930346,5.279068997524693e-07,4.7083193498603835e-15
2018-12-06,2.875999927520752,-0.0480000972747802,0.0235767764865936,19.58147621154785,19.57527076305365,-0.0009503259507371607,-0.00031706094924038045,0.0,0,stable,0.9999995552590087,4.4474134415273587e-07,1.0443838336081686e-15
2018-12-07,2.8499999046325684,-0.0260000228881835,0.0227428185222801,19.258737564086914,19.575268674248527,-0.016619170922902993,-0.005817719761625611,0.0,0,stable,0.9999997781360681,2.218638379775139e-07,5.112855218073232e-16
2018-12-10,2.8559999465942383,0.0060000419616699,0.0230434902799631,19.302183151245117,19.147020909167253,0.002253348972766509,-0.0064517584007290065,0.0,0,stable,0.9999998000803516,1.9991908996569878e-07,2.673894630222093e-16
2018-12-11,2.878999948501587,0.0230000019073486,0.0232119209929785,19.178050994873047,19.178050994873047,-0.0064517584007290065,0.00805821188297229,1.0,0,stable,0.9999997695795438,2.3041977553339353e-07,4.303606494775488e-16
2018-12-12,2.9059998989105225,0.0269999504089355,0.0241529350196141,19.618715286254883,19.333216130428188,0.02271752443206794,-0.0034860905178739463,0.0,0,stable,0.9999996728784561,3.271206939488044e-07,4.913209957782646e-16
2018-12-13,2.9110000133514404,0.0050001144409179,0.0243883748694513,19.55044174194336,19.55044174194336,-0.0034860905178739463,0.010735784381975868,1.0,0,stable,0.9999996877359568,3.122638341130974e-07,4.363150535648959e-16
2018-12-14,2.8910000324249268,-0.0199999809265136,0.0236049243559673,19.339420318603516,19.76146177505318,-0.010852365280907801,0.004163481819128873,1.0,0,stable,0.9999997256782457,2.743225079866472e-07,5.995509761589418e-16
2018-12-17,2.8570001125335693,-0.0339999198913574,0.0239303905861171,19.327009201049805,19.420107496735607,-0.0006419583154752513,-0.010329192847230753,0.0,0,stable,0.9999996262032044,3.737974432648501e-07,6.697581660868276e-16
2018-12-18,2.825000047683716,-0.0320000648498535,0.0241650426048181,19.084959030151367,19.12840427593489,-0.012603018584798757,-0.010132729874875011,0.0,0,stable,0.9999996087736546,3.912267387988887e-07,1.258585631863407e-15
2018-12-19,2.7780001163482666,-0.0469999313354492,0.0243596278838162,18.737390518188477,18.892552742324998,-0.01837951900432778,-0.014681486127143761,0.0,0,stable,0.9999994348219622,5.651773661306258e-07,1.2590853512932017e-15
2018-12-20,2.7890000343322754,0.0109999179840087,0.0249517787231216,18.42706871032715,18.464307317993555,-0.01670031135531966,0.0063791714134141175,1.0,0,stable,0.9999996180941527,3.8190540319101743e-07,1.17015969680306e-15
2018-12-21,2.7920000553131104,0.0030000209808349,0.025178615122217,18.569820404052734,18.544993872787813,0.007716994891799697,-0.016512788081879066,0.0,0,stable,0.9999995923409108,4.0765843641414276e-07,1.3419556343917082e-15
2018-12-24,2.749000072479248,-0.0429999828338623,0.0253422421020565,18.50775146484375,18.265698753612273,-0.003348061594145292,0.02287516431839466,1.0,0,stable,0.9999992703690557,7.296301381833016e-07,1.1511122746401117e-14
2018-12-27,2.743000030517578,-0.053999900817871,0.0293024311497047,19.277355194091797,18.93599876036354,0.040741458614108855,-0.0022561326676989292,0.0,0,stable,0.9999962457893601,3.754209746675007e-06,3.081804963863281e-14
2018-12-28,2.736000061035156,-0.0069999694824218,0.0293608766009011,19.457345962524414,19.233911948581927,0.009293582165334803,0.007942871855419191,1.0,0,stable,0.999997241175319,2.7588197841093227e-06,4.102997816551546e-12
2018-12-31,2.686000108718872,-0.0499999523162841,0.030300936049111,19.4387264251709,19.612508570751874,-0.0009573994304705101,0.0012761517079234099,1.0,0,stable,0.9998637916872971,0.00013620809815644873,2.1377889453619463e-10
2019-01-02,2.6610000133514404,-0.0250000953674316,0.0302896176975994,18.923583984375,19.463549024430694,-0.02685830974364483,0.016588736838904303,1.0,0,stable,0.9931486448775156,0.006851330789441227,2.4333602906356528e-08
2019-01-03,2.553999900817871,-0.1070001125335693,0.0360156706820405,19.575271606445312,19.24012055120318,0.03385814291614964,0.013854060704216523,1.0,1,transitional,0.4242973747195323,0.5757016968504397,9.284291946085088e-07
2019-01-04,2.6589999198913574,0.1050000190734863,0.0454304840239837,19.80491065979004,19.8483559029375,0.011662803120801252,0.022925326642174365,1.0,1,transitional,0.03094828770445153,0.9690041310702403,4.7581226123572805e-05
2019-01-07,2.681999921798706,0.0230000019073486,0.0445394415800872,20.05937385559082,20.26418914533897,0.012766648395887042,0.003089294093009779,1.0,1,transitional,0.015055355899238931,0.984919642838013,2.500126267356145e-05
2019-01-08,2.7160000801086426,0.0340001583099365,0.044775527655588,20.12143898010254,20.12143898010254,0.003089294093009779,0.013480650255841768,1.0,1,transitional,0.006982139366531875,0.9929919546644522,2.590596857486134e-05
2019-01-09,2.7279999256134038,0.0119998455047607,0.0447633981460266,20.574514389038086,20.39452561876024,0.02226728173381814,0.01645501502322727,1.0,1,transitional,0.003698193718259973,0.9962791607166577,2.264556521757013e-05
2019-01-10,2.7309999465942383,0.0030000209808349,0.0447285981983979,20.7110538482666,20.915869128811,0.006614415780792723,0.006273636187256159,1.0,1,transitional,0.0021034574629901982,0.9978745187731553,2.2023763887257196e-05
2019-01-11,2.700999975204468,-0.0299999713897705,0.0445079960785063,20.642786026000977,20.841395896956524,-0.00330164669051623,0.001201732449595354,1.0,1,transitional,0.001321953102156874,0.9986546868389817,2.3360058522979973e-05
2019-01-14,2.7100000381469727,0.0090000629425048,0.0439605896384485,20.53106689453125,20.6676080435432,-0.005426716117900428,0.0006043438470667618,1.0,1,transitional,0.0012173751690178153,0.9987598465354317,2.2778294817819793e-05
2019-01-15,2.7109999656677246,0.0009999275207519,0.0439040063428478,20.76691246032715,20.543478468534108,0.011421775759943279,0.0041754107625887275,1.0,1,transitional,0.0010661032765776853,0.9989115030383257,2.239368434518774e-05
2019-01-16,2.7309999465942383,0.0199999809265136,0.0442927473437444,20.804153442382812,20.853804128082626,0.0017916784768102266,0.007134318561261058,1.0,1,transitional,0.0008291486105634209,0.9991470326424442,2.3818747089436957e-05
2019-01-17,2.749000072479248,0.0180001258850097,0.0441976126436266,20.940696716308594,20.953107611891483,0.006541825416034636,0.00029619297579085385,1.0,1,transitional,0.0006338112744141152,0.9993423289659805,2.385975935830097e-05
2019-01-18,2.7839999198913574,0.0349998474121093,0.0445785516261835,21.033790588378906,20.94690012224141,0.004435743266428276,0.001474394833582696,1.0,1,transitional,0.00037804763496668796,0.9995950274167975,2.6924948854847512e-05
2019-01-22,2.7300000190734863,-0.053999900817871,0.0449567983914651,20.89104461669922,21.064825573842093,-0.008284101171822711,-0.0026773162416769036,0.0,1,transitional,0.00017571236368351813,0.999795363403601,2.8924232209007142e-05
2019-01-23,2.755000114440918,0.0250000953674316,0.0452664049686373,20.611753463745117,20.835187490602213,-0.013459110322057629,-0.007859819548689358,0.0,1,transitional,0.00025916847706646006,0.9997161131379202,2.4718384583099043e-05
2019-01-24,2.711999893188477,-0.0430002212524414,0.0461363476541095,21.00896644592285,20.450383799897683,0.01908785062895436,0.004421517910505965,1.0,1,transitional,0.00037548947292300524,0.9995981821703221,2.6328356360477774e-05
2019-01-25,2.753000020980835,0.0410001277923584,0.046209990644529,21.27584457397461,21.102063631111193,0.01262305141414696,-0.007907360226036499,0.0,1,transitional,0.0016213091700762639,0.9983509420446695,2.7748784377585272e-05
2019-01-29,2.711999893188477,-0.0320000648498535,0.0439017618251767,21.06482696533203,21.108272207487634,-0.009967690549221031,0.0005889557424043772,1.0,1,transitional,0.007399421406874953,0.9925768456271546,2.373296593080426e-05
2019-01-30,2.694999933242798,-0.0169999599456787,0.0440187500303304,21.288257598876953,21.077236870219675,0.01055095318701082,0.010729542884327242,1.0,1,transitional,0.019152127432811496,0.9808260685230619,2.1804043870716565e-05
2019-01-31,2.634999990463257,-0.059999942779541,0.0446145690259228,21.300674438476562,21.517900651107947,0.0005831017288970087,-0.0020417879543405786,0.0,1,transitional,0.03944747831794511,0.9605274957705766,2.5025911051461643e-05
2019-02-01,2.690999984741211,0.0559999942779541,0.0460441042014368,21.027587890625,21.257227347955663,-0.012903451352298001,-0.005327211996253748,0.0,1,transitional,0.15202427423942588,0.8479695737183882,6.152042458756645e-06
2019-02-04,2.7239999771118164,0.0329999923706054,0.0391840729112011,21.164125442504883,20.91586731596603,0.006472267548565532,0.005848259800185666,1.0,0,stable,0.808107352228206,0.19189245611103178,1.916606768823519e-07
2019-02-05,2.70199990272522,-0.0220000743865966,0.0327528432570881,21.412391662597656,21.288261382340327,0.011662251908738307,0.0014481942987953197,1.0,0,stable,0.9947971869481848,0.005202803765029365,9.287066685246817e-09
2019-02-06,2.70199990272522,0.0,0.0323998261621576,21.300674438476562,21.44342343071835,-0.005231068105006063,0.015611877599229768,1.0,0,stable,0.9998850929817532,0.00011490638305608083,6.344325910786778e-10
2019-02-07,2.6519999504089355,-0.0499999523162841,0.0332888557526455,21.54893684387207,21.63582733637343,0.011587744949353622,-0.014213761439143414,0.0,0,stable,0.9999793464871902,2.0653492601308177e-05,2.034554610255682e-11
2019-02-08,2.631999969482422,-0.0199999809265136,0.0332980126728019,21.188953399658203,21.24481189623818,-0.016846501119672893,0.0017560225642129284,1.0,0,stable,0.9999910894763611,8.910521606235507e-06,2.07742371842816e-12
2019-02-11,2.6610000133514404,0.0290000438690185,0.0340680783367396,21.350324630737305,21.226194368361003,0.007586964923779357,2.0810138506817426e-08,1.0,0,stable,0.999989018366522,1.0981632754161979e-05,1.070466436049213e-12
2019-02-12,2.684000015258789,0.0230000019073486,0.0339567755270498,21.47445297241211,21.350325075040523,0.0057970500369730615,0.01006481875989804,1.0,0,stable,0.9999898480752191,1.01519230583044e-05,1.505252474623334e-12
2019-02-13,2.7079999446868896,0.0239999294281005,0.0343291559096587,21.635822296142578,21.691680795107697,0.007486385851149408,0.011125593344289666,1.0,0,stable,0.9999869806717343,1.3019322664392313e-05,4.952235778244135e-12
2019-02-14,2.657000064849853,-0.0509998798370361,0.0360770984552203,22.051658630371094,21.87787766470517,0.0190374397619777,0.010638238819273626,1.0,0,stable,0.9999556833097225,4.431668422994552e-05,6.522503709832274e-12
2019-02-15,2.6659998893737797,0.0089998245239257,0.0358118723789467,22.380599975585938,22.287501694427526,0.014806690689128215,0.02546357505041193,1.0,0,stable,0.9999786726949079,2.132729414745457e-05,1.0271323231545833e-11
2019-02-19,2.6470000743865967,-0.0189998149871826,0.0356318360324743,22.970218658447266,22.95780776181118,0.0032477299800671216,0.01181855040716999,1.0,0,stable,0.9999793925321381,2.0607465168681753e-05,3.072258918425931e-12
2019-02-20,2.6540000438690186,0.0069999694824218,0.0345740026738918,23.150205612182617,23.24330390272595,0.007805126267355325,-0.002147103704658665,0.0,0,stable,0.9999878671923648,1.2132805555667012e-05,2.1185001262577883e-12
2019-02-21,2.687999963760376,0.0339999198913574,0.0338141971889862,23.001249313354492,23.100553043631116,-0.006455129802634436,-0.006430334894465305,0.0,0,stable,0.9999891134913518,1.088650663907277e-05,1.9387952826219264e-12
2019-02-22,2.6549999713897705,-0.0329999923706054,0.0338672420942874,22.82168197631836,22.853818101325444,-0.007837484471595504,0.0005629919278217472,1.0,0,stable,0.9999874036450178,1.2596354066620359e-05,8.64793987810953e-13
2019-02-25,2.6730000972747803,0.0180001258850097,0.0330291925959191,22.988779067993164,22.834534016508318,0.007295182320201144,-0.007576830168723299,0.0,0,stable,0.999993043224646,6.956774856334887e-06,9.072425983170395e-13
2019-02-26,2.635999917984009,-0.0370001792907714,0.0323474292503941,22.94379234313965,22.815255203775887,-0.0019588164936472398,0.002797194330616059,1.0,0,stable,0.9999916918076884,8.308190675869732e-06,1.859600930666148e-12
2019-02-27,2.693000078201294,0.0570001602172851,0.0350878486411889,23.175159454345703,23.00806043226761,0.010033578093790194,0.010482840178957146,1.0,0,stable,0.9999739679811294,2.6032015504392394e-05,3.435903218008889e-12
2019-02-28,2.7109999656677246,0.0179998874664306,0.0346748779311571,23.297269821166992,23.419378766603966,0.00525518677424576,-0.004146705798599933,0.0,0,stable,0.9999859940706706,1.4005922299749477e-05,6.9455519373939496e-12
2019-03-01,2.755000114440918,0.0440001487731933,0.0357229447624482,22.91808319091797,23.200862920978402,-0.01640992071329137,0.0055929954207713005,1.0,0,stable,0.9999746520727364,2.5347923357165077e-05,3.709983331916496e-12
2019-03-04,2.7219998836517334,-0.0330002307891845,0.0337806154984175,22.86667251586914,23.046623051606225,-0.002245756075895914,-0.0022511017539247726,0.0,0,stable,0.9999872725757579,1.2727422718302809e-05,1.1507706439815717e-12
2019-03-05,2.7219998836517334,0.0,0.0316237777550526,22.94379234313965,22.815255203775887,0.0033669119211513767,0.00475043923328746,1.0,0,stable,0.9999959572096353,4.042789616056709e-06,4.2316575379185527e-13
2019-03-06,2.691999912261963,-0.0299999713897705,0.03147162585636,22.885948181152344,23.053044727398,-0.0025243081039275565,0.010892496985339685,1.0,0,stable,0.9999948570917156,5.14290768562361e-06,5.778120083087454e-13
2019-03-07,2.635999917984009,-0.0559999942779541,0.0333935580567965,22.988779067993164,23.1365959143601,0.004483124597574743,-0.00673200569384407,0.0,0,stable,0.9999822119570606,1.7788041436795926e-05,8.441955826541539e-13
2019-03-08,2.625,-0.0109999179840087,0.033428048436185,22.69314956665039,22.834538234013696,-0.012943132537105039,-0.015123910598993586,0.0,0,stable,0.9999917332803032,8.266718609140245e-06,6.758425404907633e-13
2019-03-11,2.6429998874664307,0.0179998874664306,0.0319774643971261,22.301109313964844,22.352522699223112,-0.017426675487741704,0.013453708851192613,1.0,0,stable,0.999995275395369,4.724604608350376e-06,5.655122348780067e-13
2019-03-12,2.6050000190734863,-0.0379998683929443,0.0327599590848516,22.46820640563965,22.603169303193688,0.007464839027755087,-0.006312692849962797,0.0,0,stable,0.9999910065766612,8.993423725862728e-06,2.408030274313991e-13
2019-03-13,2.611000061035156,0.0060000419616699,0.0320741041263602,22.178998947143555,22.32681825920903,-0.012955413505230001,0.008368219175390901,1.0,0,stable,0.9999953635268122,4.6364725764745934e-06,2.795223806568082e-13
2019-03-14,2.630000114440918,0.0190000534057617,0.0319273830833816,22.48748779296875,22.365376407521552,0.013813208668005608,0.008820581522631057,1.0,0,stable,0.9999954297377216,4.570262084863708e-06,2.5025553849635317e-13
2019-03-15,2.5929999351501465,-0.0370001792907714,0.0321630743941104,22.6802921295166,22.686717883194554,0.008537302826542381,0.0025469064736895132,1.0,0,stable,0.9999929426079522,7.0573910452803975e-06,1.2191985404248841e-13
2019-03-18,2.601999998092652,0.0090000629425048,0.0305409516221107,22.673860549926758,22.738130335351794,-0.000283615909591069,0.002265113020958945,1.0,0,stable,0.9999973224839244,2.677515417125405e-06,1.5361203416242493e-13
2019-03-19,2.614000082015991,0.0120000839233398,0.0306049723986072,22.783119201660156,22.72527761744442,0.004807132490143457,0.0014095455153359492,1.0,0,stable,0.9999966036869786,3.3963126993168284e-06,1.1162114613470312e-12
2019-03-20,2.5350000858306885,-0.0789999961853027,0.0347453024721212,22.738134384155273,22.815255688756075,-0.001976432044592089,0.003386054906638215,1.0,0,stable,0.9999335163157161,6.648368002126294e-05,4.8926666732270346e-12
2019-03-21,2.5369999408721924,0.0019998550415039,0.0346736179578527,22.84739112854004,22.81525745344111,0.004793493213492323,0.003930133227261409,1.0,0,stable,0.999974288804361,2.571106530041667e-05,1.302662972769049e-10
2019-03-22,2.4549999237060547,-0.0820000171661377,0.0372020636752131,23.008056640625,22.937361100753254,0.007007506299003442,-0.011800981388726933,0.0,0,stable,0.9997842237080368,0.0002157761728231661,1.183020147438939e-10
2019-03-25,2.4200000762939453,-0.0349998474121093,0.0372634488905758,22.358951568603516,22.738134796255967,-0.02861768483049955,-0.0002875751646780201,0.0,0,stable,0.9999174212526927,8.257861330721661e-05,1.3482690595101695e-10
2019-03-26,2.4140000343322754,-0.0060000419616699,0.0366869957253715,22.12758445739746,22.35252261387231,-0.010401762778875756,-0.003491449857225803,0.0,0,stable,0.9999633939975778,3.660595445413621e-05,4.8133093632729445e-11
2019-03-27,2.374000072479248,-0.0399999618530273,0.0367935277079673,22.095449447631836,22.05046181906039,-0.0014533157309260035,-0.0043726084756908635,0.0,0,stable,0.9999537120619866,4.6287930052707265e-05,7.877096253428745e-12
2019-03-28,2.388999938964844,0.0149998664855957,0.0338520630593455,22.391082763671875,21.999045619801265,0.013291108719364416,-1.1564722915218343e-07,0.0,0,stable,0.999989181046066,1.0818944015486469e-05,9.194652818858802e-12
2019-03-29,2.4140000343322754,0.0250000953674316,0.0342203094622486,22.24968910217285,22.391080174205346,-0.006334753115692449,0.000866411486249546,1.0,0,stable,0.9999798252427037,2.017472949326401e-05,2.726030901261791e-11
2019-04-01,2.496999979019165,0.0829999446868896,0.0383433686155681,22.352521896362305,22.268974841863216,0.0046111156417183155,0.006591117614040446,1.0,0,stable,0.9997778123615777,0.00022218747723172941,1.6194512596371157e-10
2019-04-02,2.4809999465942383,-0.0160000324249267,0.0380625940356049,22.45534896850586,22.500336594056744,0.004589695991608417,0.004568961932387378,1.0,0,stable,0.9998943254628239,0.00010567412445660442,4.1362215882173723e-10
2019-04-03,2.5169999599456787,0.0360000133514404,0.0393927618536253,22.397510528564453,22.558181342834335,-0.0025790316447531344,-0.0005740493432373075,0.0,0,stable,0.9998690119804976,0.0001309877764098466,2.431122765236085e-10
2019-04-04,2.51200008392334,-0.0049998760223388,0.0391274385773785,21.934778213500977,22.384656942004813,-0.020876392078229812,0.005842814955857854,1.0,0,stable,0.9999016684268931,9.833145400203566e-05,1.1973724602127024e-10
2019-04-05,2.500999927520752,-0.0110001564025878,0.0376026131100827,21.915494918823242,22.063314204035702,-0.0008795063083216728,0.008759400628222126,1.0,0,stable,0.9999442745004101,5.5725423660691394e-05,7.68355802447026e-11
2019-04-08,2.5190000534057617,0.0180001258850097,0.0379571775364624,22.21113395690918,22.10830473518635,0.013399775564209307,0.015219161328191812,1.0,0,stable,0.9999453723290856,5.462761912545093e-05,5.106763954673087e-11
2019-04-09,2.499000072479248,-0.0199999809265136,0.0377084677922212,22.81525421142578,22.55175419042992,0.02683566386596575,-0.0008452775782990572,0.0,0,stable,0.9999444307483616,5.556920670895922e-05,4.471060319258388e-11
2019-04-10,2.476999998092652,-0.0220000743865966,0.0372060609592234,22.59031867980957,22.79597713698485,-0.009907919111747524,0.0014212930150595356,1.0,0,stable,0.9999483361584067,5.166377306460999e-05,6.792054465234547e-11
2019-04-11,2.503999948501587,0.0269999504089355,0.0378244731421122,22.750986099243164,22.622448969826742,0.0070870519802437165,0.007037383543794999,1.0,0,stable,0.9999201614359099,7.98383721371652e-05,1.9280896895858438e-10
2019-04-12,2.559999942779541,0.0559999942779541,0.0398124791017177,22.982351303100586,22.91165820694291,0.010118097250159977,0.0011179931145999793,1.0,0,stable,0.9997835783209369,0.00021642126629732442,4.1349334976012746e-10
2019-04-15,2.552999973297119,-0.0069999694824218,0.0390754400465145,23.033767700195312,23.008059781888136,0.0022347133833077602,-0.0005582620309954696,0.0,0,stable,0.9998476143658869,0.00015238500758294073,6.264350935318847e-10
2019-04-16,2.5920000076293945,0.0390000343322753,0.0400307570979579,22.83453369140625,23.02091241090135,-0.008687274467891875,-0.0016900222293528202,0.0,0,stable,0.9998032002194314,0.0001967992727471156,5.076120661622398e-10
2019-04-17,2.5920000076293945,0.0,0.0399292764668486,22.686717987060547,22.795975413221928,-0.006494383103734093,0.00508623047960443,1.0,0,stable,0.9998590709107982,0.00014092893319601744,1.5573733373976737e-10
2019-04-18,2.559999942779541,-0.0320000648498535,0.0365124864581818,22.911659240722656,22.80240181147295,0.009866275602202202,0.015309749800953178,1.0,0,stable,0.999952895590332,4.7104395020290134e-05,1.436116176204408e-11
2019-04-23,2.569999933242798,-0.0199999809265136,0.0321210430926093,23.496496200561523,23.265129880660208,0.025205394042165707,0.01196327082484765,1.0,0,stable,0.9999935359473703,6.464048217407938e-06,4.528590951216476e-12
2019-04-24,2.5220000743865967,-0.0479998588562011,0.0330518976571705,23.618608474731445,23.779279280682,0.0051835838394689296,-0.006825891011714388,0.0,0,stable,0.9999873057118667,1.2694287972479134e-05,6.689935309523134e-13
2019-04-26,2.505000114440918,-0.0289998054504394,0.0323077265406475,23.271560668945312,23.457939406044982,-0.014802853106436845,-0.010549796531097175,0.0,0,stable,0.9999932379788676,6.762021140680851e-06,7.496371814368935e-13
2019-04-29,2.5360000133514404,0.0309998989105224,0.0327108327474874,23.072328567504883,23.02734093825798,-0.008598040954089604,-1.8386518476909993e-08,0.0,0,stable,0.9999931612435025,6.838756644682869e-06,6.165168064596983e-13
2019-04-30,2.509000062942505,-0.0269999504089355,0.0332439490826393,22.744558334350586,23.07232814328509,-0.014308079273411033,1.4549323195852158e-08,1.0,0,stable,0.9999912279202395,8.772079189150605e-06,7.019679307480548e-14
2019-05-01,2.510999917984009,0.0019998550415039,0.0279630475145376,22.81525421142578,22.744558665268517,0.0031034339197627374,-0.0008453326387616855,0.0,0,stable,0.9999989070080635,1.0929916332741253e-06,8.81058608363183e-14
2019-05-02,2.552000045776367,0.0410001277923584,0.0290111486584398,22.64815902709961,22.795975881827836,-0.0073507871418092285,-0.0065483052939804874,0.0,0,stable,0.9999979353691228,2.064630627401678e-06,1.6610434731997642e-14
2019-05-03,2.5309998989105225,-0.0210001468658447,0.0284681007221064,22.448923110961914,22.500336489219773,-0.008835924762534947,-0.0031541214182059024,0.0,0,stable,0.9999985269143444,1.4730859906852422e-06,2.5911371259918154e-14
2019-05-06,2.5,-0.0309998989105224,0.0292806473288136,22.326814651489258,22.378228030804266,-0.00545423786580286,0.007170705006286413,1.0,0,stable,0.9999977046126302,2.2953868818017525e-06,7.231777967590878e-14
2019-05-07,2.447999954223633,-0.0520000457763671,0.0313075254120667,22.42964744567871,22.4874890389264,0.004595223586630164,-0.005459194599742894,0.0,0,stable,0.9999926353592107,7.364640642569455e-06,1.739380451704971e-13
2019-05-08,2.4820001125335693,0.0340001583099365,0.0320185888851375,22.391082763671875,22.307533261295717,-0.001720841732987951,-0.0014360733746050357,0.0,0,stable,0.9999944856997143,5.5143000290113755e-06,4.4597327784264595e-13
2019-05-09,2.4570000171661377,-0.0250000953674316,0.0321791829152106,22.770267486572266,22.358950603478448,0.016792838636591426,0.003943726595742176,1.0,0,stable,0.9999941388549686,5.861144994999226e-06,1.952513365390288e-13
2019-05-10,2.4549999237060547,-0.002000093460083,0.0318519589735012,22.96307373046875,22.860244501807696,0.008431808438534567,-0.0008400425608693603,0.0,0,stable,0.9999955880345636,4.411965757153093e-06,4.61808522708962e-13
2019-05-13,2.4049999713897705,-0.0499999523162841,0.0328772546173885,23.065900802612305,22.94379187113191,0.004467935436026798,-0.005588217858438197,0.0,0,stable,0.999987765341113,1.2234659484026989e-05,1.6719904838631945e-13
2019-05-14,2.4189999103546143,0.0139999389648437,0.0301647772279168,22.924509048461914,22.937363006928777,-0.00614876884457833,0.001120878032459423,1.0,0,stable,0.9999975517014675,2.4482983032204524e-06,3.6854374436597244e-13
2019-05-15,2.378999948501587,-0.0399999618530273,0.0310276272894084,23.271560668945312,22.950219033246064,0.015025440557668152,0.004133980027126043,1.0,0,stable,0.9999950423875924,4.957613134701637e-06,5.991699905212927e-14
2019-05-16,2.4049999713897705,0.0260000228881835,0.0301544318396873,23.6314640045166,23.36796396330486,0.015347001694061129,0.006776004859982599,1.0,0,stable,0.9999974450634805,2.554936951497709e-06,8.696862451348201e-14
2019-05-17,2.3929998874664307,-0.0120000839233398,0.0300908824605712,23.907817840576172,23.79213465726619,0.01162646713754968,0.008298832276516923,1.0,0,stable,0.9999976171412723,2.3828589589336913e-06,3.873189762384119e-14
2019-05-20,2.4159998893737797,0.0230000019073486,0.0304241310153205,23.811416625976562,24.107050366151917,-0.004040355920158432,-0.014956301178155164,0.0,0,stable,0.999997303259077,2.6967408612884895e-06,3.150054581672685e-14
2019-05-21,2.4260001182556152,0.0100002288818359,0.0295120584183569,23.792131423950195,23.457935878876047,-0.0008102422559423792,0.004850639320639758,1.0,0,stable,0.9999981495819906,1.8504180376342703e-06,7.821080932900839e-14
2019-05-22,2.3929998874664307,-0.0330002307891845,0.0299141677466238,24.03635597229004,23.907818824252335,0.010212602751800704,-0.0026776063609235856,0.0,0,stable,0.9999954498847564,4.550112844141699e-06,1.9390915003194315e-12
2019-05-23,2.2960000038146973,-0.0969998836517334,0.0346855917760146,23.772851943969727,23.972082161029473,-0.011023261335959548,-0.024631728482753006,0.0,0,stable,0.9998574672787688,0.00014253270690538843,1.460141735496583e-11
2019-05-24,2.3239998817443848,0.0279998779296875,0.0353793680279999,22.94379234313965,23.19443841649587,-0.035496841208986475,0.004750370480351919,1.0,0,stable,0.9999689356123083,3.1064263991326154e-05,1.233949951600362e-10
2019-05-28,2.2679998874664307,-0.0559999942779541,0.0365747765804968,23.155872344970703,23.053043142433552,0.006683296346420632,-0.002222571968959977,0.0,0,stable,0.9999338615970341,6.613837461570393e-05,2.8237412153158978e-11
2019-05-29,2.236000061035156,-0.0319998264312744,0.0355009065257261,23.175159454345703,23.104463902823593,0.0008325785004173414,-1.6934663650886014e-07,0.0,0,stable,0.9999691762826247,3.082366948735394e-05,4.7127414737861905e-11
2019-05-30,2.226999998092652,-0.0090000629425048,0.0353957237054382,23.001630783081055,23.175155529710732,-0.0075158748468380785,-0.012087226596987442,0.0,0,stable,0.999951685890947,4.8313959116871166e-05,1.50031368014531e-10
2019-05-31,2.1419999599456787,-0.0850000381469726,0.038458520131285,22.763837814331055,22.725278391302023,-0.01039190096831974,-0.0263172641273101,0.0,0,stable,0.9995142402583909,0.000485759175351359,5.659993373406344e-10
2019-06-03,2.0810000896453857,-0.0609998703002929,0.0371087116487609,22.217557907104492,22.172570279480368,-0.02429034305885426,-0.002026971325029817,0.0,0,stable,0.9997348244911268,0.00026517325663977134,2.25208691476258e-09
2019-06-04,2.11899995803833,0.0379998683929443,0.0393858625081037,21.915494918823242,22.172569165162976,-0.013688955820055857,0.011951933046326918,1.0,0,stable,0.9998071287674686,0.0001928703736431359,8.597633664696472e-10
2019-06-05,2.122999906539917,0.0039999485015869,0.0396200223939694,21.979768753051758,22.178999001586863,0.0029285109502601224,-0.0011705674264131877,0.0,0,stable,0.9998551211796614,0.00014487844942415824,3.706887817170192e-10
2019-06-06,2.124000072479248,0.001000165939331,0.0390263478575804,21.889787673950195,21.954055004483724,-0.004102216325622532,0.017462741098818436,1.0,0,stable,0.9998841482712898,0.00011585140148665874,3.280513291244754e-10
2019-06-07,2.0840001106262207,-0.0399999618530273,0.0376569439331197,22.26254653930664,22.275400498013816,0.016885527288164313,0.004608401595338581,1.0,0,stable,0.9998585228593857,0.00014147650073478133,6.390545775384298e-10
2019-06-11,2.140000104904175,-0.0029997825622558,0.0412552595891211,22.59031867980957,22.3653780567701,0.014615698405625918,-0.004276699206366624,0.0,0,stable,0.9996994894122819,0.0003005098731009002,7.147695976572418e-10
2019-06-12,2.127000093460083,-0.0130000114440917,0.0404683464333884,22.519620895385742,22.493912977874103,-0.0031344684995265023,-0.007735427285080336,0.0,0,stable,0.9996831901042503,0.00031680845918454864,1.4365507414465372e-09
2019-06-13,2.0910000801086426,-0.0360000133514404,0.0402559864239576,22.089019775390625,22.346094022987675,-0.019306326685549956,0.01902077168765299,1.0,0,stable,0.9996667973133916,0.0003332014996534693,1.1871291785456118e-09
2019-06-14,2.0929999351501465,0.0019998550415039,0.0400267945661413,22.51319122314453,22.51319122314453,0.01902077168765299,0.00427307066045531,1.0,0,stable,0.9997897725262999,0.00021022679152356334,6.830550443873483e-10
2019-06-17,2.0859999656677246,-0.0069999694824218,0.0390289443563894,22.46820640563965,22.60959750877746,-0.0020001527241707987,-0.00028620375682836887,0.0,0,stable,0.9998663406569575,0.00013365890168594017,4.4172845290565466e-10
2019-06-18,2.059999942779541,-0.0260000228881835,0.0390912422346053,22.5517520904541,22.46177684068387,0.003711499677493759,0.018634172151690033,1.0,0,stable,0.9998626589811003,0.00013734070943293604,3.0877390740075564e-10
2019-06-19,2.0290000438690186,-0.0309998989105224,0.0381726822493679,23.072328567504883,22.97592510389471,0.022821241009496472,1.3338162928344565e-07,1.0,0,stable,0.999874104767647,0.00012589475351004362,4.782737704334463e-10
2019-06-20,2.000999927520752,-0.0280001163482666,0.0376548327524129,23.297269821166992,23.072331644929864,0.009702176684490154,0.020208174735491354,1.0,0,stable,0.999805117560736,0.0001948812533243064,1.1863324499749393e-09
2019-06-21,2.068000078201294,0.0670001506805419,0.0420292610847889,23.8499755859375,23.772854283088694,0.02344701503449599,0.006981779415901786,1.0,0,stable,0.9992806765790538,0.000719321600806751,1.8207704540350464e-09
2019-06-24,2.0209999084472656,-0.0470001697540283,0.0384433201624683,23.882110595703125,24.017073496159693,0.0013464743400648598,-0.0016160413786650183,0.0,0,stable,0.999668161929171,0.0003318363677340564,1.7035514547217786e-09
2019-06-25,1.99399995803833,-0.0269999504089355,0.0373619208193937,23.760000228881836,23.843547285116045,-0.005126163895953788,-0.002708670485785589,0.0,0,stable,0.9998640906393617,0.00013590823825345913,1.1229249546431313e-09
2019-06-26,2.049000024795532,0.0550000667572021,0.039184900242184,23.82426643371582,23.695729301197815,0.0027011551681483652,-0.0013497457077094868,0.0,0,stable,0.9997714725207217,0.00022852638442210447,1.0945975010501062e-09
2019-06-27,2.005000114440918,-0.0439999103546142,0.039600496722183,23.875680923461914,23.792131424281777,0.0021557470188555763,-0.005127699707040169,0.0,0,stable,0.9997398211063298,0.00026017815516622656,7.387353516013975e-10
2019-06-28,2.0,-0.0050001144409179,0.0396202118784544,23.367958068847656,23.75356695084098,-0.02149463561413724,0.01012460470511931,1.0,0,stable,0.9998481333082716,0.00015186639327123848,2.9822118381749314e-10
2019-07-01,2.0339999198913574,0.0339999198913574,0.0368948131406131,23.496496200561523,23.605751156269594,0.005485541485093405,0.006815019251552728,1.0,0,stable,0.9999299613890816,7.003818465182479e-05,4.2694615596856356e-10
2019-07-02,1.9759999513626096,-0.0579999685287475,0.0366728677000351,23.612184524536133,23.65717215750675,0.004911560025046655,-0.006553918483804162,0.0,0,stable,0.9998483607329219,0.00015163856469564986,7.029557225942572e-10
2019-07-03,1.9529999494552608,-0.0230000019073486,0.035493524316195,23.046621322631836,23.45793820296912,-0.024243693874862735,0.003062853282384171,1.0,0,stable,0.9996439903644988,0.00035600567024098446,3.965706264760871e-09
2019-07-05,2.0480000972747803,0.095000147819519,0.0419816440226079,23.265134811401367,23.117317953834696,0.011670250131237412,0.004135003600057107,1.0,0,stable,0.9962178127642084,0.0037821691062075924,1.8129676494434718e-08
2019-07-08,2.0339999198913574,-0.0140001773834228,0.0420275585292174,23.188013076782227,23.361535398633176,-0.003320412457784453,0.0005540771264461393,1.0,0,stable,0.9967897624336628,0.0032101970891290636,4.0478043673074374e-08
2019-07-09,2.053999900817871,0.0199999809265136,0.0415145598908702,23.188013076782227,23.200864584470246,0.0,0.007180364881593665,1.0,0,stable,0.9973874610961798,0.00261249834634392,4.055774207409758e-08
2019-07-10,2.061000108718872,0.0070002079010009,0.0392172614393909,23.149452209472656,23.355110664448674,-0.001664349828920657,0.0036025414417828914,1.0,0,stable,0.9976365178405917,0.002363429957566586,5.220231940903744e-08
2019-07-11,2.119999885559082,0.0589997768402099,0.0415529707598332,23.162303924560547,23.23299947128991,0.0005550087705848528,-0.003335147835913508,0.0,0,stable,0.9958733894904641,0.004126534083640095,7.642665527522579e-08
2019-07-12,2.1059999465942383,-0.0139999389648437,0.0415680365881895,23.02734375,23.085182893258217,-0.005843757873185446,-0.0008377103253190274,0.0,0,stable,0.994862820485205,0.005137099760856011,7.975312555557032e-08
2019-07-15,2.0920000076293945,-0.0139999389648437,0.0409139238690475,23.02734375,23.008061583938375,0.0,-0.00643994232069177,0.0,0,stable,0.9932377966418382,0.006762090316155118,1.1304174771752902e-07
2019-07-16,2.121999979019165,0.0299999713897705,0.041433671127707,22.53247833251953,22.87952546593312,-0.021724618654082914,-0.006008094180507976,0.0,0,stable,0.9896618918867331,0.010337927369381267,1.8074471913649373e-07
2019-07-17,2.061000108718872,-0.0609998703002929,0.0435988834962102,22.461776733398438,22.39750694698262,-0.0031426970935792696,-0.020231858641798005,0.0,0,stable,0.9841051143341473,0.01589462852944387,2.5713730751609925e-07
2019-07-18,2.0380001068115234,-0.0230000019073486,0.0435183674031301,21.851228713989258,22.011899513356823,-0.02755789873387079,-0.005899660838041489,0.0,0,stable,0.9852136961319652,0.01478608579292153,2.1807523108865438e-07
2019-07-19,2.0480000972747803,0.0099999904632568,0.043024312201366,21.59415626525879,21.722693405860507,-0.011834419198746471,-5.1516752858354255e-08,0.0,0,stable,0.9887306057805403,0.01126924911366057,1.4510533918134556e-07
2019-07-22,2.0429999828338623,-0.0050001144409179,0.0425417523078769,21.626291275024414,21.594155152798006,0.0014870283634720537,0.00917031411203428,1.0,0,stable,0.9929178502782647,0.0070820888222438184,6.089899931480955e-08
2019-07-23,2.0739998817443848,0.0309998989105224,0.0404662040334523,21.8190975189209,21.825523272901933,0.008875856105027434,0.009381440303688255,1.0,0,stable,0.9970135559094099,0.0029864153697654935,2.872038826282251e-08
2019-07-24,2.049999952316284,-0.0239999294281005,0.0394201220612211,21.960485458374023,22.024755254308506,0.00645910360019075,0.008160945677906957,1.0,0,stable,0.9989169275185105,0.001083063164561693,9.317776026280116e-09
2019-07-25,2.0739998817443848,0.0239999294281005,0.0391543140494346,22.095449447631836,22.140437076203277,0.006126957094583539,-0.0008728534829869827,0.0,0,stable,0.9995412284235996,0.0004587659081489323,5.668411703523541e-09
2019-07-26,2.0810000896453857,0.0070002079010009,0.0373772664610929,22.069746017456055,22.076171772140334,-0.0011639678170591375,0.006096595718210416,1.0,0,stable,0.9995922083598695,0.0004077842558623246,7.383749961421129e-09
2019-07-29,2.055000066757202,-0.0260000228881835,0.036476653321995,22.223989486694336,22.2047073207547,0.006964600793121921,0.004904092857306123,1.0,0,stable,0.998265095472474,0.0017348888619087258,1.5665675394226976e-08
2019-07-30,2.061000108718872,0.0060000419616699,0.0364443276757619,22.281829833984375,22.333245677079642,0.002599227729628675,-0.0002885474854206196,0.0,0,stable,0.9861248828357003,0.013875037663434075,7.950114391919251e-08
2019-07-31,2.0209999084472656,-0.0400002002716064,0.0368625455838955,22.301109313964844,22.275401395514688,0.0008648815690808597,-0.0002881260435342571,0.0,0,stable,0.8467823023130858,0.15321698149665003,7.161911546643602e-07
2019-08-01,1.8940000534057615,-0.1269998550415039,0.0445139136246504,22.23684310913086,22.294684709164212,-0.002885909474542119,-0.017493425122394744,0.0,1,transitional,0.008705050097551077,0.9912775544652295,1.739543759667751e-05
2019-08-02,1.8550000190734863,-0.0390000343322753,0.0449914601394289,21.72911834716797,21.851227263993398,-0.023097292400867702,0.0011823336423103573,1.0,1,transitional,0.0019498016962529005,0.9980215720443564,2.862625872851103e-05
2019-08-05,1.7350000143051147,-0.1200000047683715,0.0456353714252013,21.42705726623535,21.754824608501774,-0.013998738738939847,-0.035723506305223376,0.0,1,transitional,2.376874026341232e-05,0.9998770490431577,9.91822163804144e-05
2019-08-06,1.7389999628067017,0.0039999485015869,0.0458218745031867,21.14427947998047,20.67511855948062,-0.013285086487451874,2.1286081337493917e-08,1.0,1,transitional,9.807137681963228e-05,0.9998755749182293,2.6353705456067433e-05
2019-08-07,1.684000015258789,-0.0549999475479126,0.0459580686495258,21.054302215576172,21.144279930059326,-0.004264475114924792,-0.010432849636464965,0.0,1,transitional,5.227909005057523e-05,0.9999180557913235,2.9665118973265228e-05
2019-08-08,1.715999960899353,0.0319999456405639,0.0469409504999715,21.324228286743164,20.835787692941754,0.012738984495057212,0.00210767272061448,1.0,1,transitional,8.032867148216591e-05,0.9998934199004859,2.6251427165289543e-05
2019-08-09,1.7339999675750732,0.0180000066757202,0.044432477224294,21.31780433654785,21.3692201784271,-0.0003012966244202768,0.0015061121700579753,1.0,1,transitional,0.00016336790466346402,0.9998108754827546,2.5756612767880364e-05
2019-08-12,1.6390000581741333,-0.0949999094009399,0.0474466775608984,21.34993553161621,21.34993553161621,0.0015061121700579753,-0.006644463082804946,0.0,1,transitional,6.283462445257305e-06,0.9999326395196412,6.107701846116146e-05
2019-08-13,1.6799999475479126,0.0409998893737793,0.049401858470108,21.234254837036133,21.20854691904321,-0.005433048186842833,0.014423337104427211,1.0,1,transitional,1.5188568669435659e-05,0.9999464407493016,3.8370682645088325e-05
2019-08-14,1.5809999704360962,-0.0989999771118164,0.0509203930900344,21.484901428222656,21.542743019285297,0.011734757394917911,-0.02667645790868153,0.0,1,transitional,7.649759115073213e-07,0.9999071294568269,9.210556664854274e-05
2019-08-15,1.5290000438690186,-0.0519999265670776,0.0506461208458086,20.038862228393555,20.91933751961823,-0.06967692970707992,-0.0019259684916262294,0.0,1,transitional,5.1511269013676646e-06,0.9999507019166377,4.414695591293658e-05
2019-08-16,1.5390000343322754,0.0099999904632568,0.0512307200586088,20.05814552307129,20.000305152908375,0.000961832178793647,0.0202987968170061,1.0,1,transitional,9.324979794612393e-06,0.9999571956171164,3.3479402638907054e-05
2019-08-19,1.5980000495910645,0.059000015258789,0.0538920542751798,20.3923397064209,20.46946223759036,0.016523993990025274,0.0056569277956459085,1.0,1,transitional,1.7624859981432327e-06,0.999936213384812,6.202412843897605e-05
2019-08-20,1.5609999895095823,-0.0370000600814819,0.0538567012800795,20.75224494934082,20.50802460177352,0.017495105410775494,-0.004345314888793149,0.0,1,transitional,1.9374595862934552e-06,0.9999439852863404,5.40772548552164e-05
2019-08-21,1.5770000219345093,0.0160000324249267,0.0532008521433174,20.68154525756836,20.662265546386994,-0.003412661986025708,0.009587319670170956,1.0,1,transitional,4.056309144425644e-06,0.999952635669024,4.3308021860452406e-05
2019-08-22,1.6100000143051147,0.0329999923706054,0.054618173685897,20.80365562438965,20.880779377749256,0.005886953269215414,-0.01650877095871855,0.0,1,transitional,1.993527864113296e-06,0.9999346380707349,6.336840064628456e-05
2019-08-23,1.527999997138977,-0.0820000171661377,0.0551515888983664,20.707252502441406,20.463032211611512,-0.004644721091903429,-0.016469654659494806,0.0,1,transitional,2.648112344958975e-07,0.9998672623725339,0.00013247281653608721
2019-08-26,1.5449999570846558,0.0169999599456787,0.0554928717114167,20.277517318725586,20.36900426636942,-0.02097125029768376,-0.002581532629083928,0.0,1,transitional,1.5380722967727257e-06,0.9999234888677248,7.497306069167501e-05
2019-08-27,1.4900000095367432,-0.0549999475479126,0.0558649014910785,20.23177146911621,20.2252377558631,-0.002258537260168655,0.004511777257498468,1.0,1,transitional,5.171279856561412e-07,0.9998991561052324,0.0001003267659941864
2019-08-28,1.465999960899353,-0.0240000486373901,0.0553627122026351,20.545442581176758,20.32325894587374,0.015384930353973328,0.0019066251875144847,1.0,1,transitional,1.280236763008412e-06,0.9999224212086659,7.629855445324388e-05
2019-08-29,1.5160000324249268,0.0500000715255737,0.0578424105794747,20.663070678710938,20.584652406833232,0.005708937678473351,0.016000227061423587,1.0,1,transitional,4.012858230285181e-07,0.9998864003492332,0.0001131983651338631
2019-08-30,1.50600004196167,-0.0099999904632568,0.0528494111557818,20.9963436126709,20.9963436126709,0.016000227061423587,-0.013473292075737971,0.0,1,transitional,4.376197559944173e-06,0.9999509617246711,4.466207731136017e-05
2019-09-03,1.465999960899353,-0.0400000810623168,0.0528692761748276,20.610794067382812,20.71535094151404,-0.00820950646473325,-0.010838637946369885,0.0,1,transitional,3.156205977530533e-06,0.9999514199039184,4.5423890208519525e-05
2019-09-04,1.4589999914169312,-0.0069999694824218,0.0475029160053696,20.38207244873047,20.388607408207335,-0.011159209472562862,0.0073471319194013535,1.0,1,transitional,3.924934066203633e-05,0.9999301480116161,3.060264799499524e-05
2019-09-05,1.565000057220459,0.1060000658035278,0.0541000329919113,20.689208984375,20.532373689214005,0.014956546297016057,0.0009470940224289596,1.0,1,transitional,3.62073765829899e-07,0.9998546927206751,0.00014494520504113595
2019-09-06,1.5499999523162842,-0.0150001049041748,0.0530673838672167,20.813369750976562,20.708812892439585,0.0059832974622836665,0.0015685814316727814,1.0,1,transitional,3.768536271354776e-06,0.9999395981938486,5.663326980100804e-05
2019-09-09,1.621999979019165,0.0720000267028808,0.0551893280508989,20.73495101928711,20.846042834795583,-0.003774825232564411,0.006909873175276503,1.0,1,transitional,7.107026237772288e-07,0.9998829432274764,0.0001163460704299623
2019-09-10,1.7020000219345093,0.0800000429153442,0.0580367320081761,21.127046585083008,20.878723052334543,0.0187333168463,-1.9739982476289637e-07,0.0,1,transitional,1.6801866127551992e-07,0.999809431546649,0.00019040043503740602
2019-09-11,1.7330000400543213,0.031000018119812,0.0542813336136685,21.035552978515625,21.127042414608127,-0.004340043124883544,-0.009049917444519776,0.0,1,transitional,2.3140089082223486e-06,0.9999246453715808,7.304061885988592e-05
2019-09-12,1.7910000085830688,0.0579999685287475,0.0549755926797722,20.591184616088867,20.846041784418947,-0.021350952244052743,-0.004134065368016304,0.0,1,transitional,1.1134106928912517e-06,0.9998994976861458,9.93889029022666e-05
2019-09-13,1.902999997138977,0.1119999885559082,0.0542396066343357,20.486631393432617,20.50623502744314,-0.0050905066816668235,0.07642919716076589,1.0,1,transitional,2.2076183313512876e-07,0.9997932758205849,0.00020650341668527875
2019-09-16,1.840999960899353,-0.062000036239624,0.0549001906799329,21.36882972717285,22.11379768674817,0.042160759148334226,0.010646438826800336,1.0,1,transitional,6.20851399822432e-07,0.9998833320692317,0.00011604707879804342
2019-09-17,1.812000036239624,-0.028999924659729,0.055726134179269,21.800127029418945,21.597547017626574,0.01998249139996241,-0.01692907264056102,0.0,1,transitional,1.0148037567474635e-06,0.9999197520469084,7.923314995308217e-05
2019-09-18,1.7860000133514404,-0.0260000228881835,0.0553032517490481,21.251203536987305,21.434177428905727,-0.025502266014326248,9.769422082605224e-08,1.0,1,transitional,1.2834669045256825e-06,0.9999328066862531,6.590984663718959e-05
2019-09-19,1.77400004863739,-0.0119999647140502,0.0545282518456187,21.022485733032227,21.251205613107178,-0.01082091672891089,0.00341339318794534,1.0,1,transitional,2.131464999559246e-06,0.9999442231277377,5.364540795673045e-05
2019-09-20,1.7549999952316284,-0.0190000534057617,0.0548740714260394,21.100902557373047,21.094366351241717,0.0037232007257415357,0.006482443620328353,1.0,1,transitional,1.7012353716125725e-06,0.999936329819998,6.196894549534261e-05
2019-09-23,1.7079999446868896,-0.0470000505447387,0.0558545917184391,21.31654930114746,21.238132279952946,0.010167918733321278,-0.003685573429963988,0.0,1,transitional,6.478225207324305e-07,0.9998932163718297,0.00010613580619555191
2019-09-24,1.6349999904632568,-0.0729999542236328,0.0551868829965409,21.211990356445312,21.238130191884213,-0.004917128883996702,-0.00804209360276879,0.0,1,transitional,3.705676579713331e-07,0.9998154810182123,0.00018414841440465575
2019-09-25,1.7319999933242798,0.0970000028610229,0.0586991662210471,20.976736068725586,21.042085654972524,-0.011152587246102231,-0.003120047842252803,0.0,1,transitional,6.722992058150408e-08,0.9996249472046859,0.00037498556607271473
2019-09-26,1.684999942779541,-0.0470000505447387,0.0582882196063323,20.72841453552246,20.911389643613823,-0.011908575522416476,0.0018899350360649901,1.0,1,transitional,2.2689504628185178e-07,0.9997611270811942,0.00023864602416998382
2019-09-27,1.6749999523162842,-0.0099999904632568,0.0579676607988983,20.93099594116211,20.767626935167446,0.00972567783110314,-0.0012495852141797348,0.0,1,transitional,5.020417791837056e-07,0.999858657343718,0.00014084061370473925
2019-09-30,1.6749999523162842,0.0,0.0572630676508778,21.15971565246582,20.90485721280144,0.010868049215557332,-0.0071284550424370804,0.0,1,transitional,7.250047848295537e-07,0.9998886840118456,0.00011059098365788188
2019-10-01,1.6440000534057615,-0.0309998989105224,0.0577664136395432,21.042089462280273,21.009415909660838,-0.0055744769431714065,-0.009360388390770394,0.0,1,transitional,4.0839654893733206e-07,0.9998513904651616,0.00014820113881781213
2019-10-02,1.5959999561309814,-0.0480000972747802,0.058114227688421,20.74148941040039,20.84604628389425,-0.014388678336155444,-0.023590722914660654,0.0,1,transitional,2.3811612881756488e-07,0.9997817469803418,0.0002180149041671563
2019-10-03,1.5360000133514404,-0.059999942779541,0.059840910382766,20.107608795166016,20.257909112018577,-0.03103772318890919,0.0012991903080856375,1.0,1,transitional,7.91939462093424e-08,0.9996951970836968,0.00030472372246426015
2019-10-04,1.5149999856948853,-0.0210000276565551,0.0552209035848424,20.159889221191406,20.133749382753614,0.0025966577501184396,0.012882574750079943,1.0,1,transitional,1.421762479157788e-06,0.9999051955978291,9.338263894188518e-05
2019-10-07,1.5529999732971191,0.0379999876022338,0.0558231937224061,20.355932235717773,20.421280582866153,0.009677431554912371,0.007675057285726819,1.0,1,transitional,1.1358145565811843e-06,0.9999249425084364,7.39216777153846e-05
2019-10-08,1.5369999408721924,-0.0160000324249267,0.053410184885158,20.5062313079834,20.512766266940318,0.007356426436678387,-0.00831989443045015,0.0,1,transitional,3.3019809417516436e-06,0.9999509725216629,4.5725497450191045e-05
2019-10-09,1.5889999866485596,0.0520000457763671,0.0515232737763661,20.159889221191406,20.336329391398213,-0.01703385799159082,8.030262065955451e-08,1.0,1,transitional,5.268560292220001e-06,0.9999468265600105,4.7904879761752456e-05
2019-10-10,1.6579999923706057,0.0690000057220459,0.0534944599908428,20.1860294342041,20.15989084008341,0.0012958047575347968,0.0131855836642509,1.0,1,transitional,1.5667983349391288e-06,0.9999148223185652,8.361088378255329e-05
2019-10-11,1.7519999742507937,0.0939999818801879,0.0560805554639415,20.40167808532715,20.45395651986265,0.01062640358672176,0.013995082659164694,1.0,1,transitional,2.4210536436291037e-07,0.9998437270634098,0.0001560308312118878
2019-10-14,1.7330000400543213,-0.0189999341964721,0.0497060423909452,20.911392211914062,20.689208569949187,0.024676935825604956,-0.0094193069849702,0.0,1,transitional,1.5347578721651812e-05,0.9999495222317162,3.513018974024342e-05
2019-10-15,1.7710000276565552,0.0379999876022338,0.0490696772256295,20.7022762298584,20.715346147704313,-0.010050435356396615,0.009737984988850147,1.0,1,transitional,2.025278637072507e-05,0.9999495693120624,3.017790240368157e-05
2019-10-16,1.7480000257492063,-0.0230000019073486,0.0489300286753,20.852581024169922,20.904859460365,0.0072340736905485295,0.0028164430809628337,1.0,1,transitional,2.214058834319265e-05,0.9999518308101173,2.6028600827675402e-05
2019-10-17,1.756999969482422,0.0089999437332153,0.0487046978550879,20.989810943603516,20.911393914417527,0.006559396105897645,-0.004681109640493244,0.0,1,transitional,3.0342736773267326e-05,0.9999451538840539,2.450337997201181e-05
2019-10-18,1.746999979019165,-0.0099999904632568,0.0486848466130436,20.865646362304688,20.89178495145355,-0.0059330349500945085,-0.005968322009269626,0.0,1,transitional,3.0517621348098976e-05,0.9999448084187668,2.4673960194746236e-05
2019-10-21,1.7920000553131104,0.0450000762939453,0.0495165701601885,20.708810806274414,20.741484353869723,-0.007544839340995715,-0.0018949220072122933,0.0,1,transitional,4.4000646501589024e-05,0.9999237129355475,3.22864177494218e-05
2019-10-22,1.7680000066757202,-0.0240000486373901,0.0486305324637835,20.715351104736328,20.669606381329253,0.0003157721587853787,0.0015758959768029988,1.0,1,transitional,0.0005181084614197653,0.9994563939743524,2.5497563478223736e-05
2019-10-23,1.758999943733215,-0.0090000629425048,0.045546580866108,20.748022079467773,20.748022079467773,0.0015758959768029988,0.014694673325088949,1.0,1,transitional,0.006066925330183397,0.9939112770488219,2.1797620280954036e-05
2019-10-24,1.7660000324249268,0.0070000886917114,0.0405012119801268,21.23813247680664,21.055158594712758,0.023347347025450237,0.0024585516386466085,1.0,1,transitional,0.022123581160341008,0.9778486199022262,2.779893782171421e-05
2019-10-25,1.8009999990463257,0.0349999666213989,0.0395204007879207,21.277341842651367,21.290411761536454,0.0018444755745289996,0.0012277523851446908,1.0,1,transitional,0.027453360452465984,0.9725086224987878,3.801704880031686e-05
2019-10-28,1.8530000448226929,0.0520000457763671,0.0406037224732207,21.296947479248047,21.30348119288954,0.0009210083501019476,0.000306721999906616,1.0,1,transitional,0.02606347154520914,0.9738951008406497,4.1427614866129076e-05
2019-10-29,1.8350000381469729,-0.0180000066757202,0.0409798489260238,21.251203536987305,21.303480723464435,-0.0021502208106694925,-0.002771390265793478,0.0,1,transitional,0.021888415089716794,0.9780846482120462,2.6936697385009676e-05
2019-10-30,1.7979999780654907,-0.0370000600814819,0.0412823738247732,21.14011001586914,21.192389694068197,-0.005241346216221712,-0.0018563557233256052,0.0,1,transitional,0.012334238129153961,0.987635157661811,3.060420857653227e-05
2019-10-31,1.690999984741211,-0.1069999933242797,0.0468664309873819,21.042089462280273,21.10090285412817,-0.00464749260265287,0.0006207944187011076,1.0,1,transitional,0.00018141972833864495,0.9997426998378921,7.588043350974327e-05
2019-11-01,1.7280000448226929,0.0370000600814819,0.0449291616876495,21.211990356445312,21.05515632947573,0.008041912665029639,0.011943262160035594,1.0,1,transitional,0.00016670236841044057,0.9998022210141918,3.1076616997044166e-05
2019-11-04,1.7860000133514404,0.0579999685287475,0.045581698379815,21.381898880004883,21.466849614221317,0.00797811272140616,0.016368952433797348,1.0,1,transitional,7.86611817513106e-05,0.9998841479639162,3.719085347155891e-05
2019-11-05,1.866000056266785,0.0800000429153442,0.0476139846016754,21.643291473388672,21.734778420670565,0.01215082640124622,0.006020453687459327,1.0,1,transitional,1.557724320564051e-05,0.9999308283955033,5.359436196224541e-05
2019-11-06,1.8140000104904173,-0.0520000457763671,0.0493969956192869,21.61061668395996,21.773986935573106,-0.001510836686720249,-0.004242362820124894,0.0,1,transitional,8.773859160476853e-06,0.9999450645965845,4.616154498972394e-05
2019-11-07,1.9259999990463257,0.1119999885559082,0.0533324347486671,21.538734436035156,21.51913080258163,-0.0033317912114581055,0.02101534220491156,1.0,1,transitional,3.38705815395627e-07,0.9998468714367724,0.00015278985775787885
2019-11-08,1.932999968528748,0.0069999694824218,0.0519527809037808,21.976564407348633,21.99616803757226,0.02012371548842667,0.013878931630524715,1.0,1,transitional,7.5598927534400655e-06,0.9999515231211009,4.091698582931877e-05
2019-11-11,1.9429999589920044,0.0099999904632568,0.0485334069181475,22.296772003173828,22.283702083458824,0.014465283407047764,0.0061358964107084465,1.0,1,transitional,2.9452652231532352e-05,0.9999451543715164,2.5392975947201204e-05
2019-11-12,1.909000039100647,-0.0339999198913574,0.0490749281152615,22.303306579589844,22.434003274356655,0.00029302981835106285,-0.0008793972113588224,0.0,1,transitional,1.6767747142606122e-05,0.9999549867679377,2.8245484766931266e-05
2019-11-13,1.870000004768372,-0.0390000343322753,0.0496247461170641,22.087657928466797,22.28370173546573,-0.009715956836847244,0.0002958427306792624,1.0,1,transitional,1.127629720209404e-05,0.9999572091407238,3.151456149395084e-05
2019-11-14,1.815000057220459,-0.0549999475479126,0.0509908102752493,22.100727081298828,22.09419336818616,0.0005915198398950994,0.005308124807519248,1.0,1,transitional,4.281251148058884e-06,0.9999540245190284,4.1694229591420166e-05
2019-11-15,1.8339999914169312,0.0189999341964721,0.0510943645494249,22.21181869506836,22.21835240775397,0.005014013280575612,0.006451848657109007,1.0,1,transitional,9.7623558664214e-06,0.9999584372378278,3.18004058729302e-05
2019-11-18,1.807999968528748,-0.0260000228881835,0.0514265623165946,22.381729125976562,22.35558928200214,0.007620441137810319,-0.0017535980986396536,0.0,1,transitional,6.863690331575809e-06,0.9999597658479265,3.3370461422138604e-05
2019-11-19,1.7860000133514404,-0.0219999551773071,0.0507583951189102,22.499351501464844,22.34251496132824,0.0052415246306951645,-0.0043663207379210965,0.0,1,transitional,9.28325657749866e-06,0.9999593895760749,3.1327167999027524e-05
2019-11-20,1.7380000352859497,-0.0479999780654907,0.0515825291689043,22.21181869506836,22.401326276935112,-0.012861965768505557,0.0008823492917777197,1.0,1,transitional,3.981032330422896e-06,0.9999544712678511,4.154769939001512e-05
2019-11-21,1.7719999551773071,0.0339999198913574,0.0521176309691664,21.95696258544922,22.231425926504347,-0.011540229575565377,0.013303865550060759,1.0,1,transitional,5.658829059624966e-06,0.9999560047400602,3.833643178073445e-05
2019-11-22,1.77400004863739,0.002000093460083,0.0520984396554916,22.218353271484375,22.251026821846608,0.011834379977146205,0.0014694466982774369,1.0,1,transitional,6.655220575006786e-06,0.9999597877422212,3.3557037088742306e-05
2019-11-25,1.7640000581741333,-0.0099999904632568,0.0515256284775201,22.21181869506836,22.25102595684603,-0.0002941504015808339,0.010826740013166514,1.0,1,transitional,7.99539437984478e-06,0.9999605189559188,3.148564884831578e-05
2019-11-26,1.7400000095367432,-0.0240000486373901,0.0502130200460823,22.40132713317871,22.453606807989893,0.008495683253481257,-0.0023361404471747707,0.0,1,transitional,1.1664721240042736e-05,0.9999590478637477,2.9287415721445454e-05
2019-11-27,1.7669999599456787,0.0269999504089355,0.0506062257735541,22.381729125976562,22.349055567424895,-0.0008752421156708363,0.01247637369835274,1.0,1,transitional,1.2083029067707293e-05,0.999957306912682,3.0610058170971736e-05
2019-11-29,1.7760000228881836,0.0090000629425048,0.0500644294311431,22.55162811279297,22.66272117857131,-0.0014480085527911809,-0.004647066652535837,0.0,1,transitional,1.827009636382732e-05,0.9999526613155602,2.90685881920592e-05
2019-12-02,1.8359999656677248,0.059999942779541,0.0454432578936685,22.36212158203125,22.447072320855423,-0.008438736763122536,-0.00792143331165694,0.0,1,transitional,5.1151768890238376e-05,0.9998913635723679,5.7484659519495264e-05
2019-12-03,1.7089999914169312,-0.1269999742507934,0.0534068265362413,22.009241104125977,22.18568127987716,-0.015906111353640735,-0.015560032798019896,0.0,1,transitional,6.175825085651431e-08,0.9997059546355368,0.000293983606595357
2019-12-04,1.781000018119812,0.0720000267028808,0.0542594646159695,21.519126892089844,21.669427204529505,-0.02252025280786725,0.017161454742993448,1.0,1,transitional,1.066554541461547e-06,0.9998840138253607,0.0001149196206641645
2019-12-05,1.7970000505447388,0.0160000324249267,0.0512407359090296,21.93735694885254,21.891613478324405,0.019248817813186946,0.0011908268594054356,1.0,1,transitional,9.476463032773602e-06,0.9999532878369963,3.7235700227731266e-05
2019-12-06,1.8420000076293943,0.0449999570846557,0.0510012905250775,22.03537940979004,21.963496103246236,0.004458336297385272,0.01003256598664159,1.0,1,transitional,1.4649318673377737e-05,0.9999486354304107,3.671525086596275e-05
2019-12-09,1.8289999961853027,-0.0130000114440917,0.0442927314836848,22.447071075439453,22.257563482334074,0.01851082467918666,-0.0014564701559327629,0.0,1,transitional,0.00023679561437021487,0.9997403307219674,2.287366410824134e-05
2019-12-10,1.8329999446868896,0.0039999485015869,0.0442582072632855,22.264101028442383,22.41440138332096,-0.0081845793691356,0.004977213469549793,1.0,1,transitional,0.00028546269744974005,0.9996917839670952,2.2753335626036783e-05
2019-12-11,1.7899999618530271,-0.0429999828338623,0.0448810947821445,22.434003829956055,22.375190440496027,0.007602273981834691,0.001746368051130081,1.0,1,transitional,0.00012308015897140813,0.9998456595595282,3.126028165293895e-05
2019-12-12,1.8969999551773071,0.1069999933242797,0.0508365588926459,22.381729125976562,22.473216087054325,-0.0023328739368730076,0.007272671000140304,1.0,1,transitional,1.6519051824399129e-06,0.9998804418491266,0.00011790624657073001
2019-12-13,1.819000005722046,-0.0779999494552612,0.0529778745980615,22.630050659179688,22.545097420182998,0.01103373622079564,0.006906338037975151,1.0,1,transitional,7.807630915099767e-07,0.9999009643892257,9.825484685714998e-05
2019-12-16,1.8919999599456787,0.0729999542236328,0.0539808426866317,22.852231979370117,22.786882381921657,0.009770093964203959,0.0008574248519095503,1.0,1,transitional,1.1349148848483064e-06,0.9999135710794596,8.52940057862258e-05
2019-12-17,1.8890000581741333,-0.0029999017715454,0.0538817752610302,23.02213478088379,22.871834453614177,0.007407342722066384,0.007352951317078836,1.0,1,transitional,2.998536406241138e-06,0.9999486575991151,4.8343865137408315e-05
2019-12-18,1.924000024795532,0.0349999666213989,0.0539060275021581,23.087482452392578,23.19203930147447,0.002834450562842248,0.001696863474223736,1.0,1,transitional,2.632173147793788e-06,0.999947679089925,4.968873614082868e-05
2019-12-19,1.9079999923706052,-0.0160000324249267,0.0537685781365172,23.048274993896484,23.126692015307242,-0.0016996564099065745,-0.002839293954184461,0.0,1,transitional,2.869873184034629e-06,0.9999525680476602,4.4562078928759136e-05
2019-12-20,1.9170000553131104,0.0090000629425048,0.0523360308725948,22.773813247680664,22.98292698106155,-0.011979594954758031,8.92114533818908e-09,1.0,1,transitional,5.996008727539114e-06,0.9999585829819446,3.542100985675539e-05
2019-12-23,1.934999942779541,0.0179998874664306,0.0520623548778658,22.695396423339844,22.77381345084916,-0.003449230925858666,0.002013405128409685,1.0,1,transitional,6.58791447072009e-06,0.9999585939772803,3.4818108255237115e-05
2019-12-24,1.909999966621399,-0.024999976158142,0.0525429366251571,22.897974014282227,22.741137483079925,0.008886332467782554,0.0002853622688205611,1.0,1,transitional,4.251659194190758e-06,0.999956901666503,3.8846674921746014e-05
2019-12-27,1.8739999532699585,-0.031000018119812,0.0527024272008755,22.852231979370117,22.904509164496634,-0.001999643462167762,-0.001717297792462308,0.0,1,transitional,3.5827220899167556e-06,0.9999550845833325,4.133269445804215e-05
2019-12-30,1.8949999809265137,0.0210000276565551,0.0526012246367811,22.819555282592773,22.81302156945063,-0.0014309360028146414,-0.008628191943171206,0.0,1,transitional,5.163590568670284e-06,0.9999568975848667,3.7938823924193705e-05
2019-12-31,1.919000029563904,0.0240000486373901,0.0527442919204004,22.466676712036133,22.62351075070316,-0.015584679816058282,-0.005249377636308215,0.0,1,transitional,4.791437721115655e-06,0.9999560929589878,3.911560316206179e-05
2020-01-02,1.8819999694824217,-0.0370000600814819,0.0520966495997479,22.525489807128906,22.349049646296454,0.002614371929228372,0.006362139114517126,1.0,1,transitional,4.089549025841047e-06,0.9999534070061653,4.250344517162988e-05
2020-01-03,1.787999987602234,-0.0939999818801879,0.0483693046250079,22.72153663635254,22.669256955266757,0.008665676905626135,0.006592995390764053,1.0,1,transitional,4.677183649398044e-06,0.9999314175819756,6.390523350261096e-05
2020-01-06,1.8109999895095823,0.0230000019073486,0.0460386371578452,23.107088088989258,22.8718345349198,0.016826188931866458,0.003951403644135886,1.0,1,transitional,0.00019446710926198204,0.9997794049816016,2.6127909821660877e-05
2020-01-07,1.8270000219345093,0.0160000324249267,0.0460386371578452,23.283527374267578,23.198574151213826,0.007606716758484606,0.0002807648243878985,1.0,1,transitional,0.0005638323959984147,0.9994127380415939,2.3429561746871108e-05
2020-01-08,1.8739999532699585,0.0469999313354492,0.0461352440965522,23.616806030273438,23.290065487535106,0.014212447622794064,-0.01224964412422673,0.0,1,transitional,0.0017253784744996345,0.9982453365926586,2.92849326420648e-05
2020-01-09,1.8580000400543213,-0.0159999132156372,0.0461870792977949,23.26392364501953,23.329273243646306,-0.01505475928445618,0.0019642781609761897,1.0,1,transitional,0.007703964692088035,0.9922743008373199,2.1734470176931784e-05
2020-01-10,1.825000047683716,-0.0329999923706054,0.0467840389392023,23.433828353881836,23.309665372204492,0.007276815320748969,-0.005592682117543517,0.0,1,transitional,0.03182399137605515,0.9681569807471133,1.9027877047453342e-05
2020-01-13,1.8480000495910645,0.0230000019073486,0.0459879245743145,23.152835845947266,23.303136201582962,-0.012063362782707185,-0.0011297873022317595,0.0,1,transitional,0.19134400840793986,0.8086501996020947,5.7919903258788426e-06
2020-01-14,1.8179999589920044,-0.03000009059906,0.0397566293283035,23.303133010864258,23.126692836798533,0.006470543742867122,-0.0014032165699487307,0.0,0,stable,0.7462192236399012,0.2537799782816523,7.98078699780155e-07
2020-01-15,1.787999987602234,-0.0299999713897705,0.0365234350578893,23.394617080688477,23.270456599894054,0.003918141095969368,0.007236569898973261,1.0,0,stable,0.971923886097773,0.02807608392833167,2.997386589983421e-08
2020-01-16,1.809000015258789,0.0210000276565551,0.0327940152999967,23.525318145751953,23.564527906747873,0.005571252496412576,0.0008327826597249154,1.0,0,stable,0.9992921124497531,0.0007078847902995852,2.7599989896241645e-09
2020-01-17,1.8359999656677248,0.0269999504089355,0.033483750918532,23.237783432006836,23.544917782754425,-0.012297658955404153,0.008122141157488827,1.0,0,stable,0.9999631365709214,3.68629607003528e-05,4.681177380309157e-10
2020-01-21,1.7690000534057615,-0.0669999122619628,0.0351261563981108,23.211645126342773,23.427292557349812,-0.008410423589581722,-0.005080399976370928,0.0,0,stable,0.9999450158412532,5.498411935000175e-05,4.017479505410076e-11
2020-01-22,1.7690000534057615,0.0,0.0351033734946797,23.414226531982422,23.094019730018786,0.008689711235183785,-0.003634893816786579,0.0,0,stable,0.9999746478655206,2.5352041803328398e-05,9.280390672995217e-11
2020-01-23,1.7400000095367432,-0.0290000438690185,0.0352371444090736,23.035205841064453,23.329272797176408,-0.016320074714955113,-0.0017036587336376246,0.0,0,stable,0.9998445001188802,0.00015549941492029918,4.6561512054696374e-10
2020-01-24,1.680999994277954,-0.059000015258789,0.0363385480295704,23.126691818237305,22.995995121778304,0.003963706068835793,-0.025469924796665072,0.0,0,stable,0.9981402497008548,0.0018597431271958102,7.172039951295024e-09
2020-01-28,1.6410000324249268,0.0360000133514404,0.0403640517739906,22.577768325805664,22.545094773975045,-0.024021720702484532,0.006347559763630356,1.0,0,stable,0.9907287096975621,0.009271230822431498,5.948052354698807e-08
2020-01-29,1.593999981880188,-0.0470000505447387,0.0408770474581472,22.75421142578125,22.72153786974522,0.007784526154043173,0.0017215623309978592,1.0,0,stable,0.974869327710747,0.025130403330826934,2.689590462237644e-07
2020-01-30,1.5579999685287476,-0.0360000133514404,0.040372604901763,22.636581420898438,22.79341795760431,-0.005183001257965014,0.0005772848726774349,1.0,0,stable,0.9574696037383498,0.042529680603464445,7.156589731590081e-07
2020-01-31,1.5199999809265137,-0.0379999876022338,0.039556281058124,22.695396423339844,22.649652949556714,0.002594858562978981,-0.021243396475229846,0.0,0,stable,0.9271183213914427,0.07288032952966976,1.3490794724358901e-06
2020-02-03,1.5199999809265137,0.0,0.0395384589630981,22.022310256958008,22.218354058911377,-0.030106061093922665,-0.0044609730931813125,0.0,0,stable,0.8575652530628105,0.14243239353252254,2.35340429602292e-06
2020-02-04,1.6030000448226929,0.0830000638961792,0.0411881281086406,21.6825008392334,21.92428812305857,-0.015550519810619966,0.00090355078581253,1.0,1,transitional,0.606586735313925,0.39340372164154486,9.543045403624186e-06
2020-02-05,1.64900004863739,0.0460000038146972,0.0423652485701578,21.872007369995117,21.70210093341185,0.008702094659773901,0.02157614394806114,1.0,1,transitional,0.4815475798042667,0.5184394147430161,1.3005453417881855e-05
2020-02-06,1.6440000534057615,-0.0049999952316284,0.0420239718965165,22.45360565185547,22.34904880044883,0.026243592450818223,-0.012298812518334788,0.0,1,transitional,0.37302284469389174,0.6269642439318217,1.2911373583103462e-05
2020-02-07,1.5779999494552612,-0.0660001039505004,0.0417671088349498,22.120330810546875,22.17914420014764,-0.014954077581478247,-0.003847649443746767,0.0,1,transitional,0.2237112824704699,0.7762664001972464,2.23173323852808e-05
2020-02-10,1.5470000505447388,-0.0309998989105224,0.0419292577491234,21.93082618713379,22.035383061388135,-0.008603896259085217,0.003866129824961559,1.0,1,transitional,0.1560328079516613,0.8439466963045659,2.049574410579953e-05
2020-02-11,1.590000033378601,0.0429999828338623,0.0435300192420257,22.185684204101562,22.015777719354208,0.011553989646220123,-7.243556528257882e-08,0.0,1,transitional,0.08434490754642304,0.9156295565667429,2.553588645659012e-05
2020-02-12,1.6299999952316284,0.0399999618530273,0.0443480336892173,22.126869201660156,22.185682597069043,-0.0026545541819843446,0.012327672698579857,1.0,1,transitional,0.04224866938045784,0.9577254136230093,2.5916997133263207e-05
2020-02-13,1.6169999837875366,-0.0130000114440917,0.0441266069299731,22.048452377319336,22.40133026022534,-0.0035502585563119775,-0.003265647129812448,0.0,1,transitional,0.02342129356085436,0.9765571746141312,2.1531825916700826e-05
2020-02-14,1.5880000591278076,-0.028999924659729,0.044103992027797,21.45378303527832,21.976567351545103,-0.027341417355451064,0.014214555592487348,1.0,1,transitional,0.012602457170449855,0.9873746088566951,2.2933972775677693e-05
2020-02-18,1.555999994277954,-0.0320000648498535,0.0437852473227928,21.4864559173584,21.760916740024424,-0.013293212689714983,-0.0006085385219862904,0.0,1,transitional,0.007627256707943361,0.9923489580314844,2.378526091077443e-05
2020-02-19,1.5700000524520874,0.0140000581741333,0.0432947334897365,21.715171813964844,21.4733845588477,0.010588398885478191,0.007794008671865228,1.0,1,transitional,0.00525254088117252,0.994723453259422,2.4005860105907037e-05
2020-02-20,1.524999976158142,-0.0450000762939453,0.0421657321191969,21.72824478149414,21.885081329394772,0.0006018388491691369,0.002102984081875534,1.0,1,transitional,0.0028911068614764284,0.9970805615003316,2.833163735625701e-05
2020-02-21,1.4709999561309814,-0.0540000200271606,0.0430588354548247,21.69556999206543,21.773987015133248,-0.0015049251552825907,-0.020244002956368815,0.0,1,transitional,0.0009459180151320972,0.9990222201220852,3.186186251581752e-05
2020-02-24,1.3769999742507937,-0.0939999818801879,0.0463844313447396,20.831811904907227,21.26078059657838,-0.04062685503124523,-0.03203925262491958,0.0,1,transitional,3.701394585133255e-05,0.9999062928415922,5.669321302843173e-05
2020-02-25,1.3300000429153442,-0.0469999313354492,0.0459163935943694,20.376033782958984,20.174955011053946,-0.022121841189332626,-0.016918810558341317,0.0,1,transitional,9.587075589072679e-05,0.9998747111898366,2.941805463302796e-05
2020-02-26,1.309999942779541,-0.0200001001358032,0.0438822143276264,19.77279281616211,20.034195430736624,-0.030052503088488284,-0.02054862055680319,0.0,1,transitional,0.0003588359694867673,0.9996105601689845,3.0603862083730206e-05
2020-02-27,1.2990000247955322,-0.0109999179840087,0.0423747018565298,19.38404083251953,19.37063524161575,-0.019856802546877963,-0.044184656472206416,0.0,1,transitional,0.0004713755565281491,0.9993647603356698,0.0001638641085314724
2020-02-28,1.1269999742507937,-0.1720000505447387,0.0540702522203652,18.713775634765625,18.54620959264861,-0.03519017240155833,-0.015157240308121107,0.0,1,transitional,4.080712725386726e-09,0.9974276534343237,0.0025723424849168376
2020-03-02,1.0880000591278076,-0.0389999151229858,0.0541123752821985,18.988584518432617,18.432265289910596,0.014578066168734324,0.023374564865141615,1.0,1,transitional,1.620356037902747e-06,0.9983458431597089,0.0016525364833525325
2020-03-03,1.0099999904632568,-0.0780000686645507,0.0553788427870676,18.80091094970703,19.437662473128825,-0.009932660351895052,-0.022715684630223942,0.0,1,transitional,2.790209084157657e-07,0.9957486130905857,0.004251107889103446
2020-03-04,0.9919999837875366,-0.0180000066757202,0.0551228673981869,18.170867919921875,18.378649521694857,-0.034085675522347904,-1.9930578963828943e-07,0.0,1,transitional,1.3800175661607693e-06,0.985395104164829,0.0146035158167372
2020-03-05,0.9259999990463256,-0.0659999847412109,0.0498436719067305,18.304916381835938,18.170864298363057,0.007350030599972864,-0.017359726895702463,0.0,1,transitional,2.0946811381028105e-08,0.8981719368985384,0.10182804215434692
2020-03-06,0.7059999704360962,-0.2200000286102295,0.0614214297899072,17.681568145751953,17.989890327054297,-0.03464692920835297,-0.22333287907925128,0.0,2,hiking/crisis,8.768069360560935e-19,0.004688979689990287,0.9953110203103822
2020-03-09,0.4990000128746032,-0.2069999575614929,0.0700682718502808,14.437493324279785,14.142576680680335,-0.20269422340857352,-0.035439565514700504,0.0,2,hiking/crisis,2.7980049653779768e-30,1.7182641883669277e-06,0.999998281734973
2020-03-10,0.7480000257492065,0.2490000128746032,0.0962967438552451,14.745814323425293,13.934795149282184,0.021130741936785487,0.05526254624683758,1.0,2,hiking/crisis,5.0266689751686806e-46,1.8017177391134193e-14,1.0
2020-03-11,0.8199999928474426,0.071999967098236,0.099327982797434,14.07554817199707,15.583642618996757,-0.046520148063104845,-0.025073605360270562,0.0,2,hiking/crisis,2.0215736357808527e-48,1.3658439582737547e-13,1.0
2020-03-12,0.8489999771118164,0.0289999842643737,0.0988266910437472,12.795344352722168,13.727011230588293,-0.09535773744909971,-0.05049401326580651,0.0,2,hiking/crisis,2.4089987862350056e-48,2.2393160882546779e-13,1.0
2020-03-13,0.9509999752044678,0.1019999980926513,0.1020614235506984,14.055441856384277,12.165296742245847,0.09392825921059546,-0.04736057353883301,0.0,2,hiking/crisis,2.2805239014989916e-58,8.248426640023721e-15,1.0
2020-03-16,0.7279999852180481,-0.2229999899864196,0.1100478714461357,12.037945747375488,13.405285479978573,-0.1549458351946818,0.007764870297240493,1.0,2,hiking/crisis,1.7801003789623796e-81,3.940805088253757e-22,1.0
2020-03-17,0.996999979019165,0.2689999938011169,0.1293701243261076,12.667993545532227,12.131782679073924,0.051014812831798206,3.5133914493367424e-08,1.0,2,hiking/crisis,1.0483913604825042e-102,1.1296259267935554e-30,1.0
2020-03-18,1.2660000324249268,0.2690000534057617,0.1446888520540164,11.548652648925781,12.667993990608435,-0.09250984277608855,-0.020522660721116217,0.0,2,hiking/crisis,1.7388257995935008e-125,9.565809974666712e-41,1.0
2020-03-19,1.11899995803833,-0.1470000743865966,0.147382036440349,10.66390323638916,11.314059045074398,-0.07970426741230306,0.06626549594945547,1.0,2,hiking/crisis,4.571030305505791e-134,5.102558271952118e-44,1.0
2020-03-20,0.9380000233650208,-0.1809999346733093,0.1514006247958489,10.724226951599121,11.394491136074066,0.005640874133020704,-0.02531774414944171,0.0,2,hiking/crisis,1.2512533740724042e-140,4.534567062831453e-48,1.0
2020-03-23,0.7639999985694885,-0.1740000247955322,0.1546623264957455,10.23493480682373,10.456121945274079,-0.04669853364960508,-0.00459471965812843,0.0,2,hiking/crisis,8.024810652056656e-144,1.4965778255268062e-50,1.0
2020-03-24,0.8159999847412109,0.0519999861717224,0.1550955066177767,10.811361312866211,10.18801602254099,0.05479070514575437,0.04840628322165156,1.0,2,hiking/crisis,9.700890014883555e-137,2.6922292995939597e-47,1.0
2020-03-25,0.8579999804496765,0.0419999957084655,0.1557281732004447,11.615677833557129,11.347572425429707,0.07175816837596186,0.01318466365515522,1.0,2,hiking/crisis,1.8619395780131254e-137,7.255682918913822e-48,1.0
2020-03-26,0.8109999895095825,-0.0469999909400939,0.1558181392147946,12.064757347106934,11.76984069844012,0.037932863757653826,0.04667143652682523,1.0,2,hiking/crisis,5.5903709817561985e-139,7.461432835446643e-49,1.0
2020-03-27,0.7490000128746033,-0.0619999766349792,0.1560066144111388,11.287249565124512,12.641183596113251,-0.06661485516549145,0.0011869414850328238,1.0,2,hiking/crisis,1.1442051101829946e-139,3.0551752028907595e-49,1.0
2020-03-30,0.6700000166893005,-0.0789999961853027,0.1529506179638524,12.044647216796875,11.30065482394037,0.06494661529497374,0.014913438584878645,1.0,2,hiking/crisis,7.542622084475902e-137,5.060265622729982e-47,1.0
2020-03-31,0.6980000138282776,0.027999997138977,0.1532715183872012,12.205512046813965,12.225620435648354,0.013267309950479108,0.0366617935419255,1.0,2,hiking/crisis,8.639480772428238e-135,5.767267335582339e-46,1.0
2020-04-01,0.6349999904632568,-0.0630000233650207,0.1530154550136463,13.163990020751953,12.661291811872797,0.0755974161886929,-0.0020387302757787786,0.0,2,hiking/crisis,2.4308659944547107e-136,8.324192444108516e-47,1.0
2020-04-02,0.6269999742507935,-0.0080000162124633,0.1530305476205002,13.157286643981934,13.137179534707705,-0.000509350439215389,0.0726877998258025,1.0,2,hiking/crisis,5.959748285329481e-135,4.348170130329962e-46,1.0
2020-04-03,0.5870000123977661,-0.0399999618530273,0.1527223933929145,13.204204559326172,14.149276929519838,0.0035595835244951936,0.015113758943462197,1.0,2,hiking/crisis,2.564879956834146e-135,3.1482847957019562e-46,1.0
2020-04-06,0.6759999990463257,0.0889999866485595,0.1468729289194231,14.042037010192871,13.405285440402686,0.06152016817477501,0.02916457841037497,1.0,2,hiking/crisis,3.867544030476186e-128,8.78371060369533e-41,1.0
2020-04-07,0.7360000014305115,0.0600000023841857,0.1395622273175571,14.209600448608398,14.457597467442723,0.011862349823144998,-0.01090847677362274,0.0,2,hiking/crisis,1.5719247787145854e-119,1.5199042075927332e-35,1.0
2020-04-08,0.7639999985694885,0.027999997138977,0.1286463802245541,14.095654487609863,14.055437721129712,-0.008051266577899115,0.027206363212321637,1.0,2,hiking/crisis,1.6301703219175795e-106,1.7371276720260463e-28,1.0
2020-04-09,0.7289999723434448,-0.0350000262260437,0.127799977776803,14.638570785522461,14.484410320497679,0.03779332231291597,0.012739149239072075,1.0,2,hiking/crisis,9.743818875164272e-98,1.8837473359148727e-28,1.0
2020-04-14,0.7519999742507935,0.0029999613761901,0.1253653183050434,14.745814323425293,14.826246600424879,0.007299388003227589,-0.01973890934128903,0.0,2,hiking/crisis,3.1108003127241496e-92,1.2230612765910639e-26,1.0
2020-04-15,0.6380000114440918,-0.1139999628067016,0.1181305008290407,14.22300910949707,14.457601888717308,-0.03609825476677102,-0.010421704045266888,0.0,2,hiking/crisis,8.111158589090558e-78,6.4091070124342884e-24,1.0
2020-04-16,0.609000027179718,-0.0289999842643737,0.1001981189645139,14.021929740905762,14.075550835809832,-0.014238498925029602,0.0033403730062091792,1.0,2,hiking/crisis,2.363168660668371e-50,3.693884010900832e-14,1.0
2020-04-17,0.6539999842643738,0.0449999570846557,0.0773920399758495,14.129170417785645,14.068846532674478,0.007618970131899398,-0.011450523109548508,0.0,2,hiking/crisis,2.0368117262730647e-25,3.754560828882583e-05,0.9999624543916026
2020-04-20,0.6259999871253967,-0.027999997138977,0.0725352348317814,13.505824089050293,13.968306769484837,-0.04512047785539862,-0.029206493738482418,0.0,2,hiking/crisis,2.0439763661240645e-14,0.011340308131665047,0.9886596918687564
2020-04-21,0.5709999799728394,-0.0550000071525573,0.0635024516828702,13.331555366516113,13.117071013588603,-0.012987197372878548,-0.02185632485136997,0.0,2,hiking/crisis,2.087308606255983e-10,0.3996676754391761,0.6003323243515027
2020-04-22,0.6190000176429749,0.0480000376701355,0.053894246256359,13.137175559997559,13.043337724207683,-0.014687768863389357,0.02020284088965739,1.0,1,transitional,8.675521901089479e-07,0.932129843397025,0.06786928905156978
2020-04-23,0.6129999756813049,-0.0060000419616699,0.0521836441027297,13.405282974243164,13.405282974243164,0.02020284088965739,0.020292788529546264,1.0,1,transitional,5.689188917020498e-06,0.9948620318929278,0.005132278917267216
2020-04-24,0.5960000157356262,-0.0169999599456787,0.0508336629211631,13.64657974243164,13.680092441604183,0.017840040844222707,0.0044108637020123355,1.0,1,transitional,9.476184332034029e-06,0.9995986305038761,0.00039189331169750676
2020-04-27,0.656000018119812,0.0600000023841857,0.0525342462994232,13.525934219360352,13.706905893080888,-0.008880026046202662,-0.003972286577391693,0.0,1,transitional,3.025753383032866e-06,0.9999044353981081,9.253884906948275e-05
2020-04-28,0.6100000143051147,-0.0460000038146972,0.0518135810042981,13.284637451171875,13.472311904523968,-0.01800060711653858,0.0170088289282252,1.0,1,transitional,3.961355718851366e-06,0.9999498160510185,4.622259257508634e-05
2020-04-29,0.6269999742507935,0.0169999599456787,0.0492813060794471,14.07554817199707,13.512526142842988,0.05783083101732408,0.04287716618047857,1.0,1,transitional,2.2297197216589068e-05,0.9999505169418277,2.718586136267204e-05
2020-04-30,0.621999979019165,-0.0049999952316284,0.0487990484601394,15.047433853149414,14.69219331847703,0.0667683487923034,-0.011198287788766383,0.0,1,transitional,3.138534023908206e-05,0.9999442623429626,2.4352317707666748e-05
2020-05-01,0.6420000195503235,0.0200000405311584,0.0470800678673205,14.162684440612793,14.879868332917992,-0.060596819123301136,-0.022978492572175453,0.0,1,transitional,6.506305973180905e-05,0.9999111137783496,2.3823162293839282e-05
2020-05-04,0.6370000243186951,-0.0049999952316284,0.0470580635497392,14.048739433288574,13.84095785353128,-0.008077977733006078,0.01702953041266741,1.0,1,transitional,7.893700332488906e-05,0.9998986237972497,2.2439199335191704e-05
2020-05-05,0.6570000052452087,0.0199999809265136,0.0462929032663967,14.67208194732666,14.290031583434601,0.04341382908118991,0.027485403545773564,1.0,1,transitional,0.00011768500969446848,0.9998581776277261,2.4137361824628936e-05
2020-05-06,0.7110000252723694,0.0540000200271606,0.0436065719020799,14.712298393249512,15.080943159101025,0.002737268614640413,-0.01053373240259305,0.0,1,transitional,0.00016263451061764085,0.9998016295941873,3.573589581425659e-05
2020-05-07,0.6309999823570251,-0.0800000429153442,0.0449243820610804,14.511218070983887,14.55813635525153,-0.013761759026164128,0.006904541557238813,1.0,1,transitional,3.7749028068248505e-05,0.9999191385130108,4.3112459120997734e-05
2020-05-08,0.6819999814033508,0.0509999990463256,0.0460357533417376,14.67208194732666,14.611758071088186,0.011024490411523634,0.022137971652607405,1.0,1,transitional,6.31298048745042e-05,0.9999039337816307,3.293641322935555e-05
2020-05-11,0.7260000109672546,0.0440000295639038,0.0465921530573998,14.993812561035156,15.000514078843366,0.021691119286146053,-0.00044711648366299383,0.0,1,transitional,5.8897502828127594e-05,0.9999114020316648,2.970046527616778e-05
2020-05-12,0.6779999732971191,-0.0480000376701355,0.0474768139196893,14.79943561553955,14.98711007879297,-0.013048574113589725,-0.022442049635908446,0.0,1,transitional,3.8344410600412785e-05,0.9999326118546764,2.90437352657501e-05
2020-05-13,0.6489999890327454,-0.0289999842643737,0.0477743728759739,14.558138847351074,14.471005058570718,-0.016438837777929618,-0.019526515722229874,0.0,1,transitional,0.00015556049814835233,0.9998191321632718,2.530733936067016e-05
2020-05-14,0.6190000176429749,-0.0299999713897705,0.0412551940387647,14.122466087341309,14.276626542129282,-0.03038333928665778,0.014605737821756077,1.0,1,transitional,0.0011742846466626263,0.9987984457718326,2.7269581782805548e-05
2020-05-15,0.6399999856948853,0.0209999680519104,0.0409946636509317,14.249817848205566,14.330248840817417,0.008977255157702339,0.02278649838506716,1.0,1,transitional,0.0013065232083695518,0.9986605706567842,3.2906134529384065e-05
2020-05-18,0.7440000176429749,0.1040000319480896,0.0458597354305002,14.538033485412598,14.578248986726559,0.020024090311453514,0.04551351386218728,1.0,1,transitional,7.546697850892577e-05,0.9998393822644636,8.515075728752259e-05
2020-05-19,0.7110000252723694,-0.0329999923706054,0.0460483294896497,15.14126968383789,15.214999161282316,0.040655892999740526,-0.01606474503511713,0.0,1,transitional,0.00011837944172608653,0.9998540837553196,2.7536803485951494e-05
2020-05-20,0.6800000071525574,-0.031000018119812,0.0447902104557109,15.080944061279297,14.899972425721353,-0.003992143208689713,0.023716618373898123,1.0,1,transitional,0.00029165619468525365,0.9996845783836286,2.3765422039371055e-05
2020-05-21,0.6769999861717224,-0.0030000209808349,0.0437228930009511,15.18148422241211,15.442888135736567,0.0066445778968909205,0.0022050256885592467,1.0,1,transitional,0.0006181026998262155,0.9993594824015531,2.2414899301903066e-05
2020-05-22,0.6570000052452087,-0.0199999809265136,0.0439692084777765,14.84635066986084,15.214996719492929,-0.02232245313942974,0.03329947157879601,1.0,1,transitional,0.0007234420097870811,0.9992536499044877,2.2908085894278765e-05
2020-05-26,0.6980000138282776,0.0410000085830688,0.0445278508329775,15.576939582824707,15.3490496565264,0.027040321688908544,0.011125394098567144,1.0,1,transitional,0.0008324439374842125,0.9991393610794719,2.8194982218990012e-05
2020-05-27,0.6800000071525574,-0.0180000066757202,0.0429223659394732,15.784719467163086,15.751206772634804,0.013250761014300245,-0.014973374448634376,0.0,1,transitional,0.0013138113914784076,0.9986623667570083,2.3821850909204776e-05
2020-05-28,0.7049999833106995,0.024999976158142,0.0418050567131662,15.462994575500488,15.550129635650755,-0.020592627048809556,-0.005215095000433936,0.0,1,transitional,0.0014748525925364576,0.998497014250041,2.8133157119974095e-05
2020-05-29,0.6480000019073486,-0.0569999814033508,0.043773288742492,15.194889068603516,15.38256349993977,-0.017490596865684674,-0.007527290475978329,0.0,1,transitional,0.0007097645506859882,0.9992600860158279,3.014943338632729e-05
2020-06-01,0.6620000004768372,0.0139999985694885,0.0438393804995464,15.369155883789062,15.080942118749046,0.011403510492477977,0.0030481783132369758,1.0,1,transitional,0.0006833342300523025,0.9992927734590358,2.389231170854966e-05
2020-06-02,0.6800000071525574,0.0180000066757202,0.0438002585430716,15.349048614501953,15.416075284467727,-0.0013091437137855775,0.013015477935894552,1.0,1,transitional,0.00046986060822457504,0.9995045785999072,2.556079099466203e-05
2020-06-03,0.7609999775886536,0.0809999704360961,0.0470328715701546,15.751208305358887,15.550129561767848,0.025863587528422948,0.0029743759034129725,1.0,1,transitional,4.193357709292168e-05,0.9999057203521218,5.2346071248381195e-05
2020-06-04,0.8199999928474426,0.059000015258789,0.0483682862869726,15.530022621154785,15.798128063700043,-0.014141986359915848,-0.005626572498461255,0.0,1,transitional,1.84837668824129e-05,0.9999397660637115,4.175016852523679e-05
2020-06-05,0.9039999842643738,0.0839999914169311,0.0502101821818122,15.657371520996094,15.442887189765043,0.008166736025508771,0.016136260183862033,1.0,1,transitional,4.09574502240288e-06,0.9999322872724875,6.361698192110087e-05
2020-06-09,0.8289999961853027,-0.0550000071525573,0.0477441106804411,16.52201271057129,15.912072374740271,0.05375176565678317,-0.026723074462211106,0.0,1,transitional,1.5148996686624322e-05,0.9999469282270221,3.792277691832495e-05
2020-06-10,0.7480000257492065,-0.0809999704360961,0.0506067916683503,16.046125411987305,16.086340906293334,-0.02922618237215869,-0.028385761191823983,0.0,1,transitional,1.946829249528163e-06,0.9999240447048721,7.400846634493133e-05
2020-06-11,0.652999997138977,-0.0950000286102294,0.0538215732215763,15.121159553527832,15.597047786446469,-0.05937235522077105,-0.05278747708610286,0.0,1,transitional,2.58393726302046e-07,0.9998607920703062,0.00013894953516232258
2020-06-12,0.6990000009536743,0.0460000038146972,0.0543695458490826,14.323546409606934,14.343653517263265,-0.054190272685597396,0.0037366136538167487,1.0,1,transitional,1.8279051881846137e-06,0.9999289994007059,6.917269407616179e-05
2020-06-15,0.7020000219345093,0.0030000209808349,0.0538613739993936,13.854361534118652,14.377168088049986,-0.03330468990375744,0.030023669727878677,1.0,1,transitional,3.091412142194018e-06,0.9999488628979291,4.804568931477746e-05
2020-06-16,0.7559999823570251,0.0539999604225158,0.0548558269624056,14.390572547912598,14.276627577754306,0.037973212740316974,0.012957208542514522,1.0,1,transitional,1.3387460751227246e-06,0.99993296956946,6.569168454843941e-05
2020-06-17,0.7329999804496765,-0.0230000019073486,0.0502649124147662,14.571544647216797,14.5782474431307,0.012497322172741347,-0.008314110050856796,0.0,1,transitional,1.1132222115491336e-05,0.99995717983624,3.168794176555412e-05
2020-06-18,0.6940000057220459,-0.0389999747276306,0.050475353857546,14.578248023986816,14.45089745340374,0.00045992621380167167,0.01822369542036606,1.0,1,transitional,8.175415437019152e-06,0.999958752122778,3.3072461560410834e-05
2020-06-19,0.6970000267028809,0.0030000209808349,0.0500016129456573,14.66538143157959,14.846353088420669,0.005959155348922561,-0.0036629881784295214,0.0,1,transitional,1.6346374657178077e-05,0.9999567125943594,2.6941030375289047e-05
2020-06-22,0.7039999961853027,0.0069999694824218,0.0500111352676417,14.792732238769531,14.611760578992849,0.008646283464765954,0.009470096366346707,1.0,1,transitional,1.6974465544626274e-05,0.9999563341282324,2.6691407083787736e-05
2020-06-23,0.7089999914169312,0.0049999952316284,0.0497761118437384,14.698893547058105,14.933486263750364,-0.006363773165953635,8.521824837950206e-08,1.0,1,transitional,1.861523512703229e-05,0.99995521172317,2.6173042434103155e-05
2020-06-24,0.6840000152587891,-0.024999976158142,0.049303474935625,14.464302062988281,14.69889479967212,-0.016088534832864664,-0.027244531603031127,0.0,1,transitional,1.7955569761301697e-05,0.9999552681693415,2.6776261313200664e-05
2020-06-25,0.6740000247955322,-0.0099999904632568,0.0491936334495068,13.854361534118652,14.075548676468918,-0.04308359194173002,0.009149960364503761,1.0,1,transitional,2.3115696479245728e-05,0.9999514587229051,2.5425580744139123e-05
2020-06-26,0.6359999775886536,-0.0380000472068786,0.0494945836286266,14.182788848876953,13.98171012181003,0.023429081311405555,-0.027792831197149266,0.0,1,transitional,3.332253718542515e-05,0.9999371887997888,2.9488662987475432e-05
2020-06-29,0.6359999775886536,0.0,0.0479401373820029,13.787333488464355,13.794036283437636,-0.02827886906696243,0.023066789915205697,1.0,1,transitional,0.0004461426857906304,0.9995305019908546,2.335532358360191e-05
2020-06-30,0.652999997138977,0.0170000195503234,0.0479901740848081,14.511218070983887,14.10905933973252,0.05117170285962035,0.000462035338702988,1.0,1,transitional,0.0032370778644653735,0.9967394962111312,2.34259249942245e-05
2020-07-01,0.6819999814033508,0.0289999842643737,0.0482606473719759,14.47770881652832,14.517924315682025,-0.0023118668387012674,0.0036966641227598406,1.0,1,transitional,0.023911757807264424,0.97606813167665,2.0110515283172226e-05
2020-07-02,0.6690000295639038,-0.012999951839447,0.0446021011500937,14.59165096282959,14.531327086598546,0.00783936974866684,-0.004142591719068177,0.0,1,transitional,0.20987989979864138,0.7901116050791253,8.495122650769155e-06
2020-07-06,0.6840000152587891,0.0149999856948852,0.0424577624584346,14.464302062988281,14.531328741816173,-0.0032383231623335086,0.005084309585106966,1.0,0,stable,0.6004686562880577,0.3995297027432509,1.640968438943374e-06
2020-07-07,0.6499999761581421,-0.0340000391006469,0.037391046322974,14.256519317626953,14.538030322432967,-0.014469389142262526,-0.0028248107982634853,0.0,0,stable,0.9312329464446772,0.06876669452836855,3.5902627780290507e-07
2020-07-08,0.652999997138977,0.0030000209808349,0.0374846624149591,14.015225410461426,14.216304174739388,-0.017070030066784626,0.013301703026223457,1.0,0,stable,0.9906018273095547,0.009398106726682377,6.596305056526487e-08
2020-07-09,0.6050000190734863,-0.0479999780654907,0.0371030071059601,14.511218070983887,14.20289718669517,0.034777742371380746,-0.020061347598792006,0.0,0,stable,0.9981938712165884,0.001806125439410298,3.3435944658878336e-09
2020-07-10,0.6330000162124634,0.027999997138977,0.0342893847940386,14.16938304901123,14.223004127327714,-0.02383849685600609,0.017816040335935774,1.0,0,stable,0.9999113338910858,8.86660867589026e-05,2.225421770959968e-11
2020-07-13,0.6399999856948853,0.0069999694824218,0.0275326594282852,14.424087524414062,14.424087524414062,0.017816040335935774,-0.008399532008266637,0.0,0,stable,0.9999987669842411,1.2330153319884103e-06,3.1693674547753965e-13
2020-07-14,0.6150000095367432,-0.024999976158142,0.0258282721670608,14.357060432434082,14.303439343024793,-0.004657716450785369,0.0023315984371517764,1.0,0,stable,0.9999993804524011,6.19547601550368e-07,4.682249399916452e-15
2020-07-15,0.6299999952316284,0.0149999856948852,0.0261219590699563,14.048739433288574,14.39057438746022,-0.0217091656988106,0.001906510807224117,1.0,0,stable,0.9999994247993362,5.75200268913659e-07,6.540786128718406e-16
2020-07-16,0.6119999885559082,-0.0180000066757202,0.0227096546289122,13.84765911102295,14.075549055142318,-0.014416470610373992,-0.005338636476994008,0.0,0,stable,0.9999998004132266,1.9958621106178478e-07,6.00371402603862e-16
2020-07-17,0.628000020980835,0.0160000324249267,0.0229172403540184,13.83425235748291,13.773928478610253,-0.0009686292511645617,-0.003883376859694942,0.0,0,stable,0.9999998015919315,1.9840824679429022e-07,1.5080716399428493e-16
2020-07-20,0.6200000047683716,-0.0080000162124633,0.0215768834898906,13.472311973571777,13.780632921629385,-0.026510957427470713,-2.2721864440114268e-07,0.0,0,stable,0.9999998728708387,1.271283518434835e-07,1.4397453121515969e-16
2020-07-21,0.6069999933242798,-0.0130000114440917,0.0216174530577191,13.820846557617188,13.47230891241166,0.025541458026516084,0.0130091794035174,1.0,0,stable,0.9999998669791328,1.3302054826924505e-07,8.96316548672923e-17
2020-07-22,0.5950000286102295,-0.0119999647140502,0.0215188732489572,13.995116233825684,14.001819029380826,0.012530355873713789,0.003347033790147868,1.0,0,stable,0.9999998721487,1.2785119898813882e-07,9.255870252986786e-17
2020-07-23,0.5820000171661377,-0.0130000114440917,0.0214510520999313,14.102360725402832,14.042036839380609,0.007633782388009481,-0.004287022769234232,0.0,0,stable,0.9999998740368107,1.25963870344994e-07,7.749381037538062e-17
2020-07-24,0.5889999866485596,0.0069999694824218,0.0211721971376556,14.068842887878418,14.04203298945662,-0.0023795826263240225,-0.009093040704965983,0.0,0,stable,0.9999998915500387,1.084501084854675e-07,1.0740150383569964e-16
2020-07-27,0.609000027179718,0.0200000405311584,0.0217873956071887,13.954899787902832,13.941494197706133,-0.008131942203452027,-0.00433207832332083,0.0,0,stable,0.9999998591665743,1.408340233810633e-07,9.859130507816369e-17
2020-07-28,0.5809999704360962,-0.0280000567436218,0.0210843004884224,13.76052474975586,13.89457682526653,-0.014026718212025648,-0.0009747849691153653,0.0,0,stable,0.9999998680068616,1.31992502302182e-07,9.872197514586145e-17
2020-07-29,0.5789999961853027,-0.0019999742507934,0.0210763942723583,13.579551696777344,13.747117732603677,-0.013238858095163309,0.004923784971511424,1.0,0,stable,0.9999998944913442,1.0550908225387899e-07,1.5528972919006867e-16
2020-07-30,0.5410000085830688,-0.0379999876022338,0.0219050990377064,13.693497657775879,13.646579368847728,0.008355987078375865,-0.01181677365031056,0.0,0,stable,0.9999997952582117,2.0474154563604325e-07,6.856478942638718e-17
2020-07-31,0.5360000133514404,-0.0049999952316284,0.0204486603209879,13.411989212036133,13.532636994323326,-0.02077207239263269,-0.006015255830983557,0.0,0,stable,0.999999913101423,8.689855948244232e-08,1.8249058099042584e-16
2020-08-03,0.5630000233650208,0.0270000100135803,0.0216828912561939,13.438796997070312,13.33155482496294,0.0019967976902234364,0.012391738567191822,1.0,0,stable,0.9999998545008671,1.455000248685737e-07,2.6499932887442584e-16
2020-08-04,0.5149999856948853,-0.0480000376701355,0.0230834996228771,13.66668701171875,13.606363129754826,0.016815444755170876,0.010246533857577837,1.0,0,stable,0.9999996234765403,3.765229974259703e-07,3.5588226803722607e-16
2020-08-05,0.5429999828338623,0.027999997138977,0.0235582405587181,13.438796997070312,13.807443082313503,-0.016815444755171032,0.0074534233606012214,1.0,0,stable,0.9999997281648035,2.7183510101645244e-07,6.417444393486496e-16
2020-08-06,0.5360000133514404,-0.0069999694824218,0.0234873868887917,13.653281211853027,13.539336255934948,0.015834052622356064,-0.0044278645080418465,0.0,0,stable,0.9999997625473325,2.374529398148445e-07,2.3346103108768384e-16
2020-08-07,0.5619999766349792,0.0259999632835388,0.0223259447987022,13.639878273010254,13.592959978236186,-0.0009821464552385258,0.0014729863236235096,1.0,0,stable,0.999999822630359,1.7736968920851642e-07,2.617322163646491e-16
2020-08-10,0.5740000009536743,0.012000024318695,0.021507257809054,13.599661827087402,13.659984431575237,-0.0029528013318714263,0.005406570428421458,1.0,0,stable,0.9999998744660922,1.2553357159846236e-07,6.429293504619088e-15
2020-08-11,0.6579999923706055,0.0839999914169311,0.0286431275895467,13.673388481140137,13.673388481140138,0.005406570428421458,0.0004902442418390912,1.0,0,stable,0.9999942131275114,5.786872964964513e-06,1.0158090779560613e-14
2020-08-12,0.6700000166893005,0.012000024318695,0.0281060116917377,13.800741195678711,13.680093424505095,0.009270803346694143,0.012548281043352136,1.0,0,stable,0.9999988487368033,1.151263827431882e-06,8.347498008268923e-14
2020-08-13,0.7160000205039978,0.0460000038146972,0.0295650263129914,13.673388481140137,13.975007861705787,-0.009270803346694178,-0.0004901152616757809,0.0,0,stable,0.999997261464271,2.738535496037682e-06,2.4463888942354126e-14
2020-08-14,0.7089999914169312,-0.0070000290870666,0.0292497511291605,13.706905364990234,13.666688586761069,0.002448249882191272,-2.2416533310768418e-07,0.0,0,stable,0.9999982814875907,1.718512144071008e-06,3.602736923852393e-14
2020-08-17,0.6830000281333923,-0.0259999632835388,0.0298621464939041,13.653281211853027,13.706902292377572,-0.003919872523502748,0.006361614706169358,1.0,0,stable,0.9999974442522134,2.5557470865490233e-06,2.563816473919745e-14
2020-08-18,0.6690000295639038,-0.0139999985694885,0.0299972246820279,13.653281211853027,13.740414988295136,0.0,-0.008380625527804641,0.0,0,stable,0.9999976619556085,2.3380447717353485e-06,2.9084608745932557e-14
2020-08-19,0.675000011920929,0.0059999823570251,0.0297974932801732,13.767226219177246,13.539336306490156,0.00831098136906716,-0.0088020267581515,0.0,0,stable,0.999997979950643,2.020048679537744e-06,4.5523471889430357e-14
2020-08-20,0.6439999938011169,-0.031000018119812,0.0305619628882575,13.405282974243164,13.646578476876313,-0.02664197486445669,0.00399215015902097,1.0,0,stable,0.9999964584047989,3.541595677076804e-06,3.7890478819478e-14
2020-08-21,0.6399999856948853,-0.0040000081062316,0.0303988602973118,13.539338111877441,13.458905840851449,0.009950501311430101,0.0066554355983982644,1.0,0,stable,0.9999974611524008,2.5388466542597437e-06,4.944116314945688e-14
2020-08-24,0.6460000276565552,0.0060000419616699,0.0303926725316454,13.588798522949219,13.629748832362786,0.003646432966748942,0.007006886359199657,1.0,0,stable,0.9999975075637987,2.492436111708679e-06,5.700665597584014e-14
2020-08-25,0.6819999814033508,0.0359999537467956,0.0310412941439802,13.62292194366455,13.68434805137297,0.0025079956736786904,-0.0030103443542567956,0.0,0,stable,0.999996106211561,3.893787957189368e-06,6.000633199858839e-14
2020-08-26,0.6869999766349792,0.0049999952316284,0.0301918445297838,13.55467414855957,13.58197392224867,-0.005022367565637117,-0.008089201995424122,0.0,0,stable,0.9999976104510452,2.389549037137106e-06,2.1365303966903255e-13
2020-08-27,0.7459999918937683,0.059000015258789,0.0323380206232395,13.151989936828613,13.44546993434603,-0.03015837028573228,-0.003638881650923635,0.0,0,stable,0.9999902811159049,9.718884176715829e-06,2.2175689329661473e-13
2020-08-28,0.7289999723434448,-0.0170000195503234,0.0311487991294437,13.06326675415039,13.104218372223054,-0.006768846285077186,0.0005221281966217559,1.0,0,stable,0.9999961976445305,3.8023547520862063e-06,5.023214653555058e-13
2020-08-31,0.6930000185966492,-0.0359999537467956,0.0325463019777819,13.363569259643555,13.070089235012546,0.022728065695897217,-0.014403668367919733,0.0,0,stable,0.9999919484413472,8.05155913086736e-06,2.7145274955046595e-13
2020-09-01,0.671999990940094,-0.0210000276565551,0.0327911851603841,12.974536895751953,13.172464448936811,-0.029543556207804005,0.009424146053557526,1.0,0,stable,0.9999930219935497,6.978005581599467e-06,2.5691294504161975e-13
2020-09-02,0.6510000228881836,-0.0209999680519104,0.0310863560971332,13.02231216430664,13.097388804348055,0.003675470225459766,-0.004201397418270039,0.0,0,stable,0.9999960933095194,3.906690125273163e-06,6.482400235063315e-13
2020-09-03,0.621999979019165,-0.0290000438690185,0.0315973142463026,13.13834285736084,12.967715028044466,0.008870684149082611,-0.013072251882646449,0.0,0,stable,0.9999880232288517,1.1976758627617662e-05,1.1752423315143665e-11
2020-09-04,0.7210000157356262,0.0990000367164611,0.0376744220588838,12.947237014770508,12.96771281944446,-0.014652483298554154,7.59495029114281e-08,1.0,0,stable,0.9996447136320418,0.0003552860989570414,2.6849282508035144e-10
2020-09-08,0.6840000152587891,-0.0370000004768371,0.0387306358630955,13.104216575622559,12.947237998106761,0.017337035701725192,-0.025318063891110028,0.0,0,stable,0.9998065950226508,0.0001934044004287916,5.777055760079013e-10
2020-09-09,0.703000009059906,0.0189999938011169,0.0388166046625034,12.530904769897461,12.776607891610478,-0.04473607982488088,0.01298729618055912,1.0,0,stable,0.9999075561467444,9.244378961623932e-05,6.40112715614301e-11
2020-09-10,0.6850000023841858,-0.0180000066757202,0.0347565044217186,12.571856498718262,12.694708724398096,0.0032627299213475983,-0.006536134874739263,0.0,0,stable,0.999981224904144,1.877508167023401e-05,1.4013610459819859e-11
2020-09-11,0.6690000295639038,-0.0159999728202819,0.0348618396191175,12.373926162719727,12.489953106409285,-0.015869174554437235,0.01042561130007788,1.0,0,stable,0.9999853130635409,1.4686935574548427e-05,1.4312491674176803e-12
2020-09-14,0.6710000038146973,0.0019999742507934,0.0332404691253752,12.53773307800293,12.503606732137007,0.013151213624191013,0.002174929685694214,1.0,0,stable,0.999992731970488,7.268028286687918e-06,8.092746602317939e-13
2020-09-15,0.6790000200271606,0.0080000162124633,0.0332920014324168,12.401228904724121,12.56503144111491,-0.010947170664000716,0.007129285840953314,1.0,0,stable,0.999992838262367,7.161737847671124e-06,3.5609828968644317e-13
2020-09-16,0.6869999766349792,0.0079999566078186,0.032861256502508,12.544557571411133,12.489956717523103,0.011491338951658145,0.011360501724814382,1.0,0,stable,0.9999938680308983,6.131969543851224e-06,3.1687736294068825e-13
2020-09-17,0.6840000152587891,-0.0029999613761901,0.0327110768751586,12.517254829406738,12.687882620100083,-0.0021788330683318894,0.00868637215187217,1.0,0,stable,0.999994128894241,5.871105657788932e-06,2.586635330214787e-13
2020-09-18,0.6940000057220459,0.0099999904632568,0.0327550109356845,12.476305961608887,12.626457966075698,-0.0032767563437391756,-0.0016424636567636218,0.0,0,stable,0.9999940965618948,5.9034386349784775e-06,2.7614813963384807e-13
2020-09-21,0.6710000038146973,-0.0230000019073486,0.0324100986929657,12.551382064819336,12.455830901869968,0.005999461741646967,-0.013136450845750478,0.0,0,stable,0.9999937709047404,6.2290949251250105e-06,2.5383651907394927e-13
2020-09-22,0.6639999747276306,-0.0070000290870666,0.0324411590831989,12.319328308105469,12.387579697708405,-0.01866134802821883,0.003870652545580238,1.0,0,stable,0.9999945745423088,5.425457251368723e-06,2.332351942210659e-13
2020-09-23,0.6759999990463257,0.012000024318695,0.0325124188723192,12.510431289672852,12.367104550549865,0.01539336330480809,-0.018167392371141716,0.0,0,stable,0.999994610741821,5.389258602468986e-06,1.6495265727076919e-13
2020-09-24,0.6660000085830688,-0.0099999904632568,0.0316036527828797,12.264725685119629,12.285201489578839,-0.01983548768249655,0.014913311559327461,1.0,0,stable,0.999995931732973,4.068266769215164e-06,1.3506104626480744e-13
2020-09-25,0.6589999794960022,-0.0070000290870666,0.0316027490484528,12.503604888916016,12.449004045366518,0.019289682049405926,-0.006571616053779449,0.0,0,stable,0.9999960718873652,3.928111819525975e-06,3.2804643237541423e-14
2020-09-28,0.6629999876022339,0.0040000081062316,0.0284771477552046,12.510431289672852,12.421705399042466,0.0005458056330906568,0.009231426627472936,1.0,0,stable,0.9999987252130208,1.2747874522792783e-06,2.8219787359303795e-14
2020-09-29,0.6449999809265137,-0.0180000066757202,0.0285008826027242,12.619629859924316,12.626455127018177,0.00869072756354492,-0.013064729633076436,0.0,0,stable,0.9999985682744654,1.4317250942876972e-06,1.0372377474470937e-14
2020-09-30,0.6769999861717224,0.0320000052452087,0.0285462950786462,11.998547554016113,12.455830137150084,-0.05046792174436087,0.0011369911035823501,1.0,0,stable,0.9999984607159628,1.5392839430007188e-06,1.2528845237300153e-14
2020-10-01,0.6769999861717224,0.0,0.028167195586752,11.978071212768555,12.012197554334902,-0.001708026175399304,-0.015504048781489836,0.0,0,stable,0.9999988614333348,1.1385672634204228e-06,8.718899059387191e-15
2020-10-02,0.6959999799728394,0.0189999938011169,0.0280112310842653,11.466188430786133,11.793794818758483,-0.043675010897678924,0.02061918637595394,1.0,0,stable,0.9999988526021514,1.147397130112914e-06,3.723007738648827e-14
2020-10-05,0.7620000243186951,0.0660000443458557,0.0303073251018221,12.019021987915039,11.705066176243298,0.04708799217462534,0.020236795090670136,1.0,0,stable,0.9999943296567619,5.670343162728914e-06,5.809634763296803e-15
2020-10-06,0.7419999837875366,-0.0200000405311584,0.022228368641402,12.285202026367188,12.26472622101331,0.021904890402024976,0.0027739903821664743,1.0,0,stable,0.9999998224884779,1.775112790764457e-07,6.939477817651757e-15
2020-10-07,0.7850000262260437,0.043000042438507,0.0222455040282707,12.53773307800293,12.319328369821983,0.020347292783421726,0.007051707371197725,1.0,0,stable,0.9999997790419246,2.209585342112189e-07,4.738241208885094e-16
2020-10-08,0.7649999856948853,-0.0200000405311584,0.0226262738596254,12.476305961608887,12.626457966075698,-0.0049114211244137475,0.011422551165023456,1.0,0,stable,0.9999998020412217,1.9795877990888806e-07,1.792639959597082e-16
2020-10-09,0.7749999761581421,0.0099999904632568,0.0221498288531963,12.544557571411133,12.619634233677312,0.005455589412071027,-0.00490870529874763,0.0,0,stable,0.9999998497642195,1.502351906350008e-07,1.472742133958294e-16
2020-10-12,0.7770000100135803,0.0020000338554382,0.0216686236991081,12.524081230163574,12.483130921193137,-0.0016336224685704606,0.0016335167297463415,1.0,0,stable,0.9999998725725244,1.2742787874779314e-07,5.879606993461351e-16
2020-10-13,0.7269999980926514,-0.0500000119209289,0.0247918145996657,12.626458168029785,12.544556244964436,0.008141177546626865,-0.005420118507167461,0.0,0,stable,0.99999929691173,7.030888823222613e-07,4.289488591039549e-16
2020-10-14,0.722000002861023,-0.0049999952316284,0.0248142770092825,12.469480514526367,12.558206401853594,-0.012510366944658916,0.0005471857254176498,1.0,0,stable,0.9999996326460625,3.673531184133028e-07,1.179905473624785e-15
2020-10-15,0.7310000061988831,0.0090000033378601,0.0248272275666188,12.660582542419434,12.476305503365234,0.01520933006138172,0.008053804138182314,1.0,0,stable,0.9999996360948651,3.6390595536456533e-07,6.938578590606684e-16
2020-10-16,0.7440000176429749,0.0130000114440917,0.0249084193769961,12.571856498718262,12.76296010552987,-0.007032725552190173,0.00649358714646077,1.0,0,stable,0.9999996210627423,3.789365664148892e-07,7.695059454649892e-16
2020-10-19,0.7609999775886536,0.0169999599456787,0.0250551918830251,12.660582542419434,12.653758575828435,0.007032725552190108,-0.0026989791112388005,0.0,0,stable,0.9999995934559509,4.06544297197885e-07,1.1115351886725037e-15
2020-10-20,0.796999990940094,0.0360000133514404,0.0252784647073446,12.476305961608887,12.626457966075698,-0.014662107606850227,0.007086450083698018,1.0,0,stable,0.9999994653045698,5.346945247327047e-07,1.4856368693134792e-15
2020-10-21,0.8159999847412109,0.0189999938011169,0.0252466078323285,12.674234390258789,12.565032688490753,0.015739822057835293,-0.015739836369096805,0.0,0,stable,0.9999995604376692,4.395627526177345e-07,1.8226013430215982e-15
2020-10-22,0.8479999899864197,0.0320000052452087,0.0258062519146319,12.469480514526367,12.47630578305721,-0.016287044512366764,0.009804169641842386,1.0,0,stable,0.9999993964795069,6.035207564108484e-07,1.642809901128284e-15
2020-10-23,0.8410000205039978,-0.0069999694824218,0.0257086374059916,12.612809181213379,12.592334674270017,0.011428799246351682,0.0010815383654600476,1.0,0,stable,0.9999994967275955,5.03272673670036e-07,4.118532205791953e-15
2020-10-26,0.8009999990463257,-0.0400000214576721,0.0276295356876293,12.708359718322754,12.626457797659821,0.0075471232017119754,-0.0091719177104375,0.0,0,stable,0.9999985131664428,1.4868342869204285e-06,5.3574573940534495e-15
2020-10-27,0.777999997138977,-0.0230000019073486,0.0283824361186114,12.285202026367188,12.592332597741107,-0.03386457165253997,-0.005571014293214704,0.0,0,stable,0.9999985451242207,1.454875367460047e-06,8.5193410063516e-15
2020-10-28,0.781000018119812,0.0030000209808349,0.027879430687165,12.094099044799805,12.216951279745969,-0.015677799401578273,-0.015354384636839132,0.0,0,stable,0.9999989659050588,1.0340944207769434e-06,2.0773094164843067e-14
2020-10-29,0.8349999785423279,0.0539999604225158,0.0292653797987441,11.82791805267334,11.909819962595629,-0.022254977681638588,0.012614751686507806,1.0,0,stable,0.9999970730284166,2.9269712079004777e-06,3.312659690017141e-14
2020-10-30,0.8600000143051147,0.0250000357627868,0.0294519081702306,11.957594871520996,11.978069371526686,0.010903956883276097,0.002280571432343689,1.0,0,stable,0.9999980261874424,1.973812044695947e-06,9.32946969163956e-14
2020-11-02,0.8489999771118164,-0.0110000371932983,0.0296549317004604,11.882519721984863,11.984896140198394,-0.006298241345606882,0.022153823853210314,1.0,0,stable,0.9999967398105976,3.2601846006805247e-06,4.230653161465132e-12
2020-11-03,0.8820000290870667,0.0330000519752502,0.0271572246038774,12.53773307800293,12.14870054585333,0.053674354328969304,0.004345380394569883,1.0,0,stable,0.9998457333754593,0.00015426584942904037,7.742841028090483e-10
2020-11-04,0.7680000066757202,-0.1140000224113464,0.0374164564460561,12.59233283996582,12.59233283996582,0.004345380394569883,0.012389066947613374,1.0,0,stable,0.9612350072233716,0.03876497417187242,1.8605155030228806e-08
2020-11-05,0.7760000228881836,0.0080000162124633,0.0362237175455712,12.510431289672852,12.749310489998074,-0.006525324500747419,0.006525250640629545,1.0,0,stable,0.9515300482135564,0.0484680250181777,1.9267681595880464e-06
2020-11-06,0.8199999928474426,0.043999969959259,0.037174560845287,12.414878845214844,12.592331909894666,-0.007667139307650339,-0.0022013786884747684,0.0,0,stable,0.8208263073114068,0.1791696176504163,4.075038503557248e-06
2020-11-09,0.9580000042915344,0.1380000114440918,0.0475038396924803,12.510431289672852,12.38757905511777,0.007667139307650447,0.06443616881068565,1.0,1,transitional,0.003161680258048247,0.9967997611666575,3.855857579561198e-05
2020-11-10,0.972000002861023,0.0139999985694885,0.0474912076906127,13.418170928955078,13.343094275677235,0.07004702836203068,0.02064001903376789,1.0,1,transitional,0.0006116024757073422,0.9993642121843653,2.4185340072215234e-05
2020-11-11,0.9580000042915344,-0.0139999985694885,0.0458661143670447,14.264484405517578,13.698000138322248,0.06116301214971584,0.006676279600356692,1.0,1,transitional,0.00020960949021478197,0.9997671265354391,2.3263973944724427e-05
2020-11-12,0.8849999904632568,-0.0730000138282775,0.0493223179006595,14.175758361816406,14.360036703775082,-0.006239491855131057,-0.007733284734679128,0.0,1,transitional,8.55124204205794e-06,0.9999466259780024,4.482278012852729e-05
2020-11-13,0.8930000066757202,0.0080000162124633,0.0493215455211266,14.066555976867676,14.066555976867676,-0.007733284734679128,0.006287660778569835,1.0,1,transitional,2.2024282551024263e-05,0.9999514534444541,2.6522272915985707e-05
2020-11-16,0.906000018119812,0.0130000114440917,0.0493215455211266,14.223531723022461,14.155280351250164,0.011097693219998732,0.027917837199729834,1.0,1,transitional,2.2097755233359712e-05,0.9999518578171713,2.6044427493838668e-05
2020-11-17,0.871999979019165,-0.0340000391006469,0.0500910675993118,14.708117485046387,14.626216860882746,0.033501794620190734,0.004629424691078824,1.0,1,transitional,1.1155494426184965e-05,0.9999585930350827,3.025147140024221e-05
2020-11-18,0.8820000290870667,0.0100000500679016,0.049612985940081,14.783190727233887,14.776365459832334,0.005091222390587963,-0.004163748118402803,0.0,1,transitional,1.9120495587677697e-05,0.9999544189833827,2.6460521482915834e-05
2020-11-19,0.8539999723434448,-0.0280000567436218,0.049963615240983,14.865093231201172,14.721765213586266,0.005524954659928413,0.0009179270712529364,1.0,1,transitional,1.271538479763811e-05,0.9999584258514276,2.8858763074805926e-05
2020-11-20,0.8289999961853027,-0.024999976158142,0.0497894701850273,14.776368141174316,14.878744567201686,-0.005986570897917409,0.013761726130202575,1.0,1,transitional,1.4010474638529145e-05,0.9999577855012172,2.8204024500680574e-05
2020-11-23,0.8569999933242798,0.027999997138977,0.0501596586528168,15.008421897888184,14.98112212542381,0.015582346009179947,0.020702735985531327,1.0,1,transitional,1.4517371801344276e-05,0.999955889748616,2.9592879537423698e-05
2020-11-24,0.8820000290870667,0.0250000357627868,0.0495199903203094,15.452052116394043,15.322375934366722,0.029130314189318936,0.03259041915718007,1.0,1,transitional,1.9482361026654838e-05,0.9999527789440431,2.773869540724478e-05
2020-11-25,0.878000020980835,-0.0040000081062316,0.0491771425072148,15.90933609008789,15.96393693532946,0.029164294792215224,-0.017745500792839833,0.0,1,transitional,2.2614493468482365e-05,0.999952068722499,2.5316784546950053e-05
2020-11-27,0.8420000076293945,-0.0360000133514404,0.0499769086813732,15.513480186462402,15.629507149436277,-0.014847369916160572,0.005265543678968286,1.0,1,transitional,1.1590937660842433e-05,0.9999579620394345,3.0447023039020322e-05
2020-11-30,0.843999981880188,0.0019999742507934,0.0485876349845436,15.267777442932129,15.59538253495879,-0.01596477733770383,-0.016678542690124042,0.0,1,transitional,2.7506328806142968e-05,0.9999450388010942,2.7454870789192193e-05
2020-12-01,0.9340000152587892,0.090000033378601,0.0521695624488402,15.151747703552246,15.015244955965164,-0.007628672803564698,-0.004967221844357859,0.0,1,transitional,1.5087409188053306e-06,0.99991778719593,8.07040626795654e-05
2020-12-02,0.9480000138282776,0.0139999985694885,0.0521067708380328,15.301900863647461,15.07667222402312,0.00986117486301673,0.012411591837476406,1.0,1,transitional,8.431061235220595e-06,0.9999537580020764,3.7810937399445026e-05
2020-12-03,0.9200000166893004,-0.027999997138977,0.0521513473099033,15.595381736755371,15.493005313460237,0.018997767775183715,0.010881654291278239,1.0,1,transitional,8.267419810469635e-05,0.9998803694383624,3.695636332673449e-05
2020-12-04,0.968999981880188,0.0489999651908874,0.0457958279733961,15.697760581970215,15.766011975292713,0.006543236178839328,0.009088694686549747,1.0,1,transitional,0.0041352596227436905,0.9958342917583167,3.044861944335886e-05
2020-12-07,0.9279999732971193,-0.0410000085830688,0.0471093539276908,15.800132751464844,15.841083055677714,0.006500277899657112,-0.011731580866428108,0.0,1,transitional,0.022358088689926975,0.9776211502950232,2.07610143285188e-05
2020-12-08,0.912999987602234,-0.0149999856948852,0.0465634832384891,15.772833824157715,15.61585526302371,-0.0017292600012419098,-0.004771218077922259,0.0,1,transitional,0.18442680963483077,0.8155718182909848,1.3720749396833671e-06
2020-12-09,0.9409999847412108,0.027999997138977,0.035708018194251,15.568079948425293,15.697757439600554,-0.013066421124086226,-0.004833985078342855,0.0,0,stable,0.9367665188342406,0.06323308546471149,3.957015832892078e-07
2020-12-10,0.9079999923706056,-0.0329999923706054,0.0362028763064202,15.513480186462402,15.493005682387937,-0.0035133254500999906,0.007451240735256687,1.0,0,stable,0.9930111920994983,0.006988780025089923,2.7875133948499784e-08
2020-12-11,0.8930000066757202,-0.0149999856948852,0.0362186567183394,15.90933609008789,15.629506595501486,0.025196776969700352,0.0034260051417046113,1.0,0,stable,0.9993965650657612,0.0006034343734064732,5.601834902997464e-10
2020-12-14,0.8920000195503235,-0.0009999871253967,0.0324859022913378,15.827433586120605,15.963935032056966,-0.005161375062739662,-0.01040316846293707,0.0,0,stable,0.9999818972502565,1.8102712948854285e-05,3.651253058436709e-11
2020-12-15,0.9229999780654908,0.0309999585151672,0.0331384598418518,15.493003845214844,15.663631635132248,-0.02135618011601599,0.013129348137762667,1.0,0,stable,0.9999917602247709,8.239774251578151e-06,1.5196201047393148e-12
2020-12-16,0.9200000166893004,-0.0029999613761901,0.0330429066625503,15.615856170654297,15.697758089997015,0.007898262040428115,0.009569483976828313,1.0,0,stable,0.99999336659329,6.633406007794593e-06,2.9182866279113387e-13
2020-12-17,0.9300000071525574,0.0099999904632568,0.0321168285050469,16.07996368408203,15.766009153492,0.029287186050644856,0.0029667706868554597,1.0,0,stable,0.9999953021016457,4.6978972831263374e-06,2.346784113393406e-13
2020-12-18,0.9480000138282776,0.0180000066757202,0.0322541275339259,16.134565353393555,16.127740084755285,0.003389881722933091,-0.005939633185933514,0.0,0,stable,0.9999949627526343,5.037247540844612e-06,1.4419004069989184e-13
2020-12-21,0.9409999847412108,-0.0070000290870666,0.0315583363712603,15.725061416625977,16.039015998548297,-0.025708178771927347,-0.016189491214436302,0.0,0,stable,0.9999960694080924,3.930592458800701e-06,1.4027247600453185e-13
2020-12-22,0.9179999828338624,-0.0230000019073486,0.0314688826314141,15.233651161193848,15.472530363276944,-0.03174883525892816,-0.0017938161624656557,0.0,0,stable,0.9999955813625399,4.418636775768138e-06,1.516049061428862e-13
2020-12-23,0.9549999833106996,0.0370000004768371,0.0318674354161465,15.404276847839355,15.206349286120863,0.011138315267675194,0.01887264550949974,1.0,0,stable,0.9999946018270022,5.398172815980821e-06,2.9670946310991504e-13
2020-12-24,0.9279999732971193,-0.0270000100135803,0.0322267273642256,15.527129173278809,15.697756966391763,0.00794357497730953,0.012232562711352006,1.0,0,stable,0.9999938975802004,6.102418792108162e-06,1.374186749301873e-13
2020-12-29,0.9350000023841858,0.0019999742507934,0.0309654187080747,15.68410587310791,15.718232211589717,0.010059071564014917,-0.0074250770502264,0.0,0,stable,0.9999969111061049,3.0888945084329907e-06,1.1942423455313737e-13
2020-12-30,0.9259999990463256,-0.0090000033378601,0.0311012939960342,15.731884002685547,15.568081456704052,0.003041646410119334,0.0030322666364565928,1.0,0,stable,0.999996696500602,3.303499175274033e-06,5.6112750037236144e-15
2020-12-31,0.9169999957084656,-0.0090000033378601,0.0241176620864485,15.520304679870605,15.77965966734582,-0.01354033520951628,0.0008791196895023755,1.0,0,stable,0.9999997000868911,2.9991283840380497e-07,4.138397865910315e-15
2021-01-04,0.9169999957084656,0.0,0.0238801512856734,15.745532989501953,15.533954884504455,0.014407559332462544,-0.012211096683228534,0.0,0,stable,0.9999997354189313,2.6458077316683796e-07,7.244643746499714e-16
2021-01-05,0.9549999833106996,0.0379999876022338,0.0245485849517923,15.554431915283203,15.554431915283203,-0.012211096683228534,0.028975048632651587,1.0,0,stable,0.9999995547151311,4.4528563277390274e-07,1.8622480686852764e-14
2021-01-06,1.0420000553131104,0.0870000720024108,0.0291764007454649,15.820612907409668,16.01171524750817,0.016968095509442487,0.017532985188007687,1.0,0,stable,0.9999922208146645,7.779185591409907e-06,4.452218014147058e-14
2021-01-07,1.0709999799728394,0.028999924659729,0.0278075911895246,16.619150161743164,16.100441425444405,0.04924195049480128,0.0024609439408859245,1.0,0,stable,0.9999988169136209,1.1830871232752842e-06,6.976871231520672e-14
2021-01-08,1.1050000190734863,0.0340000391006469,0.0279415268838777,16.933103561401367,16.66009932476718,0.018714841964865184,0.01955737439426323,1.0,0,stable,0.9999987158688841,1.2841303905821262e-06,1.1181724340206836e-14
2021-01-11,1.131999969482422,0.0269999504089355,0.0279086141922423,17.376731872558594,17.267530201383902,0.025861565986318558,0.00821447538908718,1.0,0,stable,0.9999988360984796,1.1639011741103138e-06,5.099604807035833e-15
2021-01-12,1.1380000114440918,0.0060000419616699,0.0262135061480607,17.28118133544922,17.520060487603835,-0.005513937242847929,0.019167589181575656,1.0,0,stable,0.9999994145784407,5.854211621115728e-07,1.647087733471124e-14
2021-01-13,1.0880000591278076,-0.0499999523162841,0.0289190996828182,18.209400177001953,17.615614822627155,0.05231982862873657,-0.001125184129746402,0.0,0,stable,0.9999970511678662,2.948832488278209e-06,1.5926768087386865e-14
2021-01-14,1.128999948501587,0.0409998893737793,0.0296161105325195,18.161623001098633,18.18892277149687,-0.0026272125010165163,0.01083919301239393,1.0,0,stable,0.999997414040696,2.5859595120679113e-06,1.157736289642149e-13
2021-01-15,1.097000002861023,-0.0319999456405639,0.0306906151290395,18.263999938964844,18.35955109076321,0.0056211643987919765,-0.0003736806477744816,0.0,0,stable,0.9999962165583106,3.7834418650196433e-06,5.685042591039766e-14
2021-01-19,1.0920000076293943,-0.0049999952316284,0.0307304655547991,18.37320327758789,18.257176310645026,0.010080273842281705,0.004447836612619442,1.0,0,stable,0.9999971273250928,2.8726743789018233e-06,6.342349922806632e-14
2021-01-20,1.090000033378601,-0.0019999742507934,0.030806609753186,18.700809478759766,18.455106294409884,0.017673551051368582,0.003642819535707667,1.0,0,stable,0.9999970927953168,2.9072046009625717e-06,5.0845159653718695e-14
2021-01-21,1.1089999675750732,0.0189999341964721,0.0308242248429796,18.3936767578125,18.76905738479367,-0.016559859472370562,-0.006701334447728219,0.0,0,stable,0.9999969595201785,3.0404803271480692e-06,7.79581341980961e-14
2021-01-22,1.090999960899353,-0.0180000066757202,0.0311773643608664,18.127498626708984,18.27082666765,-0.014576904579222963,-0.006800156922264818,0.0,0,stable,0.9999961364739703,3.86352641701261e-06,2.6979609846658404e-13
2021-01-25,1.0399999618530271,-0.0509999990463256,0.0330720632518124,17.970521926879883,18.00464697012057,-0.008697301787575147,-0.023440123975646824,0.0,0,stable,0.9999863488214491,1.3651178595814114e-05,4.0683658226242137e-13
2021-01-27,1.0140000581741333,-0.025999903678894,0.0322566212269207,17.451812744140625,17.554189172984024,-0.029289219279937048,-0.022544056013582073,0.0,0,stable,0.9999935458371518,6.454161097611108e-06,1.1558228335618188e-12
2021-01-28,1.0570000410079956,0.0429999828338623,0.0333570013475641,17.1583309173584,17.062779767233664,-0.016959701997787013,0.0015897194935456684,1.0,0,stable,0.9999896302880336,1.0369711550805102e-05,1.1661121960176353e-12
2021-01-29,1.093000054359436,0.0360000133514404,0.03397735995019,16.701045989990234,17.185629543324243,-0.02701247184855188,-0.01523582946713263,0.0,0,stable,0.9999882716416523,1.1728356329491589e-05,1.6002218322329445e-12
2021-02-01,1.0770000219345093,-0.0160000324249267,0.034181296943038,16.75564956665039,16.448520305387884,0.0032641373712045387,0.008921390222554686,1.0,0,stable,0.9999886196921581,1.1380307415125858e-05,1.2873207078460644e-12
2021-02-02,1.1050000190734863,0.027999997138977,0.0342585282742757,17.117380142211914,16.905802043385737,0.02135884096341505,0.01660787690836897,1.0,0,stable,0.9999881787742417,1.1821223630476863e-05,1.6042072670123035e-12
2021-02-03,1.13100004196167,0.0260000228881835,0.0343883858086706,17.25388526916504,17.404037279007298,0.007943021184255189,0.016477401800469315,1.0,0,stable,0.9999879960243724,1.2003974337990244e-05,1.1643263387376161e-12
2021-02-04,1.1390000581741333,0.0080000162124633,0.0337933379762286,17.178808212280273,17.540539643375315,-0.004360807608694158,0.015375804399266554,1.0,0,stable,0.9999914131681505,8.586831301400301e-06,2.0079679974278177e-13
2021-02-05,1.1699999570846558,0.0309998989105224,0.0292093970708865,17.363086700439453,17.444987322080003,0.010669955248957726,0.0023557218956511148,1.0,0,stable,0.9999980319172477,1.9680824403672444e-06,1.031446117515312e-13
2021-02-08,1.159999966621399,-0.0099999904632568,0.0289186623477018,17.465463638305664,17.404037519388396,0.00587892586576167,0.010108889237258027,1.0,0,stable,0.9999984537365112,1.5462625939208452e-06,1.157703451716103e-14
2021-02-09,1.156999945640564,-0.0030000209808349,0.0281311277134195,17.335784912109375,17.64291548509223,-0.0074525674682319,0.0015736569866921398,1.0,0,stable,0.9999988651549829,1.134845855054928e-06,1.001968605880024e-14
2021-02-10,1.1330000162124634,-0.0239999294281005,0.0281095358700916,17.25388526916504,17.363086967557035,-0.004735506037793452,-0.0011875028383468084,0.0,0,stable,0.9999986586417337,1.3413577281170326e-06,9.15128689262458e-15
2021-02-11,1.1579999923706057,0.024999976158142,0.0286119891669439,17.212932586669922,17.233408392016575,-0.002376355249171992,-0.0023817987017210294,0.0,0,stable,0.9999985424284823,1.4575711375887837e-06,1.6515935864988392e-14
2021-02-12,1.2000000476837158,0.0420000553131103,0.0274396084774492,17.049131393432617,17.17198363162466,-0.009561738097034995,0.016673484579218672,1.0,0,stable,0.99999849211531,1.5078846701675798e-06,8.343295254296364e-13
2021-02-16,1.2990000247955322,0.0989999771118164,0.0334662429227043,17.629262924194336,17.335782921878486,0.02310655631793354,-0.001162240015433513,0.0,0,stable,0.9999428017151093,5.719828325515562e-05,1.6660122288896675e-12
2021-02-17,1.3009999990463257,0.0019999742507934,0.0322290778514215,17.717987060546875,17.608785391590235,0.0050201541973338044,-0.0030862332868820804,0.0,0,stable,0.9999941381710326,5.861827091853213e-06,2.38660050868807e-12
2021-02-18,1.2869999408721924,-0.0140000581741333,0.032493285479684,17.29483413696289,17.6633895128247,-0.024172489577092296,-0.013508179084145791,0.0,0,stable,0.9999938843216676,6.115677302576474e-06,8.508661958626586e-13
2021-02-19,1.3450000286102295,0.0580000877380371,0.0340518478912772,16.380271911621094,17.062783241271973,-0.05433017360440093,-0.0020856062972304597,0.0,0,stable,0.9999811329359517,1.886705966124603e-05,4.1961082804587084e-12
2021-02-22,1.3700000047683716,0.024999976158142,0.0341373245824127,16.168691635131836,16.346144713691732,-0.013000921295381126,0.019231360200675913,1.0,0,stable,0.9999774501371148,2.2549793586597045e-05,7.000760547213008e-11
2021-02-23,1.3619999885559082,-0.0080000162124633,0.0337592990814064,17.096906661987305,16.482646784044018,0.05582079297215087,0.0011967637526180946,1.0,0,stable,0.9997209948097372,0.0002790039289090311,1.26196053871712e-09
2021-02-24,1.3890000581741333,0.027000069618225,0.0305114320504918,16.90580177307129,17.11737986851445,-0.011240686988242295,0.027365686463879536,1.0,0,stable,0.9921793504161599,0.007820571245850724,7.83386228329123e-08
2021-02-25,1.5180000066757202,0.1289999485015869,0.0388457170951545,17.464107513427734,17.37482899973606,0.03249091232076387,-0.017453934228795483,0.0,1,transitional,0.3433005342452878,0.6566971796793416,2.28607543241725e-06
2021-02-26,1.4600000381469729,-0.0579999685287475,0.0413979461941874,16.873498916625977,17.161934851520254,-0.034403495804298544,0.004061866877490379,1.0,1,transitional,0.2528103742267731,0.747168917371323,2.0708401664424193e-05
2021-03-01,1.4459999799728394,-0.0140000581741333,0.0417667523689965,17.278684616088867,16.942176207565275,0.023729359011183507,-0.002387474665232418,0.0,1,transitional,0.19161410359222428,0.8083672927975121,1.8603610108792807e-05
2021-03-02,1.4149999618530271,-0.031000018119812,0.0429084265490304,16.97651481628418,17.237481399708678,-0.017642731188399676,-0.008531520069693587,0.0,1,transitional,0.10430122357705654,0.8956782789003987,2.0497522186492266e-05
2021-03-03,1.4700000286102295,0.0550000667572021,0.0431128076358187,17.038320541381836,16.83229541952626,0.003634049229788813,0.0020133710077273486,1.0,1,transitional,0.041145751393161824,0.9588205121892258,3.373641768340599e-05
2021-03-04,1.5499999523162842,0.0799999237060546,0.045119412151591,16.95591163635254,17.072659558971544,-0.004848414638777642,0.017265991013630903,1.0,1,transitional,0.006630214582516029,0.9933207088467303,4.907657118482841e-05
2021-03-05,1.5540000200271606,0.0040000677108764,0.0452573517770071,17.484708786010742,17.251214264426544,0.030710173174480337,0.01752059867435597,1.0,1,transitional,0.0024222960304593768,0.9975541604813459,2.3543488410843583e-05
2021-03-08,1.5959999561309814,0.0419999361038208,0.0454091366486843,17.62206268310547,17.79375074612082,0.00782496323045084,0.003112762489701336,1.0,1,transitional,0.0006466558856618619,0.9993248505545744,2.8493560618595204e-05
2021-03-09,1.5460000038146973,-0.0499999523162841,0.047954034870936,17.608325958251953,17.67700144010783,-0.0007798225384051064,-0.003907816721562871,0.0,1,transitional,5.95457440193465e-05,0.9999101411988945,3.031305684062919e-05
2021-03-10,1.5199999809265137,-0.0260000228881835,0.0485430497994621,17.141332626342773,17.53965012132141,-0.026879196351313504,0.007583420555128416,1.0,1,transitional,2.8175677948125885e-05,0.999945741934885,2.6082387907294975e-05
2021-03-11,1.5269999504089355,0.0069999694824218,0.0483843644157616,16.997116088867188,17.27181669297473,-0.008448971808138233,0.014838767830804057,1.0,1,transitional,3.1757756734135594e-05,0.999939393991902,2.8848250975360973e-05
2021-03-12,1.6349999904632568,0.1080000400543212,0.0511995141478258,17.230609893798828,17.25121292787579,0.01364375928178669,0.009914817834649316,1.0,1,transitional,1.0402255271254383e-06,0.9998868616417563,0.00011209813184918149
2021-03-15,1.6069999933242798,-0.027999997138977,0.0524342195501411,17.402297973632812,17.402297973632812,0.009914817834649316,-8.331719384001384e-08,0.0,1,transitional,4.192202846213781e-06,0.9999507716550746,4.503614166926527e-05
2021-03-16,1.621000051498413,0.0140000581741333,0.0522393264060001,17.299283981323242,17.40229652372224,-0.005937152666114114,-0.001986740697576493,0.0,1,transitional,6.606882433699953e-06,0.9999583468269025,3.5046289993186585e-05
2021-03-17,1.6410000324249268,0.0199999809265136,0.0490144271994264,17.14820098876953,17.26494890853562,-0.008771842788709962,-0.0076382262504271865,0.0,1,transitional,2.224708628833033e-05,0.9999483057828535,2.944713157135862e-05
2021-03-18,1.7300000190734863,0.0889999866485595,0.0513668841634872,17.113862991333008,17.017718113083475,-0.0020044331802813098,-0.027254069816539196,0.0,1,transitional,2.1389094250474095e-06,0.9999244160252408,7.34450660990085e-05
2021-03-19,1.7319999933242798,0.0019999742507934,0.0509476338384842,16.557594299316406,16.65373917850631,-0.03304396969166545,0.009905301294388092,1.0,1,transitional,1.0299893738117323e-05,0.9999563801703016,3.3319936765588355e-05
2021-03-22,1.684000015258789,-0.0479999780654907,0.0523500485094505,16.97651481628418,16.722417222286364,0.024986040912249416,-0.006493638010082232,0.0,1,transitional,2.860353122073009e-06,0.9999492475727618,4.789207437031813e-05
2021-03-23,1.6380000114440918,-0.0460000038146972,0.054015641538201,16.804824829101562,16.86663262809102,-0.010164870150134243,-0.017728635630025056,0.0,1,transitional,1.4618761077849463e-06,0.9999384054661249,6.0132657184880564e-05
2021-03-24,1.6139999628067017,-0.0240000486373901,0.0544343567774191,16.619403839111328,16.509523591404466,-0.011095118691467464,0.007820356919413945,1.0,1,transitional,1.9172087591594177e-06,0.9999443647772843,5.371801396365888e-05
2021-03-25,1.6139999628067017,0.0,0.0543811857796105,16.674341201782227,16.749883040898943,0.003300164187839442,0.012686798803791905,1.0,1,transitional,2.7249250281168347e-06,0.9999503316305557,4.694344379595423e-05
2021-03-26,1.659999966621399,0.0460000038146972,0.0479957306857046,16.852895736694336,16.887232814838555,0.010651412960725916,0.004472563463202941,1.0,1,transitional,2.7419715106487422e-05,0.9999397961297957,3.2784154902841886e-05
2021-03-29,1.7209999561309814,0.0609999895095825,0.046981454044259,16.777355194091797,16.92844019517641,-0.004492423788556255,0.004899776151612498,1.0,1,transitional,3.7448942788208164e-05,0.9999260482297252,3.6502827584255625e-05
2021-03-30,1.72599995136261,0.0049999952316284,0.0466286721553777,16.536989212036133,16.859762202037512,-0.014430429739685866,0.009095099886486296,1.0,1,transitional,8.776395146132302e-05,0.9998891690151399,2.3067033632777964e-05
2021-03-31,1.746000051498413,0.0200001001358032,0.0455191187797646,16.4820556640625,16.688080835912842,-0.0033273887153849268,0.0,0.0,1,transitional,0.00011283448888743802,0.9998629067207431,2.425879104630354e-05
2021-04-01,1.6790000200271606,-0.0670000314712524,0.0479796551767152,16.4820556640625,16.4820556640625,0.0,0.004157908277349092,1.0,1,transitional,1.3775485762946819e-05,0.9999479507636423,3.827375115852157e-05
2021-04-06,1.656000018119812,-0.0640000104904174,0.0484698766373263,16.564464569091797,16.550729209951466,0.004987458605192368,0.0053751439299382685,1.0,1,transitional,1.0434503709663188e-05,0.9999517935026234,3.777199342662076e-05
2021-04-07,1.652999997138977,-0.0030000209808349,0.0477348396679426,16.74988555908203,16.65374067127412,0.01113171374961048,0.004499952435764123,1.0,1,transitional,4.787029983929836e-05,0.9999285015351256,2.3628164749986668e-05
2021-04-08,1.631999969482422,-0.0210000276565551,0.0465380643160873,16.797958374023438,16.825429091075822,0.0028659277145359585,-0.006151370773707389,0.0,1,transitional,7.792047716754434e-05,0.9998990866941425,2.2992829224863328e-05
2021-04-09,1.6660000085830688,0.0340000391006469,0.046439730977802,16.701812744140625,16.694945065181795,-0.005740092583480294,-0.0070146393419257165,0.0,1,transitional,0.00011026958932827,0.9998637870731496,2.5943337786478644e-05
2021-04-12,1.6749999523162842,0.0089999437332153,0.0464418841337924,16.708681106567383,16.58506550000355,0.00041115001497446334,-0.004944442742164985,0.0,1,transitional,0.00021478897842008347,0.9997622239049919,2.2987117351851088e-05
2021-04-13,1.6230000257492063,-0.0519999265670776,0.0419601872568392,16.660608291625977,16.626269896190077,-0.0028812629256097706,-0.0004122115820680497,0.0,1,transitional,0.0005593050974538253,0.9994102433078361,3.0451595316415962e-05
2021-04-14,1.6380000114440918,0.0149999856948852,0.0416024285156024,16.591934204101562,16.653742011201253,-0.004130462214670098,0.009884541736128913,1.0,1,transitional,0.0007584473809348568,0.9992111187871503,3.0433832504597243e-05
2021-04-15,1.5299999713897705,-0.1080000400543212,0.0478198055837861,16.722414016723633,16.756751098019247,0.007833290265684585,-0.005766028703142507,0.0,1,transitional,2.2746551468101136e-05,0.999894137102749,8.311634649374084e-05
2021-04-16,1.5729999542236328,0.0429999828338623,0.0486609794666346,16.53012466430664,16.626269549772225,-0.011565522720724536,-0.002912555266013875,0.0,1,transitional,0.0006410540054732497,0.9993249427732457,3.400322075105541e-05
2021-04-19,1.60099995136261,0.027999997138977,0.0445244776772932,16.221084594726562,16.48204980699199,-0.018872539314117427,-0.0016947293581830098,0.0,1,transitional,0.008295409623223492,0.9916794906225976,2.509975479621747e-05
2021-04-20,1.562000036239624,-0.0389999151229858,0.0450454300419291,16.028797149658203,16.19361752763883,-0.011924987835848416,-0.015544552488426797,0.0,1,transitional,0.023667525431357715,0.9763096630767654,2.281149143078286e-05
2021-04-21,1.5640000104904177,0.0019999742507934,0.0441431154298853,15.79529857635498,15.781563219744504,-0.014674589059796319,-0.021978954706132335,0.0,1,transitional,0.08133611442710884,0.918645525677743,1.8359895488483833e-05
2021-04-22,1.5540000200271606,-0.0099999904632568,0.0431891228576774,15.699152946472168,15.451921778850357,-0.006105578850299089,-0.006142957364425706,0.0,1,transitional,0.17382666345631612,0.8261571491154379,1.6187428890898212e-05
2021-04-23,1.5670000314712524,0.0130000114440917,0.0430870133507539,15.657949447631836,15.603009324687985,-0.0026280184971646243,-0.0008776430360828259,0.0,1,transitional,0.28285230226145125,0.7171335048732499,1.4192866091355119e-05
2021-04-26,1.5700000524520874,0.0030000209808349,0.0430997764402249,15.603007316589355,15.644213385900937,-0.003515067566713633,0.0035151029725462167,1.0,1,transitional,0.3994669984920278,0.6005221810392245,1.082046878048112e-05
2021-04-27,1.621999979019165,0.0519999265670776,0.0434529831177428,15.692288398742676,15.657950002014582,0.00570573450913954,0.00262240043731305,1.0,1,transitional,0.5243321454958177,0.475660350679368,7.50382491913652e-06
2021-04-28,1.6200000047683716,-0.0019999742507934,0.0410056315866667,15.870844841003418,15.73349386770779,0.011314361329228612,0.014605122731264542,1.0,0,stable,0.769941181799501,0.230055979524081,2.8386767480095054e-06
2021-04-29,1.6399999856948853,0.0199999809265136,0.0413145295042175,15.96699047088623,16.104341450500176,0.0060397273376103545,0.004719761909781473,1.0,0,stable,0.8895387992457956,0.11046004724516177,1.1535097721598636e-06
2021-04-30,1.63100004196167,-0.0089999437332153,0.0409519414256741,15.699152946472168,16.042528986002175,-0.01691673711210023,-0.00087510217917013,0.0,0,stable,0.9567435623111054,0.04325619597347626,2.417161113750999e-07
2021-05-03,1.6069999933242798,-0.0240000486373901,0.0387370190717707,15.465660095214844,15.685420593000167,-0.014984670049237269,0.012356487481167447,1.0,0,stable,0.9902261942596394,0.00977376704963145,3.8690988581165506e-08
2021-05-04,1.5920000076293943,-0.0149999856948852,0.0374311356976884,15.699152946472168,15.657946878618107,0.01498467004923719,0.006540388634445046,1.0,0,stable,0.998710886198781,0.001289111284713894,2.5170788168082904e-09
2021-05-05,1.5839999914169312,-0.0080000162124633,0.035016518041487,15.774697303771973,15.802168020061927,0.004800461447974249,0.012116123923838271,1.0,0,stable,0.9999151540394691,8.484569990978954e-05,2.6117530127331885e-10
2021-05-06,1.5609999895095823,-0.0230000019073486,0.0352753031999126,15.89831256866455,15.966988048050686,0.007805755944541989,-4.43450338512283e-08,0.0,0,stable,0.9999763461633806,2.3653818035203895e-05,1.8186663502890544e-11
2021-05-07,1.5770000219345093,0.0160000324249267,0.0353277090500748,15.973855018615723,15.898311863653358,0.004740348531563073,-1.6487652115005346e-07,0.0,0,stable,0.9999832411816942,1.6758813588616427e-05,4.196662355858072e-12
2021-05-10,1.6019999980926514,0.024999976158142,0.0349134188707626,16.08373260498047,15.973852384902296,0.006855039620024788,-0.010731965243889132,0.0,0,stable,0.999984738726237,1.5261269526959587e-05,4.2389640622667745e-12
2021-05-11,1.6239999532699585,0.0219999551773071,0.0352513304218955,15.62360954284668,15.912045463725027,-0.02902516158400455,-0.006615056977092465,0.0,0,stable,0.9999797525882783,2.024739773536581e-05,1.483400118846674e-11
2021-05-12,1.6950000524520874,0.0710000991821289,0.0367880058330335,15.376380920410156,15.52059955962106,-0.01595057678386801,0.0004466033366831218,1.0,0,stable,0.99992043053758,7.95694092409469e-05,5.272974765518876e-11
2021-05-13,1.6679999828338623,-0.027000069618225,0.0372660381022838,15.342044830322266,15.383249597108124,-0.002235538023102859,0.003574639539000594,1.0,0,stable,0.9999520061559024,4.799384150145844e-05,3.103220214577292e-12
2021-05-14,1.6349999904632568,-0.0329999923706054,0.0289119349334502,15.506865501403809,15.396985247973875,0.010685773834733006,0.010134416247413782,1.0,0,stable,0.9999975826642299,2.4173356691771534e-06,3.0316740719313e-13
2021-05-17,1.6399999856948853,0.0049999952316284,0.0275728481895518,15.465660095214844,15.664817555129334,-0.002660773037098769,-0.0035587850995946447,0.0,0,stable,0.9999990740147691,9.259847333768965e-07,9.594944675718627e-15
2021-05-18,1.6419999599456787,0.0019999742507934,0.0269805056067512,15.788432121276855,15.410718954354882,0.020655439265928353,-0.017551985724074577,0.0,0,stable,0.9999992469768693,7.530236525773231e-07,4.012469442215991e-15
2021-05-19,1.6829999685287476,0.0410000085830688,0.0265535486675409,15.383248329162598,15.513731608084797,-0.02599838112755629,-0.002234680746155423,0.0,0,stable,0.999999100739337,8.992608607012706e-07,2.2069487996952017e-14
2021-05-20,1.633999943733215,-0.0490000247955322,0.0291227387769129,15.355777740478516,15.34891006213005,-0.0017873432902502865,-0.007181298336763091,0.0,0,stable,0.9999969208431252,3.0791564186613847e-06,1.4222911665411495e-14
2021-05-21,1.631999969482422,-0.0019999742507934,0.0289916344340493,14.840714454650879,15.245898329961047,-0.0341174228189033,0.0018491651310877984,1.0,0,stable,0.9999984618746572,1.538125414820769e-06,3.4874678222767495e-14
2021-05-24,1.6080000400543213,-0.0239999294281005,0.029518604231768,15.026135444641113,14.868182775244051,0.012416667500029604,0.005469666632630994,1.0,0,stable,0.9999977683535125,2.231646711593496e-06,5.2551578719701565e-14
2021-05-25,1.5640000104904177,-0.0440000295639038,0.0311707360632084,15.122283935546875,15.108548577015739,0.006378365357389847,-0.008208205442646855,0.0,0,stable,0.9999943345752814,5.665424049990708e-06,3.5883854840520296e-14
2021-05-26,1.5740000009536743,0.0099999904632568,0.0289139268389629,14.957460403442383,14.998665160456515,-0.010959214274738428,0.0036664821746590754,1.0,0,stable,0.999998488701072,1.5112984424053933e-06,8.534453948425882e-14
2021-05-27,1.6100000143051147,0.0360000133514404,0.0300975552653708,14.902522087097168,15.01240232562985,-0.003679732789751255,0.01191029585833486,1.0,0,stable,0.9999971991749704,2.8008257328355744e-06,4.525232000977833e-14
2021-05-28,1.5809999704360962,-0.0290000438690185,0.0303292432081338,15.184090614318848,15.081076742841837,0.018717743382267324,-0.004987569116265385,0.0,0,stable,0.9999968107855163,3.189214880365074e-06,8.267908641070072e-14
2021-06-01,1.6150000095367432,0.0340000391006469,0.0313255766172859,15.184090614318848,15.10854745786925,0.013661506664013499,0.0157059447481098,1.0,0,stable,0.9999957743382916,4.225662238733452e-06,1.3268334188130906e-13
2021-06-02,1.590999960899353,-0.0240000486373901,0.0313255766172859,15.884577751159668,15.42445372645904,0.045100476160402574,0.01841975484039897,1.0,0,stable,0.9999957239725081,4.276026451630302e-06,1.982718258867176e-13
2021-06-03,1.625,0.0340000391006469,0.0320290270714149,16.379037857055664,16.179879119192766,0.030653652053881545,0.0025126516627692512,1.0,0,stable,0.9999936798266934,6.320171277218851e-06,2.026022665456247e-12
2021-06-04,1.559999942779541,-0.0650000572204589,0.0351444214053746,16.53012466430664,16.42024442095288,0.0091821156905987,-0.00291238989058601,0.0,0,stable,0.9999543464453944,4.565355209047367e-05,3.3204825316989483e-12
2021-06-07,1.569000005722046,0.0090000629425048,0.0348417775198123,16.488920211791992,16.482052532718257,-0.002495800472598541,-0.0025020624303003047,0.0,0,stable,0.9999842022072736,1.5797777692517407e-05,1.488448952630098e-11
2021-06-08,1.527999997138977,-0.0410000085830688,0.0357719883871229,16.406509399414062,16.447715473923356,-0.005010482353427804,0.0025082994092425715,1.0,0,stable,0.999966865772492,3.3134217521320595e-05,1.0109952618905605e-11
2021-06-09,1.4889999628067017,-0.0390000343322753,0.036052040430213,16.317230224609375,16.447713491745386,-0.0054565521756726,0.0012618228925193504,1.0,0,stable,0.9999638924243893,3.610755997936551e-05,1.5119620875776888e-11
2021-06-10,1.4589999914169312,-0.0299999713897705,0.0358626634998247,16.076866149902344,16.33783267483737,-0.014840264921296614,-0.002566285239024408,0.0,0,stable,0.9999733593596662,2.6640638163156043e-05,1.8563438713878618e-12
2021-06-11,1.462000012397766,0.0030000209808349,0.0311462961802906,16.221084594726562,16.03566122002775,0.008930560608878204,0.0075917398986880096,1.0,0,stable,0.999996398802186,3.601197083590396e-06,1.1393533220891416e-12
2021-06-15,1.4989999532699585,-0.002000093460083,0.0322593119032611,16.296627044677734,16.344699482174462,0.004646242434706494,0.015471975922292646,1.0,0,stable,0.9999934217465033,6.578250212235448e-06,2.4694978326129155e-12
2021-06-16,1.569000005722046,0.0700000524520874,0.0362829067077696,16.667476654052734,16.5507287245359,0.02250115819687074,-0.00041226330829594206,0.0,0,stable,0.9999089500268438,9.104990631360151e-05,6.719497477723549e-11
2021-06-17,1.5110000371932983,-0.0579999685287475,0.0381522219581096,16.28289222717285,16.66060668120256,-0.02334431479497553,-0.003802907017246783,0.0,0,stable,0.9997907576371005,0.0002092417721032407,5.908904681639657e-10
2021-06-18,1.4500000476837158,-0.0609999895095825,0.0383300401877595,15.93265151977539,16.221087495370707,-0.021744441759503935,-0.008658197775801449,0.0,0,stable,0.9997603407911044,0.00023965845291911325,7.557150339605599e-10
2021-06-21,1.4839999675750732,0.0339999198913574,0.0385049297022049,15.637346267700195,15.795298942757595,-0.01870851352549666,0.02300957604399912,1.0,0,stable,0.9998758298651947,0.0001241696580656231,4.769145952455774e-10
2021-06-22,1.472000002861023,-0.0119999647140502,0.0384999822103716,16.028797149658203,16.001326431723466,0.024724881612550438,-2.0103542366383194e-08,0.0,0,stable,0.9999012650729988,9.873465278993866e-05,2.7419045784947154e-10
2021-06-23,1.4869999885559082,0.0149999856948852,0.0386107702610583,15.692288398742676,16.028796827422603,-0.021217519464834227,-0.006145784996462568,0.0,0,stable,0.9998623902241697,0.00013760919623891318,5.791258574487717e-10
2021-06-24,1.4869999885559082,0.0,0.0376129542690295,15.506865501403809,15.596142716112151,-0.011886545457399748,-0.0017730207513479927,0.0,0,stable,0.9996255487554334,0.0003744487031699894,2.541257712170156e-09
2021-06-25,1.5360000133514404,0.0490000247955322,0.0392487329934816,15.479395866394043,15.479395866394043,-0.0017730207513479927,0.003100719915371341,1.0,0,stable,0.997703238605112,0.0022967471075125033,1.4287467079774945e-08
2021-06-28,1.4780000448226929,-0.0579999685287475,0.0400726241826843,15.472527503967285,15.527467627452985,-0.0004438084481735938,-0.006679996854297055,0.0,0,stable,0.9928521937229488,0.007147732452773379,7.38235732200135e-08
2021-06-29,1.4800000190734863,0.0019999742507934,0.039763836582679,15.300841331481934,15.369515511857264,-0.011158216360815995,0.0031365165424431306,1.0,0,stable,0.987804838922049,0.01219496559177463,1.9548694035554886e-07
2021-06-30,1.4429999589920044,-0.0370000600814819,0.0393149173259028,15.252761840820312,15.348908014999814,-0.003147224900198445,0.004044423275738028,1.0,0,stable,0.9704001492729786,0.02959945847304445,3.922546441829352e-07
2021-07-01,1.4800000190734863,0.0370000600814819,0.0403288393462358,15.300841331481934,15.314575381631384,0.0031472249001983353,0.015144997212817306,1.0,0,stable,0.9259458540458735,0.07405311876400185,1.0271897066460092e-06
2021-07-02,1.430999994277954,-0.0490000247955322,0.0403533322788997,15.760964393615723,15.534336207361978,0.029628459173558132,0.039723192723300264,1.0,0,stable,0.829438585872117,0.1705590007535758,2.4133748757369094e-06
2021-07-06,1.3700000047683716,-0.0609999895095825,0.0400855110272396,16.53012466430664,16.399641384120617,0.01971938883238222,-0.013383855133309374,0.0,0,stable,0.7037836711663682,0.2962099906888622,6.338144433799131e-06
2021-07-07,1.3209999799728394,-0.0490000247955322,0.0407720793973672,16.221084594726562,16.310361788169157,-0.018872539314117427,-0.004242637314898556,0.0,0,stable,0.5752902154179024,0.42470042154573634,9.363036169073324e-06
2021-07-08,1.287999987602234,-0.0329999923706054,0.0405223105908624,16.193614959716797,16.152410199224715,-0.0016948879343770078,-0.0033982804708477103,0.0,0,stable,0.43254121175143373,0.5674461979095426,1.2590339219152338e-05
2021-07-09,1.3559999465942385,0.0679999589920044,0.0434998095855548,16.09747314453125,16.13867791286265,-0.00595471412812142,0.016500987499272212,1.0,1,transitional,0.18323662531767076,0.816739230226824,2.4144455028971765e-05
2021-07-12,1.3630000352859497,0.0070000886917114,0.043241848037993,16.10433578491211,16.365300982518484,0.00042622701723301227,0.008492877184953633,1.0,1,transitional,0.09932840293314216,0.900651907292686,1.9689774090350763e-05
2021-07-13,1.4149999618530271,0.0519999265670776,0.0449587626115556,15.870844841003418,16.241690373100084,-0.014604770926188735,0.009045826886818296,1.0,1,transitional,0.024586729168964018,0.9753841419119524,2.9128919908934634e-05
2021-07-14,1.3559999465942385,-0.059000015258789,0.0455465721417554,15.93265151977539,16.015061050016413,0.0038867900485519127,-0.003454245079731762,0.0,1,transitional,0.0031962748292496596,0.9967729250084668,3.080016232824876e-05
2021-07-15,1.2970000505447388,-0.0589998960494995,0.046917447793245,15.774697303771973,15.877711179983454,-0.009963338375067502,-0.009624095718702567,0.0,1,transitional,0.0004213714396325521,0.9995462715634836,3.235699763852871e-05
2021-07-16,1.2999999523162842,0.0029999017715454,0.0433769597198104,15.630475997924805,15.62360832059882,-0.009184621801212125,-0.007497080456066773,0.0,1,transitional,0.00039772710539053783,0.99957408710999,2.8185784817716673e-05
2021-07-19,1.180999994277954,-0.11899995803833,0.0483157603649959,15.335175514221191,15.513731231071318,-0.019073355255234237,-0.026777108548529018,0.0,1,transitional,2.0477958633902815e-06,0.9998857556928018,0.00011219651095214416
2021-07-20,1.2089999914169312,0.027999997138977,0.0480474804494634,15.039873123168945,14.929992874460245,-0.019444360309702924,0.01675372802504198,1.0,1,transitional,3.069697840715351e-05,0.9999364254290928,3.2877591810312165e-05
2021-07-21,1.2799999713897705,0.0709999799728393,0.0504183791582865,15.026135444641113,15.293969655657524,-0.0009138346018140955,0.012264737434198215,1.0,1,transitional,5.922011511911624e-06,0.999944474750909,4.960323812653501e-05
2021-07-22,1.2649999856948853,-0.0149999856948852,0.0504294283422073,15.506865501403809,15.211561829107383,0.031491813507850776,-0.014722565693793028,0.0,1,transitional,1.1913414208846294e-05,0.9999582865026336,2.98000835597573e-05
2021-07-23,1.2860000133514404,0.0210000276565551,0.0505940306216122,15.342044830322266,15.280237025205519,-0.010685773834733002,0.0008946301801095434,1.0,1,transitional,1.2423749069422033e-05,0.9999579850123052,2.9591239069564575e-05
2021-07-26,1.2760000228881836,-0.0099999904632568,0.0505464777403655,15.142882347106934,15.355776428087102,-0.013066478110944165,0.0049764300545198335,1.0,1,transitional,1.2277459007304236e-05,0.999959280866775,2.8441673474160294e-05
2021-07-27,1.2339999675750732,-0.0420000553131103,0.0491115711665571,15.424452781677246,15.218427659005775,0.018423483608897326,-0.003568166512235381,0.0,1,transitional,1.3793867430263618e-05,0.9999560508421383,3.015529109559582e-05
2021-07-28,1.2610000371932983,0.027000069618225,0.048838842791197,15.122283935546875,15.369513839727896,-0.019784679813681066,0.01710975127061167,1.0,1,transitional,2.5427622411265027e-05,0.9999475519055728,2.702047216934457e-05
2021-07-29,1.2690000534057615,0.0080000162124633,0.0489320642462261,15.170355796813965,15.383248606351467,0.0031738337790968413,0.00045243372490545936,1.0,1,transitional,2.7086639664881825e-05,0.9999479495140616,2.496384611836064e-05
2021-07-30,1.2389999628067017,-0.03000009059906,0.0487628300734211,15.046737670898438,15.177220930287108,-0.008182045416803632,-0.0004564249621743788,0.0,1,transitional,2.006008478886079e-05,0.9999526028632856,2.733705189819188e-05
2021-08-02,1.1740000247955322,-0.0649999380111694,0.04895667302131,15.204691886901855,15.039871531284104,0.010442855346748704,-0.006798006339437005,0.0,1,transitional,8.119852849391875e-06,0.9999531303071524,3.874983974299355e-05
2021-08-03,1.1759999990463257,0.0019999742507934,0.0484254802009363,14.984932899475098,15.10168082668862,-0.014558834078789034,-0.0018349744402800386,0.0,1,transitional,3.497705432833011e-05,0.9999405431804245,2.44797658822975e-05
2021-08-04,1.184000015258789,0.0080000162124633,0.0472718437672378,15.136016845703125,14.957461143308864,0.010031902352548456,-0.01094901995438441,0.0,1,transitional,5.8399934715371816e-05,0.9999184825695704,2.311749588692623e-05
2021-08-05,1.2170000076293943,0.0329999923706054,0.0471767540055811,14.902522087097168,14.97119625377327,-0.015546659047291122,0.004138832398638399,1.0,1,transitional,4.965190531988121e-05,0.9999228166081735,2.7531486662070168e-05
2021-08-06,1.2899999618530271,0.0729999542236328,0.0496325362358629,15.108546257019043,14.964328944215097,0.013730094784486105,-0.00181992133485957,0.0,1,transitional,9.368172078759986e-06,0.9999426800771581,4.795175083477946e-05
2021-08-09,1.3170000314712524,0.027000069618225,0.0475923022219319,15.067340850830078,15.081074896786829,-0.0027310170966913573,-0.002738457498663525,0.0,1,transitional,5.176153206015042e-05,0.9999215008391162,2.6737628707115836e-05
2021-08-10,1.3420000076293943,0.024999976158142,0.0479207524892652,14.978063583374023,15.026136022877342,-0.005942840969540914,0.009128258002820765,1.0,1,transitional,0.00010993769214981701,0.999864791879301,2.527042871244737e-05
2021-08-11,1.3289999961853027,-0.0130000114440917,0.0464013944713053,15.046737670898438,15.115413139517507,0.004574498708528957,0.005462251537540089,1.0,1,transitional,0.0005516657469543998,0.9994258347206372,2.2499531998856632e-05
2021-08-12,1.3669999837875366,0.0379999876022338,0.0454814323027171,15.122283935546875,15.129151614812443,0.005008211637706657,-0.0013633626248098212,0.0,1,transitional,0.002285241938380902,0.9976875512626984,2.720679873606245e-05
2021-08-13,1.2970000505447388,-0.0699999332427978,0.0462579606932707,15.239031791687012,15.101680826772967,0.007690604228964237,-0.001804336585747288,0.0,1,transitional,0.007986801057652808,0.9919816837657309,3.151517604986435e-05
2021-08-16,1.256999969482422,-0.0400000810623168,0.0470632224117773,14.545411109924316,15.211560240509435,-0.046584461272844754,0.0009437209067556167,1.0,1,transitional,0.09356912579531561,0.9064263293242801,4.5448795312857905e-06
2021-08-17,1.2580000162124634,0.0010000467300415,0.0386940965849495,14.236370086669922,14.559144397662235,-0.021475592393416537,-0.03584955033716917,0.0,0,stable,0.8232100602002836,0.17678901467111285,9.251289090606571e-07
2021-08-18,1.2730000019073486,0.0149999856948852,0.0383881151873658,13.93420124053955,13.735042495612817,-0.021453624931341037,-0.014395888293037819,0.0,0,stable,0.970463573998676,0.029536332773564235,9.322717343160402e-08
2021-08-19,1.2419999837875366,-0.031000018119812,0.0357206085776473,13.460342407226562,13.735043005358579,-0.03459857614781625,-0.005115011359950444,0.0,0,stable,0.9973221854331115,0.002677805161696265,9.405469613292493e-09
2021-08-20,1.2599999904632568,0.0180000066757202,0.035836998757292,13.529019355773926,13.391668386830426,0.005089197542181629,-3.0506918790182356e-08,0.0,0,stable,0.9997885928384616,0.0002114064604434085,7.007764010268924e-10
2021-08-23,1.2549999952316284,-0.0049999952316284,0.0355142484821265,13.515283584594727,13.529018943045237,-0.00101579784774527,0.021116798405527642,1.0,0,stable,0.9999685369586835,3.146296310988288e-05,7.78691748588163e-11
2021-08-24,1.2899999618530271,0.0349999666213989,0.0363226261891562,13.947935104370117,13.803717788800345,0.031510313658893487,0.01563293710592813,1.0,0,stable,0.999967730664574,3.2269308482976385e-05,2.6365532411121477e-11
2021-08-25,1.3420000076293943,0.0520000457763671,0.0365927368807806,13.947935104370117,14.167695571833988,0.0,0.002949883522576598,1.0,0,stable,0.9999549716182571,4.5028355901481364e-05,2.5446451670776805e-11
2021-08-26,1.3420000076293943,0.0,0.0362591814091159,13.961669921875,13.989140634184956,0.0009842359718623048,-0.001969353813981774,0.0,0,stable,0.9999727672272634,2.7232749933463784e-05,2.304475784740977e-11
2021-08-27,1.312000036239624,-0.0299999713897705,0.036983066089622,13.92733383178711,13.934201510352985,-0.002462340192559249,0.019454651663295217,1.0,0,stable,0.9999563917967749,4.36081866851357e-05,1.710461638025739e-11
2021-08-30,1.284999966621399,-0.027000069618225,0.0368586675684963,14.032713890075684,14.200938068136518,0.00753793829792286,-0.0040039579597286904,0.0,0,stable,0.9999618344998431,3.816549287685793e-05,6.39091358672561e-12
2021-08-31,1.3040000200271606,0.0190000534057617,0.0336178804077632,13.661218643188477,13.976639827606727,-0.026830247500734275,-0.004628582617593368,0.0,0,stable,0.9999905293601019,9.470636822490454e-06,2.9962665008399556e-12
2021-09-01,1.3020000457763672,-0.0019999742507934,0.0336541222936936,13.836450576782227,13.598132675975368,0.012745393387023223,-0.005078543969812912,0.0,0,stable,0.9999915924644125,8.407534682861694e-06,7.037882350587125e-13
2021-09-02,1.2940000295639038,-0.0080000162124633,0.0337874302676933,13.843462944030762,13.766359684627083,0.0005066755279621287,0.013078379063399976,1.0,0,stable,0.9999909571278801,9.042872282067944e-06,6.309364164613403e-13
2021-09-03,1.3220000267028809,0.027999997138977,0.0335991068784024,13.948598861694336,14.025702098767102,0.007565931590499064,-0.01876787685839185,0.0,0,stable,0.9999909595725798,9.040426595801874e-06,5.664850022232472e-13
2021-09-07,1.3700000047683716,0.0479999780654907,0.031442997787393,13.801403999328613,13.689254559304683,0.006113320166700434,-0.006624240539136041,0.0,0,stable,0.9999942413325982,5.758666432293926e-06,9.439093971143843e-13
2021-09-08,1.3339999914169312,-0.0360000133514404,0.0321179387499407,13.752339363098145,13.710282318630545,-0.0035613809306484626,-0.002040931531093373,0.0,0,stable,0.9999930116744948,6.988325950138992e-06,4.572852107384715e-13
2021-09-09,1.2990000247955322,-0.0349999666213989,0.0325245698954299,13.457945823669434,13.724300402597786,-0.02163924596676853,0.003639215417601825,1.0,0,stable,0.9999919173386983,8.082661252225913e-06,8.165166459469513e-13
2021-09-10,1.340999960899353,0.0419999361038208,0.0337884134867638,13.507011413574219,13.507011413574219,0.003639215417601825,0.007238992668759844,1.0,0,stable,0.9999882583904699,1.1741608207984869e-05,8.769359357730309e-13
2021-09-13,1.3240000009536743,-0.0169999599456787,0.0328610307607791,13.731311798095703,13.605143329751177,0.01646984309466361,0.02121290811800454,1.0,0,stable,0.99999302142421,6.978575880925426e-06,5.002283051966625e-13
2021-09-14,1.2769999504089355,-0.0470000505447387,0.0308017537563971,14.586451530456543,14.025704274557588,0.06041436282602407,-0.013059402835962974,0.0,0,stable,0.9999945471302876,5.45287041733277e-06,1.9328961348803673e-13
2021-09-15,1.3040000200271606,0.027000069618225,0.0300148422210879,14.390190124511719,14.397199632065798,-0.013546387432473963,0.02263506591201179,1.0,0,stable,0.9999975313179225,2.4686817009410674e-06,1.1918953341463496e-13
2021-09-16,1.3309999704360962,0.0269999504089355,0.0304936398415227,14.747665405273438,14.71962737806658,0.024538059571754083,-0.002379282826350489,0.0,0,stable,0.9999970941413651,2.9058588818966257e-06,9.824407080996555e-14
2021-09-17,1.3700000047683716,0.0390000343322753,0.0313838799894079,14.796730995178223,14.71261824832868,0.0033214850185757858,-0.011434021657867444,0.0,0,stable,0.9999950211309879,4.9788674711225455e-06,7.448679263106864e-13
2021-09-20,1.309000015258789,-0.0609999895095825,0.0336847455092295,14.425236701965332,14.628508415559937,-0.025427056260690393,-0.009765704079495839,0.0,0,stable,0.9999770330577938,2.2966940601725082e-05,1.0853323607258823e-12
2021-09-21,1.3240000009536743,0.0149999856948852,0.0336251062106436,14.663555145263672,14.285049735395106,0.016385952148850483,0.009041077580796478,1.0,0,stable,0.9999911296520229,8.870345016105093e-06,2.162261854468684e-12
2021-09-22,1.3359999656677246,0.0119999647140502,0.0336263095611073,15.021029472351074,14.796730602605514,0.024086010533728733,0.023975512021883038,1.0,0,stable,0.9999896907324264,1.0309261281385241e-05,5.69992952587124e-12
2021-09-23,1.409999966621399,0.0740000009536743,0.0363952540688943,15.273368835449219,15.385518288430626,0.016659528715109655,0.022686871171174933,1.0,0,stable,0.9999270797556099,7.292021598990405e-05,2.779187081485317e-11
2021-09-24,1.4600000381469729,0.0500000715255737,0.036270483278286,15.539721488952637,15.623834236526399,0.017288709769476683,0.014775374673291018,1.0,0,stable,0.9999559393921051,4.406054858417431e-05,5.844903567590202e-11
2021-09-27,1.4839999675750732,0.0239999294281005,0.0364621816303316,16.037385940551758,15.771031332954143,0.03152319529473161,0.019905393023928207,1.0,0,stable,0.9999689018747415,3.10980968512256e-05,2.7900602265148594e-11
2021-09-28,1.534000039100647,0.0500000715255737,0.0366081653358902,16.843460083007812,16.35981480125331,0.04903983795079364,-0.003334744198730182,0.0,0,stable,0.9999576683596137,4.23316240139885e-05,1.7226581269632968e-11
2021-09-29,1.5410000085830688,0.0069999694824218,0.035601436399451,16.47196388244629,16.78738500219999,-0.022302678761050222,0.01268518375636523,1.0,0,stable,0.9999797936547714,2.020633120463204e-05,1.3899572141796653e-11
2021-09-30,1.5290000438690186,-0.0119999647140502,0.0359459947205638,16.738319396972656,16.682244676629892,0.01604088851584002,-0.01646650976900703,0.0,0,stable,0.9999706301825618,2.9369790924649816e-05,2.6637085626162274e-11
2021-10-01,1.4789999723434448,-0.0500000715255737,0.0382473246621236,16.647197723388672,16.46495455630142,-0.005458768215379392,0.012968247197532335,1.0,0,stable,0.9998855730089389,0.00011442693241695734,5.92633182877554e-11
2021-10-04,1.4809999465942385,0.0019999742507934,0.0380945031600686,16.906545639038086,16.86448859423486,0.015458965500980151,0.03383237546048618,1.0,0,stable,0.9999250608593812,7.4938956358517e-05,1.8429664783229402e-10
2021-10-05,1.5290000438690186,0.0480000972747802,0.0388385073139719,17.57944107055664,17.48832015377553,0.03902923540691993,0.015037877117278131,1.0,0,stable,0.9998871621394101,0.00011283771677514235,1.434959325636332e-10
2021-10-06,1.52400004863739,-0.0049999952316284,0.0379477864958411,17.55140495300293,17.845796233879753,-0.0015960972580509043,-0.011245234369670603,0.0,0,stable,0.9999357540411784,6.424585570792335e-05,1.029823632432371e-10
2021-10-07,1.5709999799728394,0.0469999313354492,0.0375288572516222,17.53037452697754,17.355140876772158,-0.0011989373889415237,0.011528912089728914,1.0,0,stable,0.9999367887619248,6.321118185538562e-05,5.563055749041384e-11
2021-10-08,1.6050000190734863,0.0340000391006469,0.0362733818239378,17.76869773864746,17.73365019591675,0.013503291597271969,0.00942273881155697,1.0,0,stable,0.9999680114202057,3.198855723538773e-05,2.3411736900902752e-11
2021-10-11,1.6139999628067017,0.0089999437332153,0.035736554016783,17.845796585083008,17.936918843561127,0.00432963984688561,0.001569918259483471,1.0,0,stable,0.9999787913959939,2.1208589437420545e-05,1.4193384673212173e-11
2021-10-12,1.5800000429153442,-0.0339999198913574,0.0366314474844474,17.621498107910156,17.873835030271763,-0.012648355020900942,0.006344228765415372,1.0,0,stable,0.9999610255573359,3.897443203649035e-05,9.893722476200344e-12
2021-10-13,1.5490000247955322,-0.031000018119812,0.0354872995944674,17.7336483001709,17.7336483001709,0.006344228765415372,-1.936276331324001e-07,0.0,0,stable,0.99997280664551,2.7193332696188536e-05,2.2486215079290784e-11
2021-10-14,1.5190000534057615,-0.0299999713897705,0.0365238425966557,17.516355514526367,17.733644866446884,-0.01232882351747372,0.00598437832693677,1.0,0,stable,0.9999580515190416,4.194844689125627e-05,3.411305453044122e-11
2021-10-15,1.5759999752044678,0.056999921798706,0.0377774225156647,17.649532318115234,17.621494294175697,0.007574240178910688,0.007123296302637626,1.0,0,stable,0.9999186923692783,8.130756989065168e-05,6.030699091832796e-11
2021-10-18,1.5839999914169312,0.0080000162124633,0.0372580477427163,17.69860076904297,17.775704012091023,0.0027762983874909984,-0.0051617901882040264,0.0,0,stable,0.9999600706601338,3.9929316674410805e-05,2.2794490318322158e-11
2021-10-19,1.6349999904632568,0.0509999990463256,0.0344697288299848,17.495328903198242,17.60747968153579,-0.011551658375729483,0.005593334201452082,1.0,0,stable,0.9999797133843943,2.028660418311472e-05,1.1410314720773376e-11
2021-10-20,1.6360000371932983,0.0010000467300415,0.0346154417287471,17.186918258666992,17.59346030975463,-0.017785397397281067,-0.0004079094015029678,0.0,0,stable,0.99998731012286,1.2689874425869213e-05,3.4823437344262057e-12
2021-10-21,1.6759999990463257,0.0399999618530273,0.0350365812967684,16.787385940551758,17.17990898279837,-0.023520760567395195,-0.010071561407159604,0.0,0,stable,0.9999818248430589,1.8175154948191696e-05,1.912106976593504e-12
2021-10-22,1.6549999713897705,-0.0210000276565551,0.0332886400598846,16.310749053955078,16.61915932654451,-0.028803425884881512,0.012385529661384141,1.0,0,stable,0.9999912216174965,8.778382002208392e-06,1.140432327227665e-12
2021-10-25,1.6349999904632568,-0.0199999809265136,0.0327587119185263,16.913555145263672,16.51402254656935,0.03629103840325011,0.013583056317320406,1.0,0,stable,0.9999928103629077,7.1896358474554385e-06,1.3431504786363824e-12
2021-10-26,1.61899995803833,-0.0160000324249267,0.0329644839748993,16.871496200561523,17.144860276344616,-0.002489797395830398,0.005799650663919578,1.0,0,stable,0.9999828370636727,1.7162915847152557e-05,2.111221854323829e-11
2021-10-27,1.5290000438690186,-0.0899999141693115,0.0375498255780708,17.011686325073242,16.96962927842107,0.008274956129841715,-0.015362579274836492,0.0,0,stable,0.9996256806300684,0.0003743191991678777,1.7120630383350204e-10
2021-10-28,1.5679999589920044,0.0389999151229858,0.0384956219208376,16.59112548828125,16.75234015896948,-0.02503259550209846,-0.0004226295035538382,0.0,0,stable,0.9998282611454519,0.00017173784605666422,1.0076904389324247e-09
2021-10-29,1.5570000410079956,-0.0109999179840087,0.0384789799867723,16.303741455078125,16.584115070661746,-0.01747332467393604,0.0008593897060078148,1.0,0,stable,0.9998656047179154,0.00013439456970399505,7.122797895424274e-10
2021-11-01,1.5750000476837158,0.0180000066757202,0.0367662253965737,16.464954376220703,16.317758744948637,0.009839526274711782,0.01058662578258025,1.0,0,stable,0.9997358949031394,0.0002641025968935231,2.5006277264789695e-09
2021-11-02,1.5490000247955322,-0.0260000228881835,0.0373669471193867,16.38785171508789,16.64018861977361,-0.004693833609185648,-0.0034275471620224297,0.0,0,stable,0.9980127898637966,0.0019872009880996183,9.147629320682708e-09
2021-11-03,1.5789999961853027,0.0299999713897705,0.0364848648593594,16.55607795715332,16.33177773345529,0.010212971310347995,-0.015358673999589048,0.0,0,stable,0.9870115997475796,0.01298829673845289,1.0351401060040062e-07
2021-11-04,1.52400004863739,-0.0549999475479126,0.038562902475082,16.11448860168457,16.30374129165407,-0.02703450211087763,-0.00654587452482653,0.0,0,stable,0.878375405754261,0.1216240656017179,5.286432286397324e-07
2021-11-05,1.4529999494552612,-0.0710000991821289,0.0399442871524713,15.827106475830078,16.009349669814004,-0.017994710650679147,0.009695894431689143,1.0,0,stable,0.641010822413843,0.3589840105170093,5.167069633150238e-06
2021-11-08,1.496999979019165,0.0440000295639038,0.0404960124232941,16.29673194885254,15.981310795716908,0.029240523966916763,-1.2844101230328215e-07,0.0,0,stable,0.45823983810803176,0.541746331095383,1.3830796342527544e-05
2021-11-09,1.4320000410079956,-0.0649999380111694,0.0423796120815057,16.10747718811035,16.296729855683925,-0.01168100797385839,0.009959133146566001,1.0,1,transitional,0.12420893226030488,0.8757652819591774,2.578578127753888e-05
2021-11-10,1.559999942779541,0.1279999017715454,0.0513356089242867,15.862153053283691,16.268695161189214,-0.015347625133943646,-0.025510438935323742,0.0,1,transitional,0.00016396657448634314,0.9996711040417099,0.0001649293835481248
2021-11-11,1.559999942779541,0.0,0.0508719862694881,15.427574157714844,15.462620360784326,-0.02777952261399574,0.007693854989468697,1.0,1,transitional,1.7834913409636422e-05,0.9999443481126308,3.781697407111065e-05
2021-11-12,1.5820000171661377,0.0220000743865966,0.0505766481520706,15.595794677734375,15.546729470184596,0.010844867920444812,-0.0022495521974625864,0.0,1,transitional,1.2786553855881125e-05,0.9999567277095072,3.048573678708545e-05
2021-11-15,1.6230000257492063,0.0410000085830688,0.0498376190567145,15.77103042602539,15.560750555115778,0.011173433768036665,0.00620286934660083,1.0,1,transitional,1.3936930741675375e-05,0.9999538643480176,3.219872098155302e-05
2021-11-16,1.633999943733215,0.0109999179840087,0.0498592552649732,15.651870727539062,15.86916009534534,-0.007584294593980001,-0.008093680555081391,0.0,1,transitional,1.7828808344874526e-05,0.999955129841395,2.7041350438030307e-05
2021-11-17,1.6039999723434448,-0.0299999713897705,0.0490363082449836,15.686915397644043,15.52570076422783,0.002236505560403911,-0.013948212036231198,0.0,1,transitional,1.8219817781786197e-05,0.9999540426789838,2.77375030585937e-05
2021-11-18,1.5889999866485596,-0.0149999856948852,0.0491201390771369,15.420564651489258,15.469629870562958,-0.01712496511893086,0.004535072823372273,1.0,1,transitional,2.0877398109906095e-05,0.9999439142460533,3.5208355411326535e-05
2021-11-19,1.5360000133514404,-0.0529999732971191,0.0493135980436619,15.497666358947754,15.49065685164583,0.004987469513172873,-0.023336750507866297,0.0,1,transitional,9.000570430451469e-06,0.9997983245095629,0.0001926749192966755
2021-11-22,1.625,0.0889999866485595,0.0533887120951562,15.210282325744629,15.140188593884748,-0.018717787153707657,0.033978386737034044,1.0,1,transitional,8.585726864811004e-07,0.997913375644604,0.0020857657819571976
2021-11-23,1.6670000553131104,0.0420000553131103,0.0540209181482261,15.735983848571777,15.735983848571776,0.033978386737034044,0.013274615067272318,1.0,1,transitional,2.033287291041543e-06,0.9889543059374963,0.01104366077531497
2021-11-24,1.6449999809265137,-0.0220000743865966,0.0541339845921662,15.988321304321289,15.946265593578865,0.01590848255329874,-0.002633792522171249,0.0,1,transitional,3.285109269242281e-07,0.9094861581331718,0.09051351335677334
2021-11-26,1.4819999933242798,-0.1629999876022339,0.0620506958038225,15.140192031860352,15.946266788972453,-0.05231100917757694,-0.02389449222474643,0.0,2,hiking/crisis,8.955709665773921e-12,0.14782310318047354,0.8521768968102941
2021-11-29,1.5299999713897705,0.0479999780654907,0.0623799688810448,14.887852668762207,14.782712732551573,-0.016807308352755148,-0.0023568654706264693,0.0,2,hiking/crisis,2.1062824467705167e-09,0.10334777218355955,0.8966522257096442
2021-11-30,1.4429999589920044,-0.0870000123977661,0.065085758096582,15.021029472351074,14.852805320041904,0.008905560771953354,-0.01315184782096468,0.0,2,hiking/crisis,5.628994340202592e-11,0.03679202611861915,0.963207973825796
2021-12-01,1.434000015258789,-0.0089999437332153,0.0648661160388045,15.070096015930176,14.824768604099434,0.0032611998567593507,-0.0140516503705467,0.0,2,hiking/crisis,2.406792941838996e-10,0.021830361644736125,0.978169638114177
2021-12-02,1.4479999542236328,0.0139999389648437,0.0648587732837912,14.78972339630127,14.85981713823128,-0.01877980947506822,0.016451505312421663,1.0,2,hiking/crisis,1.5726124858665694e-11,0.010308467017240525,0.9896915329677723
2021-12-03,1.343000054359436,-0.1049998998641967,0.0678571158908952,14.957945823669434,15.03504906445876,0.011310077394053566,0.007004496793442392,1.0,2,hiking/crisis,3.3109921381756366e-14,0.0006249135004928207,0.9993750865000127
2021-12-06,1.434000015258789,0.090999960899353,0.0705741584402036,15.084115028381348,15.063086506138543,0.008399553354773262,0.013385734481378956,1.0,2,hiking/crisis,4.050396201344635e-14,0.00019816293497267062,0.9998018370651747
2021-12-07,1.4800000190734863,0.0460000038146972,0.0696563791640878,15.378506660461426,15.287384406896582,0.019328657943481507,0.01627518788768804,1.0,2,hiking/crisis,3.438650968090402e-13,0.0014441091317446797,0.9985558908682652
2021-12-08,1.508999943733215,0.028999924659729,0.0692723153777435,15.700936317443848,15.63084258316193,0.020749485465242832,0.004454478610811655,1.0,2,hiking/crisis,4.740225762220102e-12,0.011511235776426003,0.9884887642189104
2021-12-09,1.4869999885559082,-0.0219999551773071,0.0678582675141543,15.553742408752441,15.771031805961705,-0.009419069587569898,-0.007690718592490461,0.0,2,hiking/crisis,6.22647840689226e-11,0.07644488190878025,0.9235551180297044
2021-12-10,1.4889999628067017,0.0019999742507934,0.0614893951444482,15.441591262817383,15.434581755685523,-0.007236678692657113,0.007687264501260763,1.0,1,transitional,8.981622505585255e-09,0.35755535600413263,0.6424446350143351
2021-12-13,1.4240000247955322,-0.0649999380111694,0.0629297993351416,15.616827011108398,15.560752283508943,0.011284387134386915,-0.004949663035812894,0.0,1,transitional,6.06208907161968e-09,0.48603499188230215,0.5139650020558714
2021-12-14,1.437999963760376,0.0139999389648437,0.0627728123648434,15.581775665283203,15.539719964086506,-0.002246982721400644,-0.008129942915123714,0.0,1,transitional,3.2963001709179764e-08,0.6595743604395432,0.34042560659807
2021-12-15,1.4630000591278076,0.0250000953674316,0.0622578933557163,15.469629287719727,15.45561027224773,-0.0072233037665339,0.0004531638401961149,1.0,1,transitional,5.343035340804554e-08,0.7732555113700986,0.2267444351989391
2021-12-16,1.4220000505447388,-0.0410000085830688,0.0625139052534704,15.266361236572266,15.47664115297606,-0.013226905082119092,0.005037471905544104,1.0,1,transitional,3.2022210902813595e-08,0.8385428910801992,0.16145707689753733
2021-12-17,1.4019999504089355,-0.0200001001358032,0.0623926730479799,15.350468635559082,15.343459128596846,0.005494207657185084,-0.005953797734012147,0.0,1,transitional,5.456169048440509e-08,0.8930583868019154,0.10694155863648787
2021-12-20,1.4190000295639038,0.0170000791549682,0.0626449416878673,14.908879280090332,15.259346580495315,-0.02918904327402834,-0.0028247861505778116,0.0,1,transitional,6.358849869031455e-08,0.9287862805087134,0.07121365590245322
2021-12-21,1.4869999885559082,0.0679999589920044,0.0638610319237286,15.077105522155762,14.866824310491646,0.011220442358079504,0.011095727166996267,1.0,1,transitional,1.8047094793981116e-08,0.9513219743215416,0.04867800763161896
2021-12-22,1.4570000171661377,-0.0299999713897705,0.0605450090225928,15.203272819519043,15.245328523866084,0.008333319093382552,0.002762557619367448,1.0,1,transitional,1.1850631212386185e-07,0.981663296299079,0.01833658519468644
2021-12-23,1.493000030517578,0.0360000133514404,0.0603109623926888,15.273368835449219,15.2453308037404,0.004599991057142342,0.011861213105621684,1.0,1,transitional,1.9712552152313549e-07,0.9946306810624626,0.005369121812015704
2021-12-29,1.5429999828338623,0.062000036239624,0.0494028947230281,15.574767112731934,15.455608171271772,0.019082817562305374,0.0062809962143797315,1.0,1,transitional,4.393294667871993e-05,0.9994443215289011,0.0005117455243019641
2021-12-30,1.5149999856948853,-0.027999997138977,0.0457105612140767,15.50467586517334,15.672900029627389,-0.004510464774939404,-0.0058944689714743636,0.0,1,transitional,0.0009058332857150975,0.9990447775765429,4.938913740668963e-05
2021-12-31,1.5119999647140503,-0.0030000209808349,0.0456477013027627,15.37149715423584,15.41355285907645,-0.008626686783992041,0.011335332896246667,1.0,1,transitional,0.004039194223438334,0.9959376812690479,2.3124507213398568e-05
2022-01-04,1.6679999828338623,0.0399999618530273,0.045149329808713,15.89018726348877,15.5467294736374,0.03318680509982556,0.018357305527482912,1.0,1,transitional,0.01312245801525732,0.9868506352038706,2.6906780578328435e-05
2022-01-05,1.7050000429153442,0.0370000600814819,0.0420653180819726,15.960283279418945,16.184582167255847,0.004401575732136131,-0.0035195376985185695,0.0,1,transitional,0.04066893093548106,0.9593020173473893,2.9051717335422372e-05
2022-01-06,1.7330000400543213,0.027999997138977,0.041537309891824,15.56775951385498,15.904209196046306,-0.02490126334247175,0.02182229767251205,1.0,1,transitional,0.0646147666756204,0.9353576497967543,2.7583527110808184e-05
2022-01-07,1.7710000276565552,0.0379999876022338,0.0417667629905795,15.91121768951416,15.91121768951416,0.02182229767251205,0.007023771434596581,1.0,1,transitional,0.07933792073159601,0.9206330186817316,2.9060587422616076e-05
2022-01-10,1.7799999713897705,0.0089999437332153,0.0410286288050436,16.282712936401367,16.023367843272933,0.02307961344499529,-0.0056118475329077575,0.0,1,transitional,0.09030288020104714,0.9096723710360249,2.4748762124911453e-05
2022-01-11,1.746000051498413,-0.0339999198913574,0.0422858231450332,16.39486312866211,16.19159274941439,0.006864072927039331,0.025745234467970134,1.0,1,transitional,0.09274756906650979,0.907228782591533,2.3648342344371704e-05
2022-01-12,1.725000023841858,-0.0210000276565551,0.0392483664260133,17.067760467529297,16.82243305147656,0.04022326931473098,0.006141238013210265,1.0,1,transitional,0.09613284929286048,0.9038390675377849,2.8083168492155655e-05
2022-01-13,1.7109999656677246,-0.0140000581741333,0.0397328717414659,17.45327377319336,17.172900160408787,0.02233590861312143,-0.005638297745684364,0.0,1,transitional,0.08666848887898485,0.9133034209730514,2.8090147174178484e-05
2022-01-14,1.7719999551773071,0.0609999895095825,0.0410318807217358,17.397199630737305,17.355143921649002,-0.0032179873251937897,0.015987403549117,1.0,1,transitional,0.05217639378075913,0.9477767000007377,4.6906218049326026e-05
2022-01-18,1.8650000095367432,0.093000054359436,0.0423331056023875,17.66355323791504,17.67757091447228,-0.0015860792637732081,0.0035650824575933692,1.0,1,transitional,0.015947206505764613,0.9839771298979325,7.566359546266557e-05
2022-01-19,1.8270000219345093,-0.0379999876022338,0.0433761610945204,17.817758560180664,17.726637645443706,0.008692254337203319,-0.012269913918095326,0.0,1,transitional,0.008040345755331423,0.9919316439435174,2.801030177202358e-05
2022-01-20,1.8329999446868896,0.0059999227523803,0.0434835059763201,18.09112548828125,17.600471966383378,0.015225881643935,0.0034805771822074487,1.0,1,transitional,0.0038399329592120443,0.9961355585215564,2.450851859215292e-05
2022-01-21,1.746999979019165,-0.0859999656677246,0.0477131895119287,17.656539916992188,18.154202755826596,-0.02431526522902938,-0.007971051368776494,0.0,1,transitional,9.531901349579916e-05,0.9998545954388934,5.0085547844428994e-05
2022-01-24,1.7350000143051147,-0.0119999647140502,0.0470711307067474,17.61448860168457,17.516358170504326,-0.00238446889687851,-0.007188391436987312,0.0,1,transitional,6.576539964834554e-05,0.9999098401068542,2.4394494211868333e-05
2022-01-25,1.7829999923706057,0.0479999780654907,0.0474327172964402,16.913555145263672,17.488322770622947,-0.04060639935597878,0.016440914873603343,1.0,1,transitional,3.698581858151179e-05,0.9999319370698628,3.1077112132156304e-05
2022-01-27,1.807000041007996,-0.0410000085830688,0.0498514069740674,17.33411407470703,17.19392794281078,0.024561091633999353,0.001212470249107291,1.0,1,transitional,1.1098627696756471e-05,0.9999570607139131,3.1840658665296275e-05
2022-01-28,1.781999945640564,-0.0250000953674316,0.0494089940618989,17.411218643188477,17.355143918771077,0.004438276396803719,-0.0028218834135860745,0.0,1,transitional,1.7258474167428747e-05,0.9999554878188813,2.7253707408407143e-05
2022-01-31,1.781999945640564,0.0,0.0486653406181749,17.57243537902832,17.362155471921156,0.009216754601832706,-0.002796074999922143,0.0,1,transitional,3.17391560979163e-05,0.9999440373228946,2.4223521848709453e-05
2022-02-01,1.7999999523162842,0.0180000066757202,0.0485418927245473,17.565425872802734,17.52337015876128,-0.0003989717113588181,0.024828789253307337,1.0,1,transitional,4.9256829803455906e-05,0.9999257152265526,2.5027943740224233e-05
2022-02-02,1.7660000324249268,-0.0339999198913574,0.0435138743027708,18.147199630737305,18.007013487674794,0.03258372753162079,0.004239631043660734,1.0,1,transitional,0.00018791619577859526,0.9997864209937943,2.5662811160629974e-05
2022-02-03,1.8270000219345093,0.0609999895095825,0.0445494929639972,18.210281372070312,18.22430038553698,0.0034700866447832323,-0.0007699200365118493,0.0,1,transitional,0.0001077686609685807,0.9998502583513657,4.197298696099202e-05
2022-02-04,1.9299999475479128,0.1029999256134033,0.048849909002036,18.413557052612305,18.196266307503265,0.011100844517234375,0.008716924102423473,1.0,1,transitional,4.5205237041082175e-06,0.9999081135501351,8.736592685661446e-05
2022-02-07,1.9160000085830688,-0.0139999389648437,0.0489664523660292,18.75701141357422,18.574768243957017,0.018480434923407445,0.008928732196312324,1.0,1,transitional,2.2297937617949665e-05,0.9999488498600798,2.8852201976311348e-05
2022-02-08,1.9539999961853027,0.0379999876022338,0.0489664523660292,18.946266174316406,18.92523765118807,0.010039251883428713,-0.01942539574391357,0.0,1,transitional,2.1106455130958038e-05,0.9999487452280721,3.0148316133711114e-05
2022-02-09,1.9290000200271609,-0.024999976158142,0.0495155488396503,18.785049438476562,18.581779070535173,-0.008545565629719554,0.00260851416544266,1.0,1,transitional,1.53193069116648e-05,0.9999504490059377,3.423168749730473e-05
2022-02-10,2.0309998989105225,0.1019998788833618,0.052665505999007,18.588787078857422,18.83411447163109,-0.010502757116321582,-0.0007543466113621684,0.0,1,transitional,6.994827142903667e-07,0.9998655004419985,0.00013380007448596625
2022-02-11,1.955000042915344,-0.0759998559951782,0.0557480458656085,18.553741455078125,18.574769977856164,-0.001887089305046867,0.01945429348070297,1.0,1,transitional,2.6078016954945785e-07,0.9998484384738366,0.00015130074627679803
2022-02-14,1.996000051498413,0.0410000085830688,0.0558090852800476,19.22663688659668,18.91822527871791,0.035625191006168455,-0.004384358645385135,0.0,1,transitional,1.0802730688818763e-06,0.9999109697508494,8.794997517640806e-05
2022-02-15,2.0450000762939453,0.0490000247955322,0.0553588023846346,18.742992401123047,19.14252493815291,-0.025476711461344684,-0.0052493020056976775,0.0,1,transitional,1.1658553384202784e-06,0.9999246281361361,7.420600914852726e-05
2022-02-16,2.046999931335449,0.0019998550415039,0.0522583010199041,18.665889739990234,18.64486255544887,-0.004122163823062713,0.037948860032722374,1.0,1,transitional,5.943926521412964e-06,0.9999515585933133,4.2497479990089026e-05
2022-02-17,1.972000002861023,-0.0749999284744262,0.0544865728818519,19.429906845092773,19.387851142968202,0.040115688863605115,0.0007213761267126312,1.0,1,transitional,4.7352237213581914e-07,0.999898271876732,0.00010125460095679151
2022-02-18,1.932000041007996,-0.0399999618530273,0.0554410522006509,19.2336483001709,19.443928172752553,-0.010152208188580111,0.04837347456054834,1.0,1,transitional,9.426031455667411e-07,0.9999202766214995,7.878077616089443e-05
2022-02-22,1.9479999542236328,0.0159999132156372,0.0514184145205049,20.502338409423828,20.18691728373892,0.03691225683636765,4.799579729492223e-08,1.0,1,transitional,8.605039348789358e-06,0.9999383652962192,5.302966446204889e-05
2022-02-23,1.9769999980926516,0.0290000438690185,0.0513367147197853,20.228975296020508,20.50233939344993,-0.01342295118764088,0.005517195492466372,1.0,1,transitional,8.444667835423641e-06,0.9997233216418627,0.0002682336908210705
2022-02-24,1.968999981880188,-0.0080000162124633,0.0507988686266877,20.73220443725586,20.340890953734654,0.024572264027034694,-0.0028532409104812077,0.0,1,transitional,1.0217261342403704e-05,0.9968404730781931,0.0031493096608653506
2022-02-25,1.9859999418258667,0.0169999599456787,0.0492011508674362,20.636219024658203,20.67313477345544,-0.004640524187995846,0.024038093136139606,1.0,1,transitional,4.562572018718142e-06,0.9528323893494748,0.047163048078832856
2022-02-28,1.83899998664856,-0.1469999551773071,0.0588222513337185,21.071836471557617,21.13828455304233,0.02088964746662719,0.03240530330227331,1.0,2,hiking/crisis,1.5547424044660425e-11,0.2156899239854915,0.7843100759995195
2022-03-01,1.7070000171661377,-0.1319999694824218,0.0654908533008455,21.175199508666992,21.76586001324451,0.004893277881214733,0.03427345223822039,1.0,2,hiking/crisis,4.03743392806145e-15,0.011469405705210028,0.9885305942947356
2022-03-02,1.8650000095367432,0.1579999923706054,0.0743924873284921,22.474655151367188,21.913526939823015,0.05955757419492266,0.03676646053384194,1.0,2,hiking/crisis,6.439668244911537e-19,2.3565089893029695e-05,0.9999764349097783
2022-03-03,1.843999981880188,-0.0210000276565551,0.074510972971671,23.139148712158203,23.3163468732223,0.029137695918905412,-0.015110427332202752,0.0,2,hiking/crisis,8.893770840323477e-21,4.8751698760628404e-06,0.9999951248292439
2022-03-04,1.7239999771118164,-0.1200000047683715,0.0788320679781766,23.198213577270508,22.79213465500173,0.0025493422233506197,0.08507334663007392,1.0,2,hiking/crisis,1.1002642015830417e-24,4.977398051067113e-08,0.9999999502251752
2022-03-07,1.7510000467300415,0.027000069618225,0.0778160833810126,25.40580940246582,25.258143570262405,0.0909025897775249,-0.025608362209341696,0.0,2,hiking/crisis,3.914561628819606e-24,1.0218283442628633e-06,0.9999989781723106
2022-03-08,1.871999979019165,0.1209999322891235,0.0791371318440484,24.350004196166992,24.76346799176324,-0.04244584264957152,0.018922238387589465,1.0,2,hiking/crisis,3.8219366167201923e-25,1.7975748008703026e-07,0.9999998202420264
2022-03-09,1.9479999542236328,0.0759999752044677,0.0809151219591741,24.512434005737305,24.8151476795656,0.006648477393301627,-0.06405669825656515,0.0,2,hiking/crisis,9.205537207880033e-26,1.3340790626798699e-07,0.999999866591688
2022-03-10,2.010999917984009,0.0629999637603759,0.0816591034384107,23.36802864074707,22.991482034145506,-0.04781170852474502,-0.004433216571778988,0.0,2,hiking/crisis,5.335176004325606e-26,9.612272350245365e-08,0.9999999038773286
2022-03-11,2.003999948501587,-0.0069999694824218,0.0814478487995175,23.611675262451172,23.26466240068284,0.010372513487000733,0.0006252526776246453,1.0,2,hiking/crisis,5.822665057257993e-27,1.0638926798980308e-07,0.9999998936109534
2022-03-14,2.140000104904175,0.1360001564025879,0.0838060860914872,23.5673770904541,23.62644314197922,-0.0018778751503326625,-0.03215302564927663,0.0,2,hiking/crisis,6.470894646977748e-29,8.127536403444782e-09,0.9999999918727553
2022-03-15,2.1600000858306885,0.0199999809265136,0.0817489434715706,22.89550018310547,22.82166726677681,-0.028923036363518034,-0.019538225032273926,0.0,2,hiking/crisis,6.3530673879052154e-27,1.0191783818205408e-07,0.9999998980820289
2022-03-16,2.187999963760376,0.0279998779296875,0.0815495407656021,22.858583450317383,22.4525045152484,-0.0016137025536300334,-0.0035591585256348735,0.0,2,hiking/crisis,1.2242080088480093e-25,1.1651366772828773e-07,0.9999998834864595
2022-03-17,2.191999912261963,0.0039999485015869,0.0810394898809177,22.555871963500977,22.77737073833526,-0.013331260598203056,0.044807537052424545,1.0,2,hiking/crisis,8.512316183029279e-26,1.4782017018738798e-07,0.999999852179837
2022-03-18,2.1480000019073486,-0.0439999103546142,0.0817995129001913,23.161300659179688,23.58952993096397,0.026487381305036424,-0.017688336673687893,0.0,2,hiking/crisis,1.1308905674543692e-28,5.351559272737636e-08,0.9999999464835142
2022-03-21,2.315000057220459,0.1670000553131103,0.0868822947705992,23.36802864074707,22.75521782802196,0.00888597987364644,0.031106856908139,1.0,2,hiking/crisis,2.6916070902439532e-33,4.746112923878e-10,0.9999999995252438
2022-03-22,2.372999906539917,0.057999849319458,0.0863353893897732,23.744577407836914,24.10635859065807,0.01598539401739443,-0.0009333258826046768,0.0,2,hiking/crisis,7.389146951532703e-33,4.781445033074909e-09,0.9999999952178769
2022-03-23,2.321000099182129,-0.051999807357788,0.0877951509739253,23.84794044494629,23.722426317871445,0.004343674354273702,0.02144030271701063,1.0,2,hiking/crisis,7.549638838128587e-33,7.546947751929127e-10,0.9999999992451194
2022-03-24,2.3410000801086426,0.0199999809265136,0.0877595085539047,24.512434005737305,24.364768180737595,0.027482640153076762,0.0009033191242566879,1.0,2,hiking/crisis,7.025550442241795e-35,1.811720354126576e-09,0.9999999981882866
2022-03-25,2.492000102996826,0.1510000228881836,0.0922105669521913,24.800384521484375,24.53458656006341,0.01167865870022802,0.0002975558303547769,1.0,2,hiking/crisis,4.2015471341486176e-39,1.576464590606838e-11,0.9999999999836291
2022-03-28,2.476999998092652,-0.0150001049041748,0.0926112638723379,24.48290252685547,24.807765118509163,-0.012884140060210917,-0.01825990848309372,0.0,2,hiking/crisis,7.052999135906218e-38,3.292189207613205e-11,0.9999999999672582
2022-03-29,2.400000095367432,-0.0769999027252197,0.087278362803727,24.224485397338867,24.039903833917638,-0.010611102965797871,0.00060947688111828,1.0,2,hiking/crisis,1.0731037371815042e-33,6.244815708271849e-10,0.9999999993760866
2022-03-30,2.3580000400543213,-0.0420000553131103,0.0810851353986245,24.02513885498047,24.23925416129846,-0.008263180479871648,0.014037352685243702,1.0,2,hiking/crisis,3.297975907108487e-27,8.686752187697296e-08,0.9999999131323458
2022-03-31,2.32699990272522,-0.0310001373291015,0.0766518103818661,23.700271606445312,24.364766361070977,-0.013614226180435915,-0.004683552901862593,0.0,2,hiking/crisis,1.5763932439879467e-22,1.348299980581491e-06,0.9999986517004794
2022-04-01,2.377000093460083,0.0500001907348632,0.0762249829863986,24.128507614135742,23.589529665889664,0.017907521725531082,0.006709300356629623,1.0,2,hiking/crisis,1.616018902754565e-19,2.687769146279682e-06,0.9999973122303086
2022-04-04,2.4119999408721924,0.0349998474121093,0.0685630417868915,24.379535675048828,24.290937304355452,0.010350048561212718,0.005436449018261529,1.0,2,hiking/crisis,1.4041320875597045e-17,7.818966064726989e-05,0.9999218103395606
2022-04-05,2.555999994277954,0.1440000534057617,0.0727003041233389,25.05141258239746,24.512434699902897,0.027186137906129455,-0.007395416997270654,0.0,2,hiking/crisis,6.465163299143194e-19,3.233200813988081e-06,0.9999967667988557
2022-04-06,2.608999967575073,0.0529999732971191,0.0703092588451638,24.911130905151367,24.866830312674065,-0.005615488567524942,-0.011626370172289738,0.0,2,hiking/crisis,5.517288389456163e-17,3.941709762314676e-05,0.9999605829017876
2022-04-07,2.6519999504089355,0.0429999828338623,0.0697155893268092,24.290937423706055,24.623182019561515,-0.02521139262980783,0.01208457566232546,1.0,2,hiking/crisis,1.2331427002185327e-15,5.743790987281841e-05,0.9999425620897239
2022-04-08,2.713000059127808,0.061000108718872,0.0696746656982501,23.921772003173828,24.58626394873961,-0.015314328519667138,0.007380167426411643,1.0,2,hiking/crisis,1.2367789691946737e-15,5.3203172903775355e-05,0.9999467968265724
2022-04-11,2.7799999713897705,0.0669999122619628,0.0693984822392932,23.670743942260742,24.098971763350395,-0.010549153953563577,-0.016986910503797092,0.0,2,hiking/crisis,1.2690058438804885e-15,5.5820380100976834e-05,0.999944179619939
2022-04-12,2.7249999046325684,-0.0550000667572021,0.0682753921414116,23.670743942260742,23.27204703482134,0.0,0.016703114695155837,1.0,2,hiking/crisis,1.1859772417214163e-15,6.090967697247534e-05,0.9999390903227966
2022-04-13,2.687000036239624,-0.0379998683929443,0.0697659672148033,23.663360595703125,24.069439553074076,-0.00031196730938795305,0.0034262331364356803,1.0,2,hiking/crisis,3.037073378334378e-17,3.9413355011011416e-05,0.9999605866451202
2022-04-14,2.828000068664551,0.1410000324249267,0.0742169924263854,23.914390563964844,23.744575837622783,0.010552507909729069,0.011053254231226724,1.0,2,hiking/crisis,5.0179293267640476e-20,1.5481467030961515e-06,0.99999845185386
2022-04-19,2.9130001068115234,0.0510001182556152,0.0719740084075094,24.298320770263672,24.180188663498612,0.015926850468693573,0.0045476407363105025,1.0,2,hiking/crisis,3.401803001723477e-18,1.8344702606502925e-05,0.9999816552981524
2022-04-20,2.8399999141693115,-0.0730001926422119,0.0692055053137159,24.128507614135742,24.40907244215828,-0.007013213865813549,0.010955689030452768,1.0,2,hiking/crisis,8.889125136463293e-17,2.8103987695844107e-05,0.9999718960118334
2022-04-21,2.9170000553131104,0.0770001411437988,0.0697803243016985,24.342622756958008,24.394305380589156,0.00883480677631221,-0.01128587658597296,0.0,2,hiking/crisis,7.410079252789564e-16,4.653225335288807e-05,0.999953467746669
2022-04-22,2.9059998989105225,-0.0110001564025878,0.0680436174226714,23.67812728881836,24.069439377328766,-0.027677113963396005,-0.04138085331306144,0.0,2,hiking/crisis,1.729043821033477e-14,0.00013356839067832932,0.9998664316088255
2022-04-26,2.7720000743865967,-0.053999900817871,0.0675561741124844,22.59278678894043,22.718302325866322,-0.04692103609929318,-0.00557108462719466,0.0,2,hiking/crisis,5.583991440925715e-14,0.00017557262596949074,0.9998244273743853
2022-04-27,2.818000078201294,0.0460000038146972,0.0675884124353877,22.821666717529297,22.46727041757586,0.010079692642648675,0.01253824585041569,1.0,2,hiking/crisis,4.079620644301964e-13,0.0005086975707245759,0.9994913024296194
2022-04-28,2.86299991607666,0.0449998378753662,0.0643385668415422,22.80689811706543,23.109611776265886,-0.0006473401490112272,0.01637548101440267,1.0,2,hiking/crisis,7.054913827706314e-12,0.0015193683881457548,0.998480631605553
2022-04-29,2.88700008392334,0.0240001678466796,0.0626431571175541,22.998865127563477,23.183446711907077,0.008381833236155321,-0.02108764710412797,0.0,2,hiking/crisis,2.9247987653671915e-11,0.0020655301074457184,0.9979344698632344
2022-05-02,2.996000051498413,0.1089999675750732,0.0638030615074828,23.028396606445312,22.51895108913641,0.0012832170249372752,-0.0041766569429629394,0.0,2,hiking/crisis,1.4076023870484102e-12,0.0010465525453485,0.9989534474541103
2022-05-03,2.9600000381469727,-0.0360000133514404,0.0653222189181236,23.01363182067871,22.93241547353452,-0.0006413612422002714,0.010848960953970846,1.0,2,hiking/crisis,1.1184781387865912e-12,0.0006567128568140875,0.9993432871415467
2022-05-04,2.9170000553131104,-0.0429999828338623,0.0670838986547709,22.991483688354492,23.264665076493504,-0.0009628552733871342,0.019714401360754447,1.0,2,hiking/crisis,3.4299357676012565e-14,0.00023483377045222504,0.9997651662288956
2022-05-05,3.065999984741211,0.1489999294281005,0.0675382454849837,23.49354362487793,23.449244439330922,0.02160177109416238,-0.00567286984730961,0.0,2,hiking/crisis,2.4257215772733524e-16,3.202349608606797e-05,0.9999679765040027
2022-05-06,3.122999906539917,0.056999921798706,0.0676288551155928,23.176063537597656,23.36064512399648,-0.013605642046536318,0.003180645438283483,1.0,2,hiking/crisis,3.2780463936978975e-15,0.00011237525414151265,0.9998876247454476
2022-05-09,3.0789999961853027,-0.0439999103546142,0.0690864162460533,23.31634521484375,23.249895733140217,0.00603462400534909,-0.018536780564223348,0.0,2,hiking/crisis,2.757363568153189e-16,5.382344102487932e-05,0.9999461765589143
2022-05-10,2.993000030517578,-0.0859999656677246,0.0721396706570338,22.71830177307129,22.88811649294318,-0.02598378083847166,-0.005540194222583138,0.0,2,hiking/crisis,6.78051742930551e-19,5.526808785631823e-06,0.9999944731905932
2022-05-11,2.9210000038146973,-0.0720000267028808,0.0733363058455599,22.54110336303711,22.592785980820473,-0.007830386409617467,0.010102729520474921,1.0,2,hiking/crisis,5.7159159176479885e-21,3.760885259575903e-06,0.999996239115513
2022-05-12,2.816999912261963,-0.1040000915527343,0.0761245538037464,21.854459762573242,22.769984247514362,-0.030935449904875137,0.006733890511852974,1.0,2,hiking/crisis,1.074108405597466e-23,3.878465211207683e-07,0.9999996121533355
2022-05-13,2.934999942779541,0.1180000305175781,0.0793263068058855,22.445117950439453,22.002121914209642,0.026668118466319227,0.016637264829773367,1.0,2,hiking/crisis,2.4839328556714457e-24,1.7306329306599644e-07,0.9999998269359062
2022-05-16,2.877000093460083,-0.057999849319458,0.0748834623447518,22.518953323364258,22.821667009477693,0.0032841972356362145,0.013676577759862309,1.0,2,hiking/crisis,2.0771417546308485e-22,2.2456453417627487e-06,0.9999977543546014
2022-05-17,2.9679999351501465,0.0909998416900634,0.0770892086024033,22.96933364868164,22.829051245127303,0.019802682101867627,0.004810054377401586,1.0,2,hiking/crisis,5.519350574714901e-23,9.345856084741838e-07,0.9999990654145952
2022-05-18,2.885999917984009,-0.0820000171661377,0.0785742466463054,22.710920333862305,23.080083535501977,-0.011314125859469417,-0.01903572659867069,0.0,2,hiking/crisis,6.260279304813178e-24,1.7414323263045773e-07,0.9999998258572457
2022-05-19,2.8550000190734863,-0.0309998989105224,0.0771797287709168,22.068574905395508,22.282690230174165,-0.028691234174307193,0.002672877776310583,1.0,2,hiking/crisis,5.337492728790427e-23,1.0054342129214918e-06,0.9999989945650266
2022-05-20,2.7869999408721924,-0.0680000782012939,0.0764967811990121,21.241649627685547,22.127640411088727,-0.03819078716656386,-0.003133180917287739,0.0,2,hiking/crisis,8.762617742347831e-23,7.80244156112699e-07,0.9999992197557137
2022-05-23,2.858999967575073,0.0720000267028808,0.0783574260148136,21.345014572143555,21.17519985036796,0.004854343460798293,0.0051751227016597285,1.0,2,hiking/crisis,4.8051759514472185e-24,5.997186360932079e-07,0.9999994002811925
2022-05-24,2.759999990463257,-0.0989999771118164,0.0794029261431291,21.404081344604492,21.45576396529936,0.0027634179756445684,0.0003449497037720355,1.0,2,hiking/crisis,2.5785426931239595e-25,6.719020424575108e-08,0.9999999328101716
2022-05-25,2.749000072479248,-0.0109999179840087,0.078575995222551,21.54436492919922,21.41146594970927,0.006532673270326022,0.005808972401325033,1.0,2,hiking/crisis,9.998497737548924e-24,5.696901374206236e-07,0.999999430309052
2022-05-26,2.75600004196167,0.0069999694824218,0.0778649094179863,21.48529815673828,21.669879753603308,-0.0027453995836732013,0.026451135660325968,1.0,2,hiking/crisis,3.015559454030804e-22,9.578821744528625e-07,0.9999990421170009
2022-05-27,2.743000030517578,-0.0130000114440917,0.0771039013660712,22.253156661987305,22.06119163403023,0.03511497643030319,0.0036429270226788274,1.0,2,hiking/crisis,8.751683051736287e-23,1.2743624686977424e-06,0.9999987256368448
2022-05-31,2.844000101089477,0.1010000705718994,0.0803501411776318,21.972591400146484,22.33437112710011,-0.015669603363464745,-0.012851095882476835,0.0,2,hiking/crisis,1.3164355891604949e-24,1.325561989203023e-07,0.999999867442975
2022-06-01,2.930999994277954,0.0869998931884765,0.0789613034805917,22.290071487426758,21.692026167911028,0.014345523345209665,0.022921810237447392,1.0,2,hiking/crisis,1.7146251944350334e-24,3.5865904565817164e-07,0.9999996413408286
2022-06-02,2.9130001068115234,-0.0179998874664306,0.0786834622383128,23.441862106323242,22.80690098130859,0.0503820484045302,-0.0009453898097813788,0.0,2,hiking/crisis,2.5854873334657523e-23,5.013097607799681e-07,0.999999498690284
2022-06-03,2.9570000171661377,0.0439999103546142,0.0787203080601276,23.478776931762695,23.41971088118671,0.0015735008649798135,-0.0009438433524282629,0.0,2,hiking/crisis,4.219775085193352e-22,6.071455962532939e-07,0.9999993928542632
2022-06-06,3.0380001068115234,0.0810000896453857,0.0735991273377833,24.239253997802734,23.456627098863105,0.031876481244795064,9.485859780732548e-08,1.0,2,hiking/crisis,1.469674297228982e-20,6.074850672870513e-06,0.9999939251486359
2022-06-07,2.9719998836517334,-0.06600022315979,0.0736190328799713,24.283554077148438,24.23925629710449,0.001825949214878378,0.008175546020450427,1.0,2,hiking/crisis,9.879395174782487e-20,3.7574918209542237e-06,0.9999962425079155
2022-06-08,3.0290000438690186,0.0570001602172851,0.0743891729484746,25.649456024169922,24.482899158144644,0.05472302948298514,0.014857374412022612,1.0,2,hiking/crisis,5.543143261787059e-19,5.649610223987498e-06,0.9999943503894858
2022-06-09,3.0439999103546143,0.0149998664855957,0.0719371857149244,26.12936782836914,26.033384618834038,0.018537522155804977,-0.017386700215709365,0.0,2,hiking/crisis,2.6680322112631813e-18,1.968703425772676e-05,0.9999803129658874
2022-06-10,3.1559998989105225,0.1119999885559082,0.0736047771429547,25.708524703979492,25.678990972387606,-0.016237248468337667,-0.05065866561230275,0.0,2,hiking/crisis,1.9827676011673778e-21,3.7207292936371683e-06,0.9999962792713729
2022-06-14,3.4830000400543213,0.1170001029968261,0.0805393823688297,24.357389450073242,24.438602989136523,-0.053987365777721716,-0.014041873156086503,0.0,2,hiking/crisis,4.569574052885939e-26,8.912628803741947e-08,0.9999999108731612
2022-06-15,3.3949999809265137,-0.0880000591278076,0.082351301721284,23.604293823242188,24.017756201060916,-0.031406634521946176,-0.002191988933021442,0.0,2,hiking/crisis,2.089942178177623e-29,1.4278228752784887e-08,0.9999999857209332
2022-06-16,3.306999921798706,-0.0880000591278076,0.0843808855025799,23.77410888671875,23.552610138136952,0.007168489478612497,-0.015649767583652958,0.0,2,hiking/crisis,8.553703582867903e-31,3.662724140010338e-09,0.9999999963365553
2022-06-17,3.239000082015991,-0.0679998397827148,0.0836185723629098,23.5673770904541,23.404945800821466,-0.008733697562609055,-0.048132374081546664,0.0,2,hiking/crisis,5.777064132049581e-30,1.0157022219430719e-08,0.9999999898427632
2022-06-21,3.306999921798706,0.0679998397827148,0.0835790963878778,23.15391731262207,22.459890073598153,0.03207810881823511,0.02643319120995307,1.0,2,hiking/crisis,2.830345012822313e-32,2.7877540811802566e-08,0.9999999721221688
2022-06-22,3.1559998989105225,-0.1510000228881836,0.0897583437308877,23.604293823242188,23.77410996063282,0.019264656559761232,-0.01894586205399612,0.0,2,hiking/crisis,6.197830223822544e-39,7.396063500189928e-12,0.999999999992724
2022-06-23,3.068000078201294,-0.0879998207092285,0.091677417021056,22.991483688354492,23.161299830938887,-0.026304764203711615,-0.02076661225088738,0.0,2,hiking/crisis,3.812749538548359e-39,1.534399499452544e-11,0.9999999999854481
2022-06-24,3.125,0.056999921798706,0.0886789076726942,22.600168228149414,22.51895188546487,-0.01716652296731916,0.007810028422356059,1.0,2,hiking/crisis,1.1611184524087398e-35,9.112599930632777e-10,0.9999999990886863
2022-06-27,3.194000005722046,0.0690000057220459,0.0891160100064703,23.124380111694336,22.77736724834362,0.022930127084455475,0.018035735482680625,1.0,2,hiking/crisis,3.0521600849961484e-34,6.158966452760048e-10,0.9999999993833626
2022-06-28,3.2060000896453857,0.0120000839233398,0.0890828735279577,24.128507614135742,23.545229066783442,0.042506552930098314,0.01819312998807539,1.0,2,hiking/crisis,9.612635430640437e-37,6.606026276305279e-10,0.9999999993397068
2022-06-29,3.0929999351501465,-0.1130001544952392,0.093574764432081,24.231868743896484,24.57149816318048,0.00427462707832437,-0.01287956375157745,0.0,2,hiking/crisis,3.887822773521921e-43,1.4166696064087915e-12,0.999999999998181
2022-06-30,2.9719998836517334,-0.121000051498413,0.0960775393383842,23.508310317993164,23.921774074234932,-0.030314667876372346,-0.01870393079251475,0.0,2,hiking/crisis,3.906567548850484e-47,1.189475809292756e-13,1.0
2022-07-01,2.888999938964844,-0.0829999446868896,0.0960817538125388,22.482038497924805,23.07269902978909,-0.044637287763536565,0.028170800186313814,1.0,2,hiking/crisis,2.7277746530676363e-47,4.1914066439385313e-13,1.0
2022-07-05,2.809000015258789,-0.0799999237060546,0.0975394822247466,23.951305389404297,23.12438067950951,0.03705275262748638,-0.04089900549819116,0.0,2,hiking/crisis,7.212421259190322e-48,1.2305963542984493e-13,1.0
2022-07-06,2.9130001068115234,0.1040000915527343,0.0998954196173474,22.297456741333008,22.991482509096464,-0.07155020266008091,-0.005978161312477227,0.0,2,hiking/crisis,2.6097920743720973e-49,6.04365839193302e-14,1.0
2022-07-07,3.007999897003174,0.0949997901916503,0.1005224291346557,22.356521606445312,22.164556593140635,0.0026454484793674016,0.027363260986013112,1.0,2,hiking/crisis,3.6538416515070236e-50,3.779134760408401e-14,1.0
2022-07-08,3.1010000705718994,0.0930001735687255,0.1013998532749783,22.740449905395508,22.976715508775843,0.017027199916935364,0.0006492197358646507,1.0,2,hiking/crisis,4.6404875055964445e-53,1.702283907973283e-14,1.0
2022-07-11,2.990999937057495,-0.1100001335144043,0.1037336214948395,22.777368545532227,22.755218247707457,0.001622162462473833,0.011281339878785233,1.0,2,hiking/crisis,2.64396383200337e-56,1.1463420061833211e-16,1.0
2022-07-12,2.9579999446868896,-0.0329999923706054,0.1038734470803035,22.88811683654785,23.035782669759364,0.004850425095307457,-0.019215799390861453,0.0,2,hiking/crisis,3.668088268183291e-55,8.574195737097866e-16,1.0
2022-07-13,2.9040000438690186,-0.053999900817871,0.1008697292780903,22.223621368408203,22.452502121504587,-0.029462111634203893,0.003978862022612546,1.0,2,hiking/crisis,7.852895816816896e-48,1.0635064352267577e-14,1.0
2022-07-14,2.9600000381469727,0.0559999942779541,0.0887988446227094,22.570636749267578,22.31222223990807,0.015494053819469309,-0.0055766593041012245,0.0,2,hiking/crisis,3.2596802056370997e-37,8.386302699195694e-10,0.9999999991614459
2022-07-15,2.930000066757202,-0.0299999713897705,0.0831272120927437,22.614933013916016,22.445118309919277,0.0019606382776865446,0.010716201335278773,1.0,2,hiking/crisis,2.8458666389983316e-29,2.8254496485156135e-08,0.999999971745638
2022-07-18,2.9600000381469727,0.0299999713897705,0.0827376201298292,23.1096134185791,22.858582355317584,0.02163825535609443,0.034848980846916296,1.0,2,hiking/crisis,2.624968796904694e-27,5.5549632324263164e-08,0.9999999444498842
2022-07-19,3.0190000534057617,0.059000015258789,0.0829783912618909,23.943923950195312,23.929157085096456,0.035465898131028864,0.009819020094956473,1.0,2,hiking/crisis,3.969353958763085e-27,4.363233980887532e-08,0.9999999563679022
2022-07-20,3.0360000133514404,0.0169999599456787,0.0822680572187597,24.04728889465332,24.180187862422596,0.004307667931994776,-0.022668170420276548,0.0,2,hiking/crisis,2.3568441784051025e-28,7.313189411102698e-08,0.9999999268675337
2022-07-21,2.9100000858306885,-0.1259999275207519,0.0839850637561137,22.991483688354492,23.50831273261928,-0.04489838938318286,-0.017493267700034825,0.0,2,hiking/crisis,1.0946245100635298e-31,1.4382514209189021e-09,0.9999999985611794
2022-07-22,2.782999992370605,-0.127000093460083,0.0822428819494719,22.865964889526367,22.59278494851193,-0.005474317310900753,-0.010060027300730856,0.0,2,hiking/crisis,4.239180825258266e-31,4.492671038563402e-09,0.9999999955070962
2022-07-25,2.819999933242798,0.0369999408721923,0.0814245913819569,22.681385040283203,22.63708585344504,-0.008105009839895502,0.006812674030744599,1.0,2,hiking/crisis,7.506343214608902e-27,1.2502250660778113e-07,0.9999998749772281
2022-07-26,2.7869999408721924,-0.0329999923706054,0.0799774540088568,23.308961868286133,22.83643347065401,0.02729337037036862,0.001582612669247866,1.0,2,hiking/crisis,1.1299529951434978e-24,1.9533466040036942e-07,0.999999804666023
2022-07-27,2.733999967575073,-0.0529999732971191,0.0778909043492181,23.257280349731445,23.34588013259666,-0.0022196998217111218,0.015748382011634733,1.0,2,hiking/crisis,7.695162893508553e-24,4.799164351311112e-07,0.9999995200834079
2022-07-28,2.680999994277954,-0.0529999732971191,0.0777676160561477,23.604293823242188,23.626444121574654,0.014810420805850525,0.004680829799250403,1.0,2,hiking/crisis,1.1115804900950298e-22,5.179575771630027e-07,0.9999994820429015
2022-07-29,2.6419999599456787,-0.0390000343322753,0.0752154418426616,23.611675262451172,23.715040496117123,0.00031266706633616647,0.005923632447392554,1.0,2,hiking/crisis,1.6054280797957485e-20,2.6747084393179463e-06,0.9999973252924365
2022-08-01,2.6059999465942383,-0.0360000133514404,0.0718015139886669,24.24663734436035,23.75195722737188,0.026536637345171837,-0.01225510937636802,0.0,2,hiking/crisis,5.612087742147851e-20,1.4388280194958252e-05,0.9999856117190693
2022-08-02,2.740999937057495,0.1349999904632568,0.0773889404667349,24.062055587768555,23.951305509921077,-0.007641798758800895,-0.009867528132551704,0.0,2,hiking/crisis,2.60860347727163e-22,3.4564556976718193e-07,0.9999996543538743
2022-08-03,2.747999906539917,0.0069999694824218,0.0755962401344118,24.002986907958984,23.82579017220331,-0.0024578656952810446,-0.011757325658615474,0.0,2,hiking/crisis,6.691327288172889e-21,3.2538851991096663e-06,0.9999967461151943
2022-08-04,2.6760001182556152,-0.0719997882843017,0.0728581697545277,23.272048950195312,23.722428514204932,-0.03092525251729376,-0.026359669024099995,0.0,2,hiking/crisis,7.890258911373306e-22,4.7229230051095295e-06,0.9999952770761074
2022-08-05,2.8399999141693115,0.1639997959136963,0.0791732105023318,22.96933364868164,22.666619951916758,-0.01309301794000989,0.0025682187081701308,1.0,2,hiking/crisis,1.6515660093148548e-25,5.7606429123602576e-08,0.9999999423944262
2022-08-08,2.765000104904175,-0.0749998092651367,0.0769129004637386,23.441862106323242,23.028399735922108,0.020363396304439715,0.006592350687183683,1.0,2,hiking/crisis,2.1213888748351826e-23,5.375431253727829e-07,0.9999994624560339
2022-08-09,2.796999931335449,0.0319998264312744,0.0744377770331702,23.552610397338867,23.59690958424445,0.004713256267647473,-0.0034542738181357825,0.0,2,hiking/crisis,3.7001374693969597e-20,5.981126402546172e-06,0.999994018873319
2022-08-10,2.7860000133514404,-0.0109999179840087,0.0742411885323554,23.471393585205078,23.471393585205078,-0.0034542738181357825,1.1601008524808867e-07,1.0,2,hiking/crisis,5.532258606611335e-20,5.846504729201272e-06,0.9999941534959286
2022-08-11,2.888000011444092,0.1019999980926513,0.0771750160579404,23.32373046875,23.471396308123605,-0.006311068067597075,0.021916993598744917,1.0,2,hiking/crisis,5.505577603735474e-22,7.569577798530967e-07,0.9999992430423981
2022-08-12,2.8489999771118164,-0.0390000343322753,0.0764624551607885,24.194955825805664,23.840559501161625,0.036672857154992765,-6.679427412200588e-08,0.0,2,hiking/crisis,3.0970614035744926e-22,1.3344577197286285e-06,0.9999986655429702
2022-08-15,2.7909998893737797,-0.0580000877380371,0.0771559517607748,24.091588973999023,24.194954209721207,-0.0042814001346069015,-0.01918372213930151,0.0,2,hiking/crisis,2.389600819889085e-22,6.648926820595953e-07,0.9999993351068434
2022-08-16,2.8239998817443848,0.0329999923706054,0.0772298857606341,23.65597915649414,23.633827448694962,-0.018246872910701095,0.001247576655133122,1.0,2,hiking/crisis,4.486154244334955e-22,1.4024972792881376e-06,0.9999985975019458
2022-08-17,2.8929998874664307,0.0690000057220459,0.0776832884282046,23.478776931762695,23.685510221147233,-0.007518997626619389,0.013741811061121937,1.0,2,hiking/crisis,2.9087609378235705e-22,8.95375852896091e-07,0.9999991046246949
2022-08-18,2.880000114440918,-0.0129997730255126,0.0775148398151184,23.744577407836914,23.803644872988027,0.011257280927187625,0.022141142296918243,1.0,2,hiking/crisis,4.0609166570538306e-22,1.0188141718705776e-06,0.9999989811863731
2022-08-19,2.989000082015991,0.1089999675750732,0.0764976091851468,24.73393440246582,24.27617282303786,0.040821978454703624,0.0014912796949059196,1.0,2,hiking/crisis,2.8227914351521946e-21,1.0041539130625708e-06,0.9999989958455938
2022-08-22,3.0369999408721924,0.0479998588562011,0.0708652411797506,24.386917114257812,24.7708471333775,-0.014129358537121944,0.014726089638971984,1.0,2,hiking/crisis,8.534626853067825e-18,3.101217745497573e-05,0.9999689878229596
2022-08-23,3.053999900817871,0.0169999599456787,0.0706478635715535,24.859445571899414,24.748698314999686,0.019190979159258915,0.019994902297282978,1.0,2,hiking/crisis,4.2549390763604057e-16,3.967709100908189e-05,0.9999603229093625
2022-08-24,3.1059999465942383,0.0520000457763671,0.0704269421382875,25.708524703979492,25.361510399003986,0.03358485362609769,0.022153634609830317,1.0,2,hiking/crisis,8.067951671940382e-17,3.677229159372583e-05,0.9999632277080298
2022-08-25,3.026000022888184,-0.0799999237060546,0.0719637562480775,26.217967987060547,26.284417472583304,0.01962233930116888,-0.004515952846922354,0.0,2,hiking/crisis,9.306767994078743e-18,7.314290887250936e-06,0.9999926857084679
2022-08-26,3.0350000858306885,0.0090000629425048,0.0703350583231741,26.54283332824707,26.099835820300136,0.012314803364681572,-0.008099550036718896,0.0,2,hiking/crisis,1.458913992141162e-16,4.28970442393491e-05,0.9999571029563099
2022-08-29,3.109999895095825,0.0749998092651367,0.0702075841918714,26.099834442138672,26.328716616650063,-0.016830809015058748,0.032013846173262576,1.0,2,hiking/crisis,8.604739286835678e-16,4.147435932794842e-05,0.9999585256406803
2022-08-30,3.109999895095825,0.0,0.0691447071246448,26.483762741088867,26.948909083754778,0.014602847351610576,-0.03460345668579625,0.0,2,hiking/crisis,1.8753178375231485e-14,0.000131457673190405,0.9998685423263204
2022-08-31,3.132999897003174,0.0230000019073486,0.0643049293677479,25.287675857543945,25.58300750510449,-0.04621466165038242,-0.006444103467544213,0.0,2,hiking/crisis,9.646643267110205e-14,0.00044324940501809274,0.99955675059434
2022-09-01,3.265000104904175,0.1320002079010009,0.0687992763714917,24.711782455444336,25.125243385794967,-0.023037004414181068,-0.002992239534749469,0.0,2,hiking/crisis,2.4959918747383063e-16,3.7453382912078844e-05,0.9999625466163639
2022-09-02,3.193000078201294,-0.0720000267028808,0.0687992931127667,24.844682693481445,24.63794940118765,0.005363601146536239,0.053801132815413946,1.0,2,hiking/crisis,4.641424322636644e-16,3.807422418813022e-05,0.9999619257750709
2022-09-06,3.3399999141693115,0.1469998359680175,0.0671577088327561,25.900487899780273,26.217965616920175,0.0,-0.010891406376617473,0.0,2,hiking/crisis,5.942894218949503e-16,8.112812739528967e-05,0.9999188718725815
2022-09-07,3.265000104904175,-0.0749998092651367,0.0671577088327561,25.080947875976562,25.619925792090314,-0.03215329720892648,-0.026307180848767632,0.0,2,hiking/crisis,9.898699816516725e-14,0.001172231357758874,0.998827768641455
2022-09-08,3.2920000553131104,0.0269999504089355,0.0671360798903991,24.871381759643555,24.429742094586043,-0.00839069358246589,-0.004683746691097838,0.0,2,hiking/crisis,1.0058910893054812e-11,0.008754106086446863,0.9912458939041946
2022-09-09,3.321000099182129,0.0290000438690185,0.0666720201880932,25.19680404663086,24.755162889959337,0.012999347362172975,0.016468843854539606,1.0,2,hiking/crisis,9.498200844646125e-11,0.029823933260162572,0.9701760666453778
2022-09-12,3.361999988555908,0.0409998893737793,0.064463581581158,25.452489852905273,25.615202087562267,0.010096408403037079,0.013605665878122546,1.0,2,hiking/crisis,7.648538783355724e-10,0.08027643525731601,0.9197235639772526
2022-09-13,3.421999931335449,0.059999942779541,0.0633459555863784,25.67718505859375,25.801154454098047,0.008789285383868417,-0.009702815815109107,0.0,2,hiking/crisis,2.3650363255298832e-09,0.14067335129260095,0.8593266463428589
2022-09-14,3.4119999408721924,-0.0099999904632568,0.0609348188697093,25.057340621948242,25.429248846173543,-0.024436033311382933,0.024737816220844096,1.0,2,hiking/crisis,1.920322877707277e-08,0.2011558329930859,0.7988441478040169
2022-09-15,3.4590001106262207,0.0470001697540283,0.061050681955511,26.134323120117188,25.6849351635733,0.04208268906159231,-0.020971492656301778,0.0,2,hiking/crisis,2.0375939023756244e-08,0.22365240351013635,0.7763475761146338
2022-09-16,3.447999954223633,-0.0110001564025878,0.0610069920757205,25.36726188659668,25.59195437364529,-0.02979007189205722,-0.010439170327018176,0.0,2,hiking/crisis,2.732244278648588e-08,0.22960809862405357,0.7703918740539172
2022-09-19,3.490000009536743,0.0420000553131103,0.060407322129427,25.1270694732666,25.103826136713643,-0.009513710490809893,0.01134470399191816,1.0,2,hiking/crisis,2.7090243592130605e-08,0.22037261636434705,0.7796273565450076
2022-09-20,3.571000099182129,0.0810000896453857,0.0588431131125669,25.615203857421875,25.413751726561127,0.01924034579440004,-0.007286165083544817,0.0,2,hiking/crisis,1.1399807214582552e-08,0.1854529633725402,0.8145470252272582
2022-09-21,3.509999990463257,-0.061000108718872,0.0617021949072937,25.134817123413086,25.429245537658275,-0.01893205453307033,-0.007425591750527575,0.0,2,hiking/crisis,9.119308064391803e-11,0.10091313022212207,0.8990868696872623
2022-09-23,3.697000026702881,-0.0109999179840087,0.0729714070219255,24.62344741821289,24.948867480227403,-0.0205548852798773,-0.050995408731477725,0.0,2,hiking/crisis,7.567663526211456e-16,0.0027332181905387917,0.9972667818088247
2022-09-26,3.878000020980835,0.1809999942779541,0.0758034006767331,23.39924430847168,23.39924430847168,-0.050995408731477725,0.00033104298211688996,1.0,2,hiking/crisis,1.3067527475134386e-21,1.472087708752864e-06,0.9999985279129681
2022-09-27,3.96399998664856,0.0859999656677246,0.0760617444357487,23.763404846191406,23.406991746383557,0.015443058502712433,0.011991757699046934,1.0,2,hiking/crisis,9.112577027515168e-34,1.7012678766248232e-06,0.9999982987315809
2022-09-28,3.704999923706055,-0.2590000629425049,0.1003500591163134,23.825389862060547,24.05008530507822,0.0026050271414742626,0.048557803221233015,1.0,2,hiking/crisis,1.2718791735976646e-53,1.2443002047671179e-18,1.0
2022-09-29,3.746999979019165,0.0420000553131103,0.1001755180842986,24.5537109375,25.01084713576759,0.030111188190956463,0.00660480551746352,1.0,2,hiking/crisis,1.9782388332100768e-53,6.695385363113156e-14,1.0
2022-09-30,3.803999900817871,0.056999921798706,0.1003257120653353,24.530466079711914,24.71642016287449,-0.0009471426817501814,0.019393845704768705,1.0,2,hiking/crisis,4.4468429170837e-53,5.787077205429893e-14,1.0
2022-10-03,3.651000022888184,-0.1529998779296875,0.105269862982661,24.832643508911133,25.010849336540705,0.012243199681118904,0.030724194453854124,1.0,2,hiking/crisis,5.7428140384116e-59,3.823429207269974e-18,1.0
2022-10-04,3.617000102996826,-0.0339999198913574,0.1039569991518422,26.056838989257812,25.607448152348343,0.04812120875352392,0.011236158604144337,1.0,2,hiking/crisis,8.962775362409395e-58,7.728545680063813e-16,1.0
2022-10-05,3.759000062942505,0.1419999599456787,0.1036573440845592,26.242795944213867,26.35126879720235,0.007111244231144699,0.015526906517840684,1.0,2,hiking/crisis,1.9186123198380597e-55,9.271834423113384e-16,1.0
2022-10-06,3.825999975204468,0.0669999122619628,0.1017679376587637,26.92462730407715,26.65344518975467,0.02564986979234516,0.01909710715433535,1.0,2,hiking/crisis,1.801620824318566e-52,1.4440744988529156e-14,1.0
2022-10-07,3.882999897003174,0.056999921798706,0.101982484811005,26.986616134643555,27.443750899342405,0.0022996634442538923,5.909701042654239e-08,1.0,2,hiking/crisis,1.8430114694539106e-51,1.211069780260495e-14,1.0
2022-10-10,3.888000011444092,0.0050001144409179,0.1021067987852058,26.79291534423828,26.986617729471938,-0.007203544645685544,-0.010465366208134912,0.0,2,hiking/crisis,1.6686491538599886e-51,8.630015077596955e-15,1.0
2022-10-11,3.938999891281128,0.0509998798370361,0.1021986307835983,26.149818420410156,26.5139798005215,-0.024295253025855834,-0.011922716215882668,0.0,2,hiking/crisis,2.2869156883495904e-52,9.900450183198602e-15,1.0
2022-10-12,3.901999950408936,-0.0369999408721923,0.1028451584392198,25.653940200805664,25.839892805214248,-0.019145072830814146,0.0036176485504698357,1.0,2,hiking/crisis,7.419980774673583e-53,2.222107729226272e-15,1.0
2022-10-13,3.95199990272522,0.0499999523162841,0.1027200673747879,25.297527313232422,25.746915214448688,-0.013990517583556577,0.03135619209366856,1.0,2,hiking/crisis,6.318084658684221e-53,5.977570505066629e-15,1.0
2022-10-14,4.010000228881836,0.0580003261566162,0.1028619906352829,26.304780960083008,26.103328851423203,0.039044051914927116,-0.028381242660647836,0.0,2,hiking/crisis,1.1842511339725847e-52,5.17037265092811e-15,1.0
2022-10-17,4.014999866485596,0.0049996376037597,0.102631373542401,25.6694393157959,25.568713254178462,-0.024449555575202214,0.001206461593504996,1.0,2,hiking/crisis,8.697101444983636e-53,5.170995915242917e-15,1.0
2022-10-18,3.997999906539917,-0.0169999599456787,0.1030070893279476,25.47573471069336,25.70042719754311,-0.007574733490088289,-0.008552328781752834,0.0,2,hiking/crisis,4.007324495530476e-54,2.6922272663762582e-15,1.0
2022-10-19,4.126999855041504,0.1289999485015869,0.1048468380953636,25.220046997070312,25.258786878423333,-0.010087225132734438,0.03382978412035021,1.0,2,hiking/crisis,2.643529026372053e-56,3.7065659580847097e-16,1.0
2022-10-20,4.22599983215332,0.0989999771118164,0.1039821476678351,26.777414321899414,26.087831462999382,0.05991958900203124,-0.007551660057647241,0.0,2,hiking/crisis,3.668572427277067e-53,1.3333620009922504e-15,1.0
2022-10-21,4.2129998207092285,-0.0130000114440917,0.0973341916085873,27.48249053955078,26.57596199880901,0.025990311214207994,0.019542691426144673,1.0,2,hiking/crisis,1.6010317353879946e-47,6.000198732050377e-13,1.0
2022-10-24,4.234000205993652,0.0210003852844238,0.0970080126722518,27.59096336364746,28.02485473848784,0.003939210515292351,0.007553582109032882,1.0,2,hiking/crisis,2.7553335146269248e-45,1.0994500384738654e-12,0.999999999998181
2022-10-25,4.107999801635742,-0.1260004043579101,0.0955350767833694,27.335275650024414,27.800163079814237,-0.00931028831249876,0.00028344822972081545,1.0,2,hiking/crisis,2.0374599592823615e-47,1.5949130128808392e-13,1.0
2022-10-26,4.014999866485596,-0.0929999351501464,0.0964850242313039,27.040849685668945,27.34302488371775,-0.010829342470586404,0.02238362710201161,1.0,2,hiking/crisis,1.6653568347301633e-41,2.1659483679753782e-13,1.0
2022-10-27,3.937000036239624,-0.0779998302459716,0.0783424997642372,27.893138885498047,27.65294690327856,0.03103206653436709,-0.0027816004582870866,0.0,2,hiking/crisis,8.794323897704296e-31,2.1889670219455453e-07,0.9999997811028392
2022-10-28,4.010000228881836,0.0730001926422119,0.079241797937692,27.893138885498047,27.81565912641478,0.0,0.002496860583366782,1.0,2,hiking/crisis,2.7391375625883898e-24,3.625502845376844e-07,0.9999996374500117
2022-10-31,4.077000141143799,0.0669999122619628,0.0795518729763056,27.877641677856445,27.962871184213903,-0.0005557464996517631,0.0074762286095297475,1.0,2,hiking/crisis,4.4149631084551e-22,3.5416778943071755e-07,0.9999996458319119
2022-11-01,4.052000045776367,-0.0250000953674316,0.0705966950008364,28.520736694335938,28.086842341707946,0.02280643200732764,0.01563364227629144,1.0,2,hiking/crisis,1.29787652040092e-17,3.837917647602703e-05,0.9999616208240601
2022-11-02,4.059000015258789,0.0069999694824218,0.0696150196960273,28.861650466918945,28.970123311203917,0.011882314436762962,-0.014875156346165522,0.0,2,hiking/crisis,2.1328390119371314e-14,0.0001560609205478183,0.9998439390789846
2022-11-03,4.124000072479248,0.0650000572204589,0.0647861999714389,28.46649932861328,28.435506242522315,-0.013785806723255212,0.0048872432625902875,1.0,2,hiking/crisis,9.423342175894227e-13,0.0007981050865967592,0.9992018949118066
2022-11-04,4.156000137329102,0.0320000648498535,0.0638898969366719,29.574474334716797,28.605962553427982,0.03818370200923238,0.00860850216560712,1.0,2,hiking/crisis,9.662869688643446e-12,0.0013084276441455182,0.9986915723460188
2022-11-07,4.214000225067139,0.0580000877380371,0.0639225767108821,30.34153938293457,29.83016523990559,0.025606074637653856,0.0022955893413408135,1.0,2,hiking/crisis,1.4855390363922367e-12,0.0009958852878519135,0.9990041147113676
2022-11-08,4.125999927520752,-0.0880002975463867,0.067808862576345,29.985126495361328,30.411271104417924,-0.01181623513714302,-0.010389735193739808,0.0,2,hiking/crisis,1.7693244344528814e-14,0.00013752453407546382,0.9998624754666559
2022-11-09,4.151000022888184,0.0250000953674316,0.067283724703903,30.132339477539062,29.675201777138117,0.0048975210130999145,-0.0297517771014654,0.0,2,hiking/crisis,3.994178062944243e-29,0.00016385784703917627,0.9998361421532745
2022-11-10,3.828999996185303,-0.3220000267028808,0.0986771111554284,29.42725944519043,29.249053645210452,-0.02367755946511543,0.0154152450205598,1.0,2,hiking/crisis,7.891362618645586e-56,7.265161716166886e-20,1.0
2022-11-11,3.812999963760376,-0.0160000324249267,0.0979370118752436,29.83016586303711,29.884402291789534,0.013598722006419824,0.010335883454718317,1.0,2,hiking/crisis,1.862506441147835e-52,3.3494673049725457e-13,1.0
2022-11-14,3.865000009536743,0.0520000457763671,0.0977476306959195,30.264055252075195,30.140085870299526,0.01444055421167195,-0.006678738049733639,0.0,2,hiking/crisis,1.9104534590772238e-46,6.071675882495565e-13,1.0
2022-11-15,3.799000024795532,-0.0659999847412109,0.098539958955537,29.845657348632812,30.062603026868018,-0.013921366201856387,0.003886555177159735,1.0,2,hiking/crisis,2.5578856769010678e-49,7.166106820998334e-14,1.0
2022-11-16,3.691999912261963,-0.1070001125335693,0.1007783086076001,30.271804809570312,29.96187984899908,0.01417739816471461,0.0058695229692787695,1.0,2,hiking/crisis,7.398741042310391e-51,2.4487010862359955e-15,1.0
2022-11-17,3.775000095367432,0.0830001831054687,0.0979622549645655,29.597719192504883,30.45000833645711,-0.022519440907952656,-0.0002616903573631127,0.0,2,hiking/crisis,2.7803411721405424e-47,4.2952136380801337e-13,1.0
2022-11-18,3.818000078201294,0.0429999828338623,0.0953817083742572,29.357532501220703,29.589974768157045,-0.008148146713351163,-0.004762062090060466,0.0,2,hiking/crisis,3.8200054295530535e-43,4.758116856016983e-12,0.999999999994543
2022-11-21,3.825000047683716,0.0069999694824218,0.0955488093038494,28.946880340576172,29.218062454715657,-0.014086719384545934,0.007997967247492264,1.0,2,hiking/crisis,8.92391321775801e-43,3.555236195519516e-12,0.999999999996362
2022-11-22,3.757999897003174,-0.0670001506805419,0.0956605742647928,29.775928497314453,29.179324844147615,0.02823786058804352,0.019583066938271856,1.0,2,hiking/crisis,4.721883361706473e-43,9.367435365152763e-13,0.999999999998181
2022-11-23,3.7060000896453857,-0.051999807357788,0.0929894395177264,30.047107696533203,30.36477943347329,0.00906610810546478,-0.020055453486273793,0.0,2,hiking/crisis,7.875248341670258e-41,1.291929326044253e-11,0.9999999999872671
2022-11-25,3.690999984741211,-0.0150001049041748,0.0914366711162903,29.419511795043945,29.450501922560626,-0.006824234871745266,-0.004487167939990731,0.0,2,hiking/crisis,1.020521080845787e-37,8.454957991532655e-11,0.9999999999163265
2022-11-28,3.703000068664551,0.0120000839233398,0.0904612487856958,28.6369571685791,29.28779723857697,-0.02696002837922748,-0.05106555623741116,0.0,2,hiking/crisis,9.245115236469088e-36,2.3224945687551828e-10,0.9999999997671694
2022-11-29,3.747999906539917,0.0449998378753662,0.0893586497831102,28.536231994628906,27.211305656964278,-0.003523514417658938,-0.01449508203951693,0.0,2,hiking/crisis,1.4378584700090362e-34,5.739159925033656e-10,0.9999999994251993
2022-11-30,3.703000068664551,-0.0449998378753662,0.0877050079666124,28.892642974853516,28.125580375277757,0.01241241644957428,-0.01594846687417261,0.0,2,hiking/crisis,5.348822775244553e-38,9.2260204904035e-10,0.9999999990777724
2022-12-01,3.5290000438690186,-0.1740000247955322,0.0941089650947627,28.396764755249023,28.43550463283805,-0.01731177275677444,-0.01567473411297221,0.0,2,hiking/crisis,1.9393118951104394e-44,6.802339694966334e-14,1.0
2022-12-02,3.50600004196167,-0.0230000019073486,0.0938277158901732,27.668441772460938,27.955123366185955,-0.025982744088732006,-0.003085113060388023,0.0,2,hiking/crisis,2.670571419640015e-43,1.0824659490064449e-11,0.9999999999890861
2022-12-05,3.5989999771118164,0.0929999351501464,0.0953766515037143,28.2108097076416,27.583213039127326,0.01941274993991346,-0.024184607629208165,0.0,2,hiking/crisis,4.518420358383013e-43,3.594335716970778e-12,0.999999999996362
2022-12-06,3.513000011444092,-0.0859999656677246,0.095326557796356,28.474245071411133,27.536726419235418,0.009294769542655982,-0.022565585338318872,0.0,2,hiking/crisis,1.456414749688976e-44,7.47244993067137e-13,1.0
2022-12-07,3.407999992370605,-0.1050000190734863,0.0943814166296998,27.893138885498047,27.838902463007088,-0.020619256501256476,-0.0019462737698784714,0.0,2,hiking/crisis,2.07250033086818e-45,9.341547145387602e-13,0.999999999998181
2022-12-08,3.490999937057495,0.0829999446868896,0.0972203296981111,26.69218635559082,27.83890399601709,-0.04400986378297572,-0.0052387080296258295,0.0,2,hiking/crisis,8.94848676593452e-46,8.234135427913687e-13,1.0
2022-12-09,3.566999912261963,0.0759999752044677,0.099284254400344,26.482986450195312,26.552719416848905,-0.007868370657771264,-0.004692063626286317,0.0,2,hiking/crisis,2.7510857437945007e-39,1.4121662320001513e-13,1.0
2022-12-12,3.611000061035156,0.0440001487731933,0.0739516670255303,27.195810317993164,26.359017654930213,0.026560422949761575,0.010204236608804334,1.0,2,hiking/crisis,4.190033641939407e-28,7.1465950245393364e-06,0.9999928534053454
2022-12-13,3.500999927520752,-0.1100001335144043,0.0770871669206569,27.226804733276367,27.47474353114253,0.0011390271711484126,0.009065157107419142,1.0,2,hiking/crisis,7.805671415894915e-23,1.9221597745156737e-07,0.9999998077837702
2022-12-14,3.503000020980835,0.002000093460083,0.0756782205316663,27.621957778930664,27.474742093382726,0.014409071941907981,0.0008409958023126152,1.0,2,hiking/crisis,1.4209079553409775e-21,3.0279317066521276e-06,0.9999969720675294
2022-12-15,3.450000047683716,-0.0529999732971191,0.075311686896457,27.5057315826416,27.645197500358748,-0.00421662398125886,-0.009339212448136557,0.0,2,hiking/crisis,3.779561234478083e-20,2.035249625804513e-06,0.9999979647511984
2022-12-16,3.4820001125335693,0.0320000648498535,0.0730452033318123,27.583213806152344,27.25004552349086,0.0028129881251614313,0.004764032272181776,1.0,2,hiking/crisis,3.1760483952865353e-19,1.1624123312718346e-05,0.9999883758758039
2022-12-19,3.5810000896453857,0.0989999771118164,0.0741389928043848,27.699438095092773,27.714934638916503,0.004204735343853457,0.010850002095191266,1.0,2,hiking/crisis,1.2241888681192101e-20,3.646701755463906e-06,0.999996353298512
2022-12-20,3.684000015258789,0.1029999256134033,0.0773398129662933,27.374019622802734,28.001613393371912,-0.011817752982114271,0.014331987815995408,1.0,2,hiking/crisis,2.6115236956331407e-22,6.783627177987168e-07,0.9999993216372358
2022-12-21,3.684000015258789,0.0,0.0772943295208805,28.102336883544922,27.769168609942366,0.026258361367602224,0.014778652343761849,1.0,2,hiking/crisis,1.027914289506557e-21,1.2687038911359148e-06,0.9999987312957136
2022-12-22,3.6689999103546143,-0.0150001049041748,0.0760900042172701,28.156574249267578,28.520735619999755,0.0019281348122014298,-0.017488263395904407,0.0,2,hiking/crisis,2.0063677918286175e-21,2.165209855739203e-06,0.9999978347901355
2022-12-23,3.750999927520752,0.0820000171661377,0.0774901800785412,27.78466796875,27.668445366395993,-0.01329651416703179,0.012195204921898562,1.0,2,hiking/crisis,5.552093306246831e-23,8.569032207013751e-07,0.999999143096287
2022-12-28,3.88700008392334,0.0270001888275146,0.0808763856981465,28.520736694335938,28.12558222277071,0.026147069367191494,-0.016986735588372718,0.0,2,hiking/crisis,8.382687223273075e-25,1.7565537237920746e-07,0.9999998243438467
2022-12-29,3.8350000381469727,-0.0520000457763671,0.0814710303437783,27.226804733276367,28.04035409850368,-0.046429469827513094,0.0011375656062346474,1.0,2,hiking/crisis,4.262987610057203e-26,5.716340668692154e-08,0.9999999428364407
2022-12-30,3.878999948501587,0.0439999103546142,0.0811008527898879,27.459243774414062,27.257794633088807,0.008500904609260404,0.0059082215652672306,1.0,2,hiking/crisis,1.9110466388419317e-24,1.505899885150347e-07,0.9999998494095166
2023-01-03,3.7929999828338623,-0.0859999656677246,0.0730832203476196,27.38176727294922,27.62195927694183,-0.002825496887428272,-0.023766407977811578,0.0,2,hiking/crisis,1.7398283280463977e-22,3.0506199373001985e-06,0.9999969493793435
2023-01-04,3.7090001106262207,-0.0839998722076416,0.0757319751882081,26.730926513671875,26.73867330782156,-0.024056172413294687,-0.016365263564337658,0.0,2,hiking/crisis,3.550600317278358e-21,8.437811932738821e-07,0.9999991562184654
2023-01-05,3.7200000286102295,0.0109999179840087,0.0732952232983401,26.273784637451172,26.29702797187108,-0.01724953127034382,0.0023564914818383852,1.0,2,hiking/crisis,5.9896625344596395e-22,1.0199510613703456e-05,0.9999898004891216
2023-01-06,3.569000005722046,-0.1510000228881836,0.0785482863439062,26.816152572631836,26.335771594328182,0.020432753674995145,0.0011550857960107785,1.0,2,hiking/crisis,1.8426054136122895e-25,1.8987301117191584e-08,0.9999999810133888
2023-01-09,3.5169999599456787,-0.0520000457763671,0.0757163252678221,27.149320602416992,26.847145425828444,0.012347608319444078,0.0005707496005571165,1.0,2,hiking/crisis,1.1713822744744982e-23,1.614940083268905e-06,0.9999983850606748
2023-01-10,3.621000051498413,0.1040000915527343,0.0769243994818008,27.12607765197754,27.16482048916254,-0.0008564820381918359,0.0025672786894539485,1.0,2,hiking/crisis,8.894429275156944e-23,8.218928471646455e-07,0.9999991781063466
2023-01-11,3.553999900817871,-0.0670001506805419,0.0767649022539867,27.521228790283203,27.195807322511975,0.01446212270142834,0.009526636626588175,1.0,2,hiking/crisis,5.833360625462249e-24,6.86331299408211e-07,0.9999993136682487
2023-01-12,3.4489998817443848,-0.1050000190734863,0.0792793560316783,28.086841583251953,27.784666381193453,0.020343532729884838,0.008241731221118048,1.0,2,hiking/crisis,4.840162503107968e-25,6.076358638663624e-08,0.9999999392366609
2023-01-13,3.510999917984009,0.062000036239624,0.0770367626957146,28.435504913330078,28.319282323753352,0.01233734174825244,0.015143620607413607,1.0,2,hiking/crisis,4.283105739296162e-23,1.3437412203796696e-06,0.9999986562588608
2023-01-17,3.5350000858306885,0.0240001678466796,0.0772079217466758,28.954627990722656,28.869398479282548,0.0018750072871026769,0.0037393166909168293,1.0,2,hiking/crisis,3.5561959755094267e-25,1.4269557594400056e-06,0.9999985730438488
2023-01-18,3.375,-0.1600000858306884,0.0842001183265478,28.667949676513672,29.063101195887192,-0.00995029001147164,-0.0037909022611514994,0.0,2,hiking/crisis,1.89030146979313e-31,3.193881982547832e-10,0.9999999996798579
2023-01-19,3.3970000743865967,0.0220000743865966,0.0840169647161551,28.49749183654785,28.559478013901213,-0.005963685074614943,0.011623269993829812,1.0,2,hiking/crisis,4.4158245956311534e-30,2.4080251938011315e-08,0.9999999759202186
2023-01-20,3.483999967575073,0.0869998931884765,0.0833189631266766,28.698942184448242,28.830658369692138,0.007044186734874274,0.006458456862082979,1.0,2,hiking/crisis,1.3273422619942913e-27,2.696727301721358e-08,0.9999999730334824
2023-01-23,3.525000095367432,0.0410001277923584,0.0803608147512439,29.1793212890625,28.884892895497774,0.01660001896615894,-0.0015943238783318273,0.0,2,hiking/crisis,4.85714051751591e-26,2.3447573275261714e-07,0.9999997655250175
2023-01-24,3.469000101089477,-0.0559999942779541,0.0810234156031095,29.249059677124023,29.132837065677883,0.002387142002739614,0.0007942690030239106,1.0,2,hiking/crisis,7.185507498535254e-26,7.012448658529527e-08,0.999999929876142
2023-01-25,3.461999893188477,-0.0070002079010009,0.081018712990353,28.90814208984375,29.27230052711472,-0.011724136718858628,0.010133484792427217,1.0,2,hiking/crisis,5.139345444040116e-24,1.4076224076897304e-07,0.9999998592375149
2023-01-27,3.5179998874664307,0.0249998569488525,0.0744084528407789,28.218563079833984,29.202571586989276,-0.024143262026749355,0.007113453277105975,1.0,2,hiking/crisis,1.0154272423656408e-20,6.112493738780886e-06,0.9999938875066986
2023-01-30,3.5510001182556152,0.0330002307891845,0.0745942617603504,28.125581741333008,28.420010152564412,-0.003300482177919398,-0.007465808776863583,0.0,2,hiking/crisis,3.3802031258912554e-19,5.600400596377865e-06,0.9999943996001484
2023-01-31,3.5290000438690186,-0.0220000743865966,0.0741563275078304,28.094589233398438,27.916383415358947,-0.0011025406197369598,0.007966019966525613,1.0,2,hiking/crisis,5.324387664311376e-21,5.512794799408171e-06,0.9999944872058292
2023-02-01,3.3970000743865967,-0.1319999694824218,0.0770931362563788,27.699438095092773,28.319285069724383,-0.01416487621538844,-0.008426957409036219,0.0,2,hiking/crisis,6.56272926288363e-24,9.139571544706291e-08,0.9999999086048816
2023-02-02,3.3959999084472656,-0.001000165939331,0.0758386075642092,27.42825698852539,27.46699687169529,-0.009838368665084913,-0.010507073088911682,0.0,2,hiking/crisis,9.750121152103706e-24,2.7260321073446026e-06,0.99999727396797
2023-02-03,3.532000064849853,0.1360001564025879,0.0813889695629534,27.606462478637695,27.14157501928301,0.0064761341447752375,0.008941160887205889,1.0,2,hiking/crisis,1.894158678232682e-27,3.55586354509255e-08,0.9999999644405768
2023-02-06,3.634000062942505,0.1019999980926513,0.084825101374875,27.931882858276367,27.854403087838943,0.01171889806550143,0.0013858569386600169,1.0,2,hiking/crisis,5.413553329889422e-28,8.29186766922403e-09,0.9999999917072273
2023-02-07,3.674000024795532,0.0399999618530273,0.0782726441694114,28.017108917236328,27.97061928732007,0.0030465651721172547,0.016184682849036697,1.0,2,hiking/crisis,1.958759535776762e-24,7.790827190119009e-07,0.999999220918047
2023-02-08,3.6530001163482666,-0.0209999084472656,0.077431700278265,28.195314407348633,28.474246272310058,0.0063404520417513505,0.003018427302430965,1.0,2,hiking/crisis,2.1331904409450532e-21,1.000882939491497e-06,0.9999989991179525
2023-02-09,3.683000087738037,0.0299999713897705,0.0743959204182548,28.257305145263672,28.280548485877986,0.0021962050060053244,-0.005499176015984592,0.0,2,hiking/crisis,5.424104605916918e-19,6.716385423322914e-06,0.9999932836151852
2023-02-10,3.74399995803833,0.0609998703002929,0.0736176007017315,27.78466796875,28.102339732098915,-0.01686765673440828,0.02587533718141225,1.0,2,hiking/crisis,1.557323639458262e-16,4.338059304470738e-05,0.9999566194061137
2023-02-13,3.7170000076293945,-0.0269999504089355,0.0694240127561975,28.37352180480957,28.51298774508109,0.02097202281740402,5.7147185349675276e-08,1.0,2,hiking/crisis,8.533046893439358e-14,0.001855706679973221,0.9981442933208049
2023-02-14,3.760999917984009,0.0439999103546142,0.0688947972542262,28.071348190307617,28.373523426276527,-0.010706960659589667,-0.011381037109213272,0.0,2,hiking/crisis,6.147286982583016e-12,0.01697366832320352,0.9830263316703856
2023-02-15,3.809000015258789,0.0480000972747802,0.0693033216211429,27.389516830444336,27.753678270343737,-0.024589076044385795,-0.002549532474171263,0.0,2,hiking/crisis,4.498517076934787e-11,0.10642717419618059,0.8935728257585299
2023-02-16,3.8429999351501465,0.0339999198913574,0.0569035628161611,27.11832618713379,27.319775309746493,-0.009950600351905488,2.185522275250046e-07,1.0,1,transitional,7.934760170745998e-08,0.7462121251128758,0.25378779553901754
2023-02-17,3.828000068664551,-0.0149998664855957,0.0574827155197126,26.73867416381836,27.11833211390503,-0.014098754464389152,-0.0169495326958176,0.0,1,transitional,4.354652091036926e-07,0.8548797430738417,0.14511982146142358
2023-02-21,3.954999923706055,0.1269998550415039,0.0603850726301741,26.730926513671875,26.28928535555125,0.0093186854294472,-0.01371677231316399,0.0,1,transitional,6.7105141010201e-09,0.8729902099851125,0.1270097833045797
2023-02-22,3.92300009727478,-0.0319998264312744,0.0613558985865838,26.79291534423828,26.36676773219316,0.0023163082518106817,-0.0046379331321270605,0.0,1,transitional,7.318131163720662e-08,0.9058300775791646,0.09416984924008476
2023-02-23,3.878999948501587,-0.0440001487731933,0.0606750489513817,26.630199432373047,26.668939312959825,-0.0060916109333352545,0.0040650165605677115,1.0,1,transitional,7.817184335421529e-08,0.9227527795800051,0.07724714224805922
2023-02-24,3.9489998817443848,0.0699999332427978,0.0613152565113225,26.80840492248535,26.738671956009462,0.006669566050901764,0.011494395905875407,1.0,1,transitional,5.10500747313737e-08,0.9297452158539451,0.07025473309512334
2023-02-27,3.921999931335449,-0.0269999504089355,0.0622451245930403,27.21905517578125,27.11832912572853,0.015201831098843686,0.005677177150705741,1.0,1,transitional,5.741165176842474e-08,0.9326234826394313,0.06737645994837267
2023-02-28,3.9159998893737793,-0.0060000419616699,0.0624983694856733,27.823410034179688,27.374022044853746,0.02196046794127742,-0.005865195694732953,0.0,1,transitional,6.655061519091886e-08,0.9320960433587854,0.06790389009086659
2023-03-01,3.99399995803833,0.0780000686645507,0.0637627568497815,28.51298713684082,27.66069792506353,0.024481918591655383,0.025487600425773162,1.0,1,transitional,1.3935844918569937e-08,0.9274315401639514,0.07256844590056095
2023-03-02,4.072999954223633,0.0789999961853027,0.064157531604166,29.125085830688477,29.24905521802177,0.021240186366094208,-0.0010647666104969488,0.0,1,transitional,1.1358024092748757e-08,0.9272655804431166,0.07273440819949215
2023-03-03,3.96399998664856,-0.1089999675750732,0.0614670516571104,29.280046463012695,29.094090915871615,0.005306417085427521,0.005541633286870337,1.0,1,transitional,4.108605551752398e-09,0.9330753776980243,0.06692461819341136
2023-03-06,3.983000040054321,0.0190000534057617,0.0611657219247472,28.830656051635742,29.442756165487946,-0.015467008685320537,-0.0002685706193508723,0.0,1,transitional,1.2620556097656226e-07,0.9526405606217027,0.04735931317273636
2023-03-07,3.974999904632568,-0.0080001354217529,0.0563274984606584,29.148332595825195,28.822914024170753,0.010958443073089495,-0.007517222284018265,0.0,1,transitional,9.752614559059715e-07,0.9597483866505359,0.04025063808770574
2023-03-08,3.9760000705718994,0.001000165939331,0.053304883247245,28.6834774017334,28.930039606906448,-0.016076453632646582,0.0002865144251894013,1.0,1,transitional,3.1498370489642903e-06,0.9499580001713896,0.05003884999196137
2023-03-09,3.924999952316284,-0.0510001182556152,0.0549540241118234,29.01222801208496,28.691696809206764,0.011396140005373279,-0.02002945677675935,0.0,1,transitional,2.9336884176198733e-12,0.821996926765843,0.17800307323102899
2023-03-10,3.694999933242798,-0.2300000190734863,0.0760834918229759,27.984878540039062,28.43690973507947,-0.03605308455081437,0.00439565885257922,1.0,2,hiking/crisis,7.930500418099085e-29,3.419604468278491e-06,0.9999965803948987
2023-03-13,3.515000104904175,-0.179999828338623,0.0854441027866527,28.067068099975586,28.1081612750509,0.0029326231743133616,-0.025205250477979852,0.0,2,hiking/crisis,9.791875572379122e-35,5.2376030660266254e-11,0.9999999999472493
2023-03-14,3.638000011444092,0.1229999065399169,0.0889468491566551,27.286285400390625,27.3684717510463,-0.02821272565073634,-0.01212126690385826,0.0,2,hiking/crisis,5.241545290876465e-40,3.3642824938482325e-10,0.999999999663487
2023-03-15,3.492000102996826,-0.1459999084472656,0.0940590639652121,27.006851196289062,26.957537497873215,-0.01029362785018301,-0.03278995049271899,0.0,2,hiking/crisis,5.033771807465417e-44,2.5784844138284064e-13,1.0
2023-03-16,3.5850000381469727,0.0929999351501464,0.0960704982666878,25.552127838134766,26.135659111288966,-0.05536998730843959,0.013101246286821747,1.0,2,hiking/crisis,3.9264312230883045e-50,2.002778213789751e-12,0.999999999998181
2023-03-17,3.3949999809265137,-0.1900000572204589,0.10288346687274,26.250720977783203,25.88909508371642,0.026972859962752265,-0.02247992891323318,0.0,2,hiking/crisis,4.529994243251789e-58,7.0421947974446e-18,1.0
2023-03-20,3.4809999465942383,0.0859999656677246,0.104847908947928,25.478158950805664,25.66719007647372,-0.029871881065255616,0.01250214016224299,1.0,2,hiking/crisis,2.0773497966378322e-60,6.373221319210285e-16,1.0
2023-03-21,3.6059999465942383,0.125,0.1093515008077948,25.626096725463867,25.798689951836025,0.005789662169700734,0.032810600998836634,1.0,2,hiking/crisis,3.648743137812342e-62,3.8110482093831974e-18,1.0
2023-03-22,3.5,-0.1059999465942382,0.1064778309725249,26.957536697387695,26.48085016769104,0.05065167749325469,-0.006116281696996784,0.0,2,hiking/crisis,3.9391435711970426e-64,7.476027362894026e-18,1.0
2023-03-23,3.4059998989105225,-0.0940001010894775,0.1076319823580814,26.784942626953125,26.793160008584877,-0.006423025732039684,-0.006155821146577793,0.0,2,hiking/crisis,2.2142794455157794e-63,3.2794092365127517e-18,1.0
2023-03-24,3.380000114440918,-0.0259997844696044,0.1075415554618341,26.760286331176758,26.620565767071522,-0.0009209521744072049,-0.004926066702909185,0.0,2,hiking/crisis,4.167648342059794e-64,2.145717032645294e-17,1.0
2023-03-27,3.5280001163482666,0.1480000019073486,0.1121884301769048,25.86444091796875,26.628787527573234,-0.03404984733895457,0.03527751695094802,1.0,2,hiking/crisis,3.513825288465747e-68,1.1390700978994526e-19,1.0
2023-03-28,3.563999891281128,0.0359997749328613,0.112833694659915,27.09725570678711,26.793159295954975,0.04656336949269019,-0.0036462818651401977,0.0,2,hiking/crisis,4.550482887575877e-69,1.2588073433516578e-19,1.0
2023-03-29,3.565999984741211,0.002000093460083,0.1128863525216259,27.81229019165039,26.998631390007805,0.02604555890125295,0.003245337230027382,1.0,2,hiking/crisis,2.857370451608933e-68,8.629002278697723e-20,1.0
2023-03-30,3.5510001182556152,-0.0149998664855957,0.1107916295199051,27.81229019165039,27.90269707352277,0.0,0.0017714443040980827,1.0,2,hiking/crisis,2.1428887525817097e-66,7.318061497251882e-19,1.0
2023-03-31,3.49399995803833,-0.0570001602172851,0.1086013464661191,27.401350021362305,27.8616017781638,-0.014885733194113382,0.04859014241085678,1.0,2,hiking/crisis,3.3635787280569686e-64,3.4295043721868474e-18,1.0
2023-04-03,3.430000066757202,-0.0639998912811279,0.1073510703489847,28.1328182220459,28.76566318841607,0.026344520090365,0.0026258879005728515,1.0,2,hiking/crisis,2.0210621946476244e-63,1.1099127205216788e-17,1.0
2023-04-04,3.336999893188477,-0.0930001735687255,0.1078145931478359,28.280757904052734,28.20678892590822,0.005244837547863241,-0.004660625576831303,0.0,2,hiking/crisis,1.2558123103529777e-63,2.7800800719323923e-18,1.0
2023-04-05,3.2869999408721924,-0.0499999523162841,0.107760784701077,28.124603271484375,28.149258553081587,-0.005536886148805822,0.004664639649815008,1.0,2,hiking/crisis,1.7923895638552285e-62,1.0192829911389466e-17,1.0
2023-04-06,3.2880001068115234,0.001000165939331,0.107760784701077,27.85338020324707,28.256100867052503,-0.009690423763635578,0.006177411999004037,1.0,2,hiking/crisis,6.57136606536974e-59,2.568978015841635e-17,1.0
2023-04-11,3.434000015258789,0.0190000534057617,0.1030856468572103,28.083505630493164,28.025974552674278,0.008228084997298487,0.009611398091754911,1.0,2,hiking/crisis,2.3798914683253903e-52,3.737906054709193e-15,1.0
2023-04-12,3.4210000038146973,-0.0130000114440917,0.0956883394540376,28.07529067993164,28.35472871148214,-0.0002925614920487235,-0.0029318640611909136,0.0,2,hiking/crisis,4.4033013161158125e-44,2.552328087492313e-12,0.999999999998181
2023-04-13,3.45199990272522,0.0309998989105224,0.0915779763877496,28.37116050720215,27.99309829151047,0.010483299860559953,-0.004645578263045919,0.0,2,hiking/crisis,2.3767253351664977e-37,1.0505496783700181e-10,0.9999999998944986
2023-04-14,3.5220000743865967,0.0700001716613769,0.0874411629004639,28.58485221862793,28.239665731774384,0.007503780685755708,0.007733028473564616,1.0,2,hiking/crisis,1.8067877762100308e-33,2.0417482453812867e-09,0.9999999979590939
2023-04-17,3.5910000801086426,0.0690000057220459,0.0863343196506584,28.54375648498535,28.806756585322926,-0.0014387096645187437,-0.010710741518122483,0.0,2,hiking/crisis,1.3226894031158333e-28,4.4976235691396035e-09,0.9999999955016392
2023-04-18,3.572000026702881,-0.0190000534057617,0.074780723342203,27.861600875854492,28.239663127121702,-0.024188797000029367,-0.005917172980778437,0.0,2,hiking/crisis,6.7426001171537195e-22,4.347286049229996e-06,0.9999956527139054
2023-04-19,3.601999998092652,0.0299999713897705,0.0728497778668771,27.828725814819336,27.697225761547532,-0.001180638247517847,-0.010688968417021083,0.0,2,hiking/crisis,8.042023494215387e-17,2.4444907164854488e-05,0.9999755550930002
2023-04-20,3.5450000762939453,-0.056999921798706,0.0686606856713054,27.68900489807129,27.532849566518347,-0.005033390592152117,-0.019179473442595584,0.0,2,hiking/crisis,1.706548072085414e-14,0.00036479412426308527,0.9996352058755438
2023-04-21,3.569999933242798,0.0249998569488525,0.0646601330577699,27.68900489807129,27.163004691568187,0.0,0.006508933650908578,1.0,2,hiking/crisis,8.090036535674923e-12,0.0032474858655817023,0.9967525141256536
2023-04-24,3.515000104904175,-0.054999828338623,0.0622395320911586,27.565725326538086,27.869818607666357,-0.004462234295204348,0.0017872561510740056,1.0,2,hiking/crisis,8.050731095021687e-11,0.006012408610203558,0.9939875913086377
2023-04-26,3.431999921798706,0.0360000133514404,0.0593629305969431,27.878036499023438,27.615036391312543,0.011265991537115019,-0.013056578669792944,0.0,2,hiking/crisis,6.340075170092255e-10,0.007728361030123964,0.992271638335833
2023-04-27,3.5280001163482666,0.0960001945495605,0.0627599990228753,27.664348602294922,27.516410657747212,-0.007694626388868587,0.001187800311589191,1.0,2,hiking/crisis,1.1306877240389193e-11,0.004018923748165118,0.9959810762412804
2023-04-28,3.45199990272522,-0.0760002136230468,0.0648040265433665,27.680789947509766,27.697227847307683,0.0005941387492849899,0.00886783346967161,1.0,2,hiking/crisis,1.361323392785897e-13,0.0011312418523848596,0.9988687581480976
2023-05-01,3.5739998817443848,0.121999979019165,0.0704428506258633,27.878036499023438,27.92735019492245,0.007100487639583518,-0.0038398544316404115,0.0,2,hiking/crisis,1.9980530719845183e-18,4.2806015570862426e-05,0.9999571939837338
2023-05-02,3.438999891281128,-0.1349999904632568,0.0755317897430048,27.43422508239746,27.771194157823782,-0.01604783202011518,-0.020581789796832804,0.0,2,hiking/crisis,2.590237267119918e-22,2.156410889404272e-07,0.9999997843588294
2023-05-03,3.4030001163482666,-0.0359997749328613,0.0746359018024784,26.817819595336914,26.875350674897895,-0.02272474769214588,-0.015441923244061446,0.0,2,hiking/crisis,7.153050185232686e-21,3.691658210553552e-06,0.9999963083423539
2023-05-04,3.3510000705718994,-0.0520000457763671,0.072625997350351,27.080820083618164,26.406881883618695,0.009759154487598736,0.003332780772749845,1.0,2,hiking/crisis,1.8735409788054316e-19,7.796925085478506e-06,0.999992203074199
2023-05-05,3.446000099182129,0.0950000286102294,0.0744382945991848,27.204097747802734,27.17122508645017,0.004541883124474858,0.030057301840411128,1.0,2,hiking/crisis,2.693601048000818e-20,3.3685252991329935e-06,0.9999966314755857
2023-05-08,3.5209999084472656,0.0749998092651367,0.0758497984770985,27.984878540039062,28.034192231122997,0.02829669770530768,-0.005595470293404163,0.0,2,hiking/crisis,9.268159502374302e-20,2.3476495231824055e-06,0.9999976523513668
2023-05-09,3.5209999084472656,0.0,0.0710580799044899,27.91913414001465,27.828727260841,-0.002352046916901158,-0.00412979779601951,0.0,2,hiking/crisis,1.8020707602428872e-18,2.761719175040172e-05,0.9999723828089477
2023-05-10,3.438999891281128,-0.0820000171661377,0.0734444932730944,27.7301025390625,27.80407151759359,-0.006793707848900311,-0.009529785783617427,0.0,2,hiking/crisis,1.6530246108868778e-19,3.0380055352051554e-06,0.9999969619939966
2023-05-11,3.3970000743865967,-0.0419998168945312,0.0739765564795673,27.787630081176758,27.467095791539222,0.0020724031760134417,-0.009211175802628908,0.0,2,hiking/crisis,6.916588458140551e-20,4.711974769138501e-06,0.9999952880245528
2023-05-12,3.463000059127808,0.0659999847412109,0.0751223298248856,27.664348602294922,27.532848555497893,-0.00444643040420082,0.009167687553964967,1.0,2,hiking/crisis,8.871622236949934e-20,3.5407607534617586e-06,0.9999964592397121
2023-05-15,3.507999897003174,0.0449998378753662,0.0741581683435251,27.878036499023438,27.919132813210243,0.007694626388868591,0.007343237942630128,1.0,2,hiking/crisis,5.023031982175863e-19,6.682434778755623e-06,0.999993317564576
2023-05-16,3.549000024795532,0.0410001277923584,0.0730869419524696,27.845163345336914,28.083505033285892,-0.0011798732876755866,-0.0035483163380290532,0.0,2,hiking/crisis,2.5044550177834024e-18,1.1374703791230523e-05,0.9999886252964008
2023-05-17,3.5810000896453857,0.0320000648498535,0.0733407004413957,27.94378662109375,27.746534983100204,0.003535588267995525,0.011696249171440834,1.0,2,hiking/crisis,1.7799204481589433e-18,1.0388093220401733e-05,0.9999896119073364
2023-05-18,3.6480000019073486,0.0669999122619628,0.0745215579747728,27.993104934692383,28.272542972433264,0.0017633559894454725,0.00789580278588448,1.0,2,hiking/crisis,4.034566549604422e-19,4.789071912400922e-06,0.9999952109288722
2023-05-19,3.691999912261963,0.0439999103546142,0.0737658516197788,28.14103889465332,28.215007868670437,0.005270742273599498,0.004662165992043062,1.0,2,hiking/crisis,7.622293127687924e-19,8.076807417529124e-06,0.9999919231921589
2023-05-22,3.7190001010894775,0.0270001888275146,0.073791544061166,28.46157455444336,28.272543398886327,0.011325946513715997,0.009483979864847992,1.0,2,hiking/crisis,3.4603116874231935e-18,8.683892111832428e-06,0.9999913161077141
2023-05-23,3.697999954223633,-0.0210001468658447,0.0727263177083016,28.54375648498535,28.732787611152453,0.002883308840707946,0.009171659956982605,1.0,2,hiking/crisis,9.444061312176663e-17,1.893402458121868e-05,0.9999810659747604
2023-05-24,3.7190001010894775,0.0210001468658447,0.0665916523575811,28.839630126953125,28.80675433317907,0.010312262187153712,0.0005700187031601831,1.0,2,hiking/crisis,3.441159034429531e-14,0.0002719571187700081,0.9997280428812557
2023-05-25,3.813999891281128,0.0949997901916503,0.0687157970193171,28.69169807434082,28.856073941713447,-0.005142672115110064,-0.005169631576334993,0.0,2,hiking/crisis,7.651591607299672e-14,0.00032228801942700027,0.9996777119805944
2023-05-26,3.809999942779541,-0.0039999485015869,0.0664827367621349,28.667037963867188,28.54375530029699,-0.000859855488328075,0.01761921036665884,1.0,2,hiking/crisis,3.0266345628263755e-12,0.0021388707832463295,0.9978611292129997
2023-05-30,3.700000047683716,-0.1099998950958252,0.0691307158037454,28.84785270690918,29.176604433482655,-0.0039807382896953,-0.011749697629246096,0.0,2,hiking/crisis,2.4782500573184487e-13,0.005859641128432174,0.994140358871112
2023-05-31,3.63700008392334,-0.0629999637603759,0.0661081999525645,28.190351486206055,28.51088268498568,-0.023055787094623966,0.0008743770972941869,1.0,2,hiking/crisis,2.5459469637314097e-11,0.15709967078071008,0.8429003291931794
2023-06-01,3.608000040054321,-0.0290000438690185,0.0586731788546426,28.07529067993164,28.215011263311325,-0.0040899192556627766,0.013087265875370334,1.0,1,transitional,4.48914575451245e-08,0.7388191626546713,0.26118079245298675
2023-06-02,3.690999984741211,0.0829999446868896,0.059939212832108,28.39582061767578,28.445134315806293,0.011352118724490642,0.0163630855324427,1.0,1,transitional,4.961910783948653e-08,0.8920485999049471,0.10795135047653442
2023-06-05,3.693000078201294,0.002000093460083,0.0581094555358535,28.609506607055664,28.86428617760644,0.007497088453226897,-0.0046068956365065555,0.0,1,transitional,4.5601123366882075e-07,0.9795264087179582,0.02047313527096248
2023-06-06,3.6989998817443848,0.0059998035430908,0.0552570542168404,28.387601852416992,28.478008726980196,-0.007786566084502384,-0.0017386864703121932,0.0,1,transitional,1.6850932514831029e-06,0.9970747457652201,0.002923569141858407
2023-06-07,3.783999919891357,0.0850000381469726,0.0558664282454424,28.272539138793945,28.338287596589495,-0.00406151025329925,0.016148005904853054,1.0,1,transitional,3.481530013750852e-07,0.9990041436790009,0.0009955081689059717
2023-06-08,3.71399998664856,-0.0699999332427978,0.0586690487400691,28.59307289123535,28.732790336136606,0.011273496785041198,0.002583519344846625,1.0,1,transitional,9.329479960895745e-08,0.9994643678221962,0.0005355388831053732
2023-06-09,3.744999885559082,0.0309998989105224,0.054951361623068,28.54375648498535,28.66703915367231,-0.0017262567431603996,-0.020067556688247615,0.0,1,transitional,1.7509742446274426e-06,0.9998763153424078,0.00012193368261607922
2023-06-13,3.83899998664856,0.0739998817443847,0.0537939218903778,28.165693283081055,27.976662163286893,-0.013333538044973448,0.010738759068436368,1.0,1,transitional,1.1840605451194176e-06,0.9999031467317291,9.566920744332156e-05
2023-06-14,3.796000003814697,-0.0429999828338623,0.0549919105083673,28.478008270263672,28.469787753503265,0.01102746266687129,-0.0023115108985863097,0.0,1,transitional,1.0296204457265444e-06,0.9999058482805064,9.312209975870272e-05
2023-06-15,3.7279999256134033,-0.0680000782012939,0.0573799449220096,28.30541229248047,28.412257065366457,-0.006079116319711073,0.01584379308455794,1.0,1,transitional,1.7511650607935984e-07,0.9998171193356127,0.00018270554875147256
2023-06-16,3.7690000534057617,0.0410001277923584,0.0575972573814975,29.283449172973633,28.757448919376237,0.03396944833078121,-0.0016854966536329322,0.0,1,transitional,5.075535980017145e-07,0.9998635371362493,0.00013595531030551273
2023-06-20,3.7290000915527344,-0.0399999618530273,0.0569343953905498,29.842323303222656,29.234133589686106,0.021997342588615448,-0.014424756584516375,0.0,1,transitional,4.84552788679602e-07,0.9998749683190961,0.00012454712728242744
2023-06-21,3.723000049591065,-0.0060000419616699,0.0562126244338606,29.291662216186523,29.414944879014897,-0.018624721465841623,0.009494782854121798,1.0,1,transitional,1.0925458057763008e-06,0.9998708722027104,0.00012803525081543418
2023-06-22,3.799000024795532,0.0759999752044677,0.058303160264234,29.053321838378906,29.571104711944628,-0.008170083767849844,-0.017118823224975745,0.0,1,transitional,1.6923461239715886e-07,0.9995888397563364,0.00041099100869895517
2023-06-23,3.739000082015991,-0.059999942779541,0.0597364503910837,27.7301025390625,28.560196066837022,-0.04661426837086652,0.002072429588146619,1.0,1,transitional,8.23496573573771e-08,0.9991514602780243,0.0008484573720241549
2023-06-26,3.7190001010894775,-0.0199999809265136,0.0597527870869841,27.7547550201416,27.787630815107352,0.0008886202032699356,0.006199298409613529,1.0,1,transitional,2.0649977570565257e-07,0.9986025069857984,0.0013972865137141673
2023-06-27,3.767999887466431,0.0489997863769531,0.0568696616397112,27.910911560058594,27.927349458258,0.005610530121544472,-0.0035397344397401997,0.0,1,transitional,5.945438344004432e-07,0.9966327885950677,0.003366616860363898
2023-06-28,3.7100000381469727,-0.057999849319458,0.0581617243498305,28.215009689331055,27.81228899698251,0.010836387119606525,0.007833880988126967,1.0,1,transitional,1.6623074393115552e-07,0.9857362431785436,0.01426359058982716
2023-06-29,3.8540000915527344,0.1440000534057617,0.0614974054891209,28.165693283081055,28.436910755756713,-0.0017494077309242067,0.0014579723902085151,1.0,1,transitional,1.7089897715182583e-09,0.9527206915985305,0.04727930669310384
2023-06-30,3.819000005722046,-0.0350000858306884,0.0601858082155233,28.30541229248047,28.206788036467245,0.004948346347160433,-0.0040733214243482835,0.0,1,transitional,1.2167540428147182e-07,0.9453918133411687,0.05460806498310202
2023-07-03,3.858000040054321,0.0390000343322753,0.0598864641827696,28.478008270263672,28.190349752611482,0.006079116319711044,0.020283546904000208,1.0,1,transitional,1.6831466264632084e-07,0.9240040195616541,0.07599581212392315
2023-07-05,3.944999933242798,0.0869998931884765,0.0601297612205609,28.74922752380371,29.061541340541826,-0.003994234947879011,-0.0065969040410170385,0.0,1,transitional,4.0515801884335626e-08,0.8579679787760376,0.1420319807079504
2023-07-06,4.040999889373779,0.0959999561309814,0.0627810055820941,28.354726791381836,28.560195826101996,-0.013817152014504088,-0.02197883900166228,0.0,1,transitional,8.351986393044898e-09,0.7545286367139147,0.2454713549343379
2023-07-07,4.050000190734863,0.0090003013610839,0.0627591536310679,28.07529067993164,27.738321565580353,-0.009903891866690601,0.011352020779661295,1.0,1,transitional,3.9594667769339507e-08,0.6854922546220832,0.31450770578373355
2023-07-10,4.00600004196167,-0.0440001487731933,0.0620504225561326,27.94378662109375,28.39581783645211,-0.004694982735672047,0.008493256515938545,1.0,1,transitional,2.065033486731449e-08,0.5792369760773419,0.4207630032720591
2023-07-11,3.9800000190734863,-0.0260000228881835,0.0598993467798649,28.239662170410156,28.182131096523264,0.010532578221054113,0.018169323994527427,1.0,1,transitional,4.811682521447235e-09,0.43756397545732484,0.5624360197307576
2023-07-12,3.861000061035156,-0.11899995803833,0.0662145004833385,28.987571716308594,28.757447401309886,0.026139726871832265,0.009312804538089754,1.0,2,hiking/crisis,2.1220168884861256e-13,0.027223831564448492,0.9727761684355342
2023-07-13,3.760999917984009,-0.1000001430511474,0.0699740034544772,29.365633010864258,29.258788238790316,0.012957868765445387,0.004189500415441952,1.0,2,hiking/crisis,1.5345745317606124e-14,0.0007407412105346722,0.9992592587902511
2023-07-14,3.819000005722046,0.0580000877380371,0.0692087296739489,29.81766700744629,29.488918414363066,0.015276025055960955,-0.013598105486011649,0.0,2,hiking/crisis,4.5812397167450425e-14,0.00016887539048262876,0.9998311246092226
2023-07-17,3.796999931335449,-0.0220000743865966,0.0687208010654381,29.538227081298828,29.41494754251594,-0.009415812699725596,-0.01485653846625064,0.0,2,hiking/crisis,3.600344771786892e-14,0.00012279830403911623,0.9998772016958168
2023-07-18,3.7890000343322754,-0.0079998970031738,0.0669752992537319,29.217697143554688,29.102634981675195,-0.010910665492663712,0.00505053047561377,1.0,2,hiking/crisis,6.687883607810255e-14,0.00020565973263438596,0.9997943402664712
2023-07-19,3.742000102996826,-0.0469999313354492,0.0672250973293038,29.62863540649414,29.365635281978484,0.013966713819630008,0.00498065605719381,1.0,2,hiking/crisis,5.0262879871893646e-15,0.0001256612372505416,0.9998743387621126
2023-07-20,3.8540000915527344,0.1119999885559082,0.070929169333256,29.480697631835938,29.776573557597864,-0.005005574448063882,0.005005451941703834,1.0,2,hiking/crisis,4.423783703763348e-17,1.6080059956615666e-05,0.9999839199391781
2023-07-21,3.836999893188477,-0.0170001983642578,0.0710623457469816,29.916290283203125,29.628631776798084,0.014667425936559212,0.006844706962481791,1.0,2,hiking/crisis,2.3158895205573935e-16,2.9966894225353017e-05,0.999970033106091
2023-07-24,3.857000112533569,0.0200002193450927,0.0693108276851377,30.614885330200195,30.121760914535432,0.02308318182158706,0.011212075540385938,1.0,2,hiking/crisis,2.522439051363312e-15,7.471203020592837e-05,0.9999252879704981
2023-07-25,3.911999940872192,0.054999828338623,0.0686439390921976,30.984731674194336,30.9600732575995,0.01200821713529287,-0.00026549322513771115,0.0,2,hiking/crisis,1.879245715315647e-15,8.101612165829666e-05,0.9999189838786867
2023-07-26,3.8510000705718994,-0.0609998703002929,0.070055787294867,31.091571807861328,30.976506529760503,0.003442222979423503,-0.0007932779711565794,0.0,2,hiking/crisis,1.363430955227844e-18,2.541615307438867e-05,0.9999745838478136
2023-07-27,4.01200008392334,0.1610000133514404,0.0773533947613098,31.140886306762695,31.066917329077874,0.001584848508881284,0.0015822885502673515,1.0,2,hiking/crisis,1.5997027917876654e-23,1.7421051930333248e-07,0.9999998257899431
2023-07-28,3.9690001010894775,-0.0429999828338623,0.0767452561801157,31.247730255126953,31.190199177918306,0.003425113705180797,0.004723276132639356,1.0,2,hiking/crisis,2.162615996025577e-21,1.1620115128866356e-06,0.9999988379884074
2023-07-31,3.9590001106262207,-0.0099999904632568,0.0706505506159065,31.22307777404785,31.39567102114647,-0.0007892480707880053,0.008126781330312256,1.0,2,hiking/crisis,3.504666562970715e-18,3.1608608031130205e-05,0.9999683913913713
2023-08-01,4.051000118255615,0.0920000076293945,0.0724675622356303,31.379230499267578,31.477854755767844,0.004988731354483552,0.0007853871523173923,1.0,2,hiking/crisis,5.5666200665851155e-18,9.619682153827256e-06,0.9999903803171708
2023-08-02,4.078000068664551,0.0269999504089355,0.0722832047480448,31.132667541503906,31.403885024157546,-0.007888553830861964,-0.01811463476186868,0.0,2,hiking/crisis,3.0455769606692814e-18,1.6975854780808444e-05,0.9999830241453584
2023-08-03,4.189000129699707,0.1110000610351562,0.0737288872246957,30.902536392211914,30.573787872844292,-0.0074194067361322375,0.01425975955909248,1.0,2,hiking/crisis,1.8135776896579718e-21,3.5629728826102213e-06,0.9999964370262924
2023-08-04,4.059999942779541,-0.129000186920166,0.0771238920463787,31.18198013305664,31.346355990787533,0.00900210370022272,0.006305856866771386,1.0,2,hiking/crisis,2.916500506321514e-24,9.908373444683282e-08,0.9999999009160141
2023-08-07,4.078000068664551,0.0180001258850097,0.0771960980749454,31.379230499267578,31.379230499267578,0.006305856866771386,-0.0026227181116348797,0.0,2,hiking/crisis,5.32329790803383e-23,1.4249054638314064e-06,0.9999985750938469
2023-08-08,4.026000022888184,-0.0520000457763671,0.077450315768791,31.560039520263672,31.297039452195484,0.005745523210892645,-0.002868574622327344,0.0,2,hiking/crisis,2.1062016318638207e-22,6.296426882694148e-07,0.9999993703570161
2023-08-09,4.01200008392334,-0.0139999389648437,0.0772856101854865,31.469636917114258,31.469636917114258,-0.002868574622327344,0.004949857239339083,1.0,2,hiking/crisis,2.91081263757676e-21,1.1664730115331886e-06,0.9999988335264316
2023-08-10,4.079999923706055,0.0679998397827148,0.073378882131048,32.05316925048828,31.625793284256734,0.018372889467625126,-0.006430749823859005,0.0,2,hiking/crisis,3.55748921647189e-19,8.254324286537923e-06,0.9999917456766135
2023-08-11,4.168000221252441,0.0880002975463867,0.0706502036509091,31.412111282348633,31.847704691638327,-0.020202534872231174,0.007299104511328832,1.0,2,hiking/crisis,2.5986740609834105e-17,2.282774117048193e-05,0.9999771722582276
2023-08-14,4.184000015258789,0.0159997940063476,0.0700945861578036,31.724416732788086,31.64223037550656,0.00989310015783294,-0.007541205495253371,0.0,2,hiking/crisis,8.834882193250495e-16,5.2232549578464664e-05,0.9999477674499918
2023-08-15,4.2210001945495605,0.0370001792907714,0.0696179953690746,31.757293701171875,31.486076203971958,0.001035793493856022,0.00025877686619568425,1.0,2,hiking/crisis,2.9819012302268176e-15,6.673632254620279e-05,0.9999332636767364
2023-08-16,4.257999897003174,0.0369997024536132,0.069399110422276,31.469636917114258,31.76551281752744,-0.009099248247083094,-0.007602519473661261,0.0,2,hiking/crisis,7.295880757646927e-15,8.21863928594198e-05,0.999917813607304
2023-08-17,4.308000087738037,0.0500001907348632,0.0677624661884533,31.609357833862305,31.23129553509809,0.004430037155923216,-0.0005204134871877966,0.0,2,hiking/crisis,1.7646053489105323e-14,0.00013592524913454647,0.9998640747508301
2023-08-18,4.250999927520752,-0.0570001602172851,0.0671899991923664,31.560039520263672,31.592912177366106,-0.0015614625335958268,0.010105251231649843,1.0,2,hiking/crisis,9.486519833072395e-15,0.00010801386743689336,0.9998919861322616
2023-08-21,4.3420000076293945,0.0910000801086425,0.068426259146569,31.609357833862305,31.88057848419895,0.0015614625335959203,-0.01334937868751984,0.0,2,hiking/crisis,2.2117524969040002e-15,6.558972440880044e-05,0.9999344102754181
2023-08-22,4.328000068664551,-0.0139999389648437,0.0689272247668252,31.280603408813477,31.19019654220865,-0.010455004682696882,-0.013490593550565725,0.0,2,hiking/crisis,1.6046332434592992e-17,7.094473318580778e-05,0.9999290552670002
2023-08-23,4.197999954223633,-0.1300001144409179,0.0760141770036371,30.902536392211914,30.86144321919198,-0.012159941628785644,-0.001596810177276009,0.0,2,hiking/crisis,1.5319280990414075e-21,2.15860661810606e-07,0.9999997841387318
2023-08-24,4.235000133514404,0.0370001792907714,0.0741904517430666,31.379230499267578,30.853230284321366,0.015307960566994117,-0.007888479758045422,0.0,2,hiking/crisis,1.1293235230277332e-18,1.295766718265621e-05,0.9999870423328552
2023-08-25,4.238999843597412,0.0039997100830078,0.0666135931536705,30.960073471069336,31.13266984758836,-0.013447803177083644,0.01266171923166949,1.0,2,hiking/crisis,4.3947592191392154e-14,0.00038171404234270444,0.9996182859585095
2023-08-28,4.211999893188477,-0.0269999504089355,0.0660565360251877,31.231290817260742,31.354573482464872,0.008722081230764412,0.007080169693149953,1.0,2,hiking/crisis,1.6195615061837204e-12,0.0007088872555913387,0.9992911127433665
2023-08-29,4.122000217437744,-0.0899996757507324,0.0695758295157281,31.34635353088379,31.453198300305537,0.00367744246346372,0.004447571743622262,1.0,2,hiking/crisis,1.3511884267681908e-13,0.0012279992678466336,0.9987720007314252
2023-08-30,4.118000030517578,-0.004000186920166,0.066865294412357,31.58470344543457,31.486079176705672,0.007574989702097097,-0.0018038810017971414,0.0,2,hiking/crisis,1.2514329727580895e-11,0.021596708134983978,0.9784032918520116
2023-08-31,4.0929999351501465,-0.0250000953674316,0.0669023193294706,31.442846298217773,31.527779756158516,-0.004501440634481746,0.0002702397888934212,1.0,2,hiking/crisis,1.7158585760177364e-10,0.07488155504681993,0.9251184447816228
2023-09-01,4.172999858856201,0.0799999237060546,0.0646513356716192,31.93547248840332,31.4513445545954,0.015545887642582691,0.013472540123985886,1.0,2,hiking/crisis,7.19261236113539e-10,0.239535969182735,0.7604640300972529
2023-09-05,4.26800012588501,0.0950002670288086,0.0607996313221053,32.29219436645508,32.36863577585504,-0.005769833233587332,0.004723223502844474,1.0,1,transitional,7.136815906893938e-09,0.5601496858046405,0.4398503070584881
2023-09-06,4.289999961853027,0.0219998359680175,0.0608325149129274,32.71686935424805,32.44507838632107,0.01306528673179495,-0.007295559663409053,0.0,1,transitional,8.615666582278346e-08,0.8385028737794085,0.16149704006430501
2023-09-07,4.260000228881836,-0.0299997329711914,0.0598918324096443,32.23273849487305,32.47905004916938,-0.014908167794123725,-0.004754169148918222,0.0,1,transitional,1.3894148363459987e-07,0.9467264399573415,0.05327342110098206
2023-09-08,4.257999897003174,-0.0020003318786621,0.0596968835367503,32.266719818115234,32.07986229154411,0.0010536933882863105,0.007604390646792191,1.0,1,transitional,2.3903709076936043e-07,0.9855065297054313,0.014493231256982039
2023-09-11,4.288000106811523,0.0300002098083496,0.0584687558705913,32.496036529541016,32.51302386970328,0.0070817760929259375,-0.0023550760549881475,0.0,1,transitional,3.958554430772198e-07,0.9968355675682319,0.0031640365761644706
2023-09-12,4.263999938964844,-0.0240001678466796,0.0560469461661341,32.01190948486328,32.41959593906114,-0.015010123998521769,0.005556478102654666,1.0,1,transitional,9.577035187752871e-07,0.9994719785059532,0.0005270637909651254
2023-09-13,4.249000072479248,-0.0149998664855957,0.0561390549478988,32.14780807495117,32.19027805053574,0.004236265323233098,-1.3272856684169294e-07,0.0,1,transitional,1.0432374841751944e-06,0.9998592935946795,0.00013966316722585932
2023-09-14,4.288000106811523,0.0390000343322753,0.0562011070641567,32.17328643798828,32.14780380801896,0.0007922242170348759,0.007102521897353136,1.0,1,transitional,9.461093412812591e-07,0.9999080074727887,9.10464177996307e-05
2023-09-15,4.322000026702881,0.0339999198913574,0.0561146229654133,32.60645294189453,32.40261133794633,0.013373717284055965,-0.0005211066953338641,0.0,1,transitional,1.0486641994331064e-06,0.9999219109381842,7.704039738668974e-05
2023-09-18,4.318999767303467,-0.003000259399414,0.0550796185237682,32.139312744140625,32.58946592736333,-0.01443023490081875,0.005534346787860396,1.0,1,transitional,1.8122897854249013e-06,0.9999398719752712,5.831573443955897e-05
2023-09-19,4.364999771118164,0.0460000038146972,0.0542812931611494,32.10533905029297,32.317675953059464,-0.0010576350269047613,-0.011440875507361675,0.0,1,transitional,1.958482301795815e-06,0.9999370662803662,6.097523795526628e-05
2023-09-20,4.348999977111816,-0.0159997940063476,0.0507546434847019,31.425861358642578,31.740119065027887,-0.02139117777837165,-0.006779609795408184,0.0,1,transitional,9.687116852764055e-06,0.9999246977781744,6.561510506970497e-05
2023-09-21,4.480000019073486,0.1310000419616699,0.0580464611164243,30.610490798950195,31.213526866941795,-0.026288377311027615,-0.015096896615391774,0.0,1,transitional,1.8011063113581694e-08,0.9994839419006332,0.0005160400891251703
2023-09-22,4.438000202178955,-0.0419998168945312,0.0503036354427909,30.788848876953125,30.151838210533406,0.005809788203921969,-0.0049778115369732475,0.0,1,transitional,7.375204618167276e-06,0.9999060452821753,8.657951347686691e-05
2023-09-25,4.541999816894531,0.1039996147155761,0.0539957617861731,30.933238983154297,30.63596861006134,0.004678726031617732,-0.00302489118954149,0.0,1,transitional,3.656369099655645e-07,0.9998485519179298,0.00015108244532784323
2023-09-26,4.558000087738037,0.0160002708435058,0.0539412299838451,30.61897850036621,30.839810677558212,-0.010211271869485632,-0.0005548564831390764,0.0,1,transitional,2.9580399711574687e-06,0.9999386400194828,5.8401941000982503e-05
2023-09-27,4.625999927520752,0.0679998397827148,0.0542089293448938,30.296228408813477,30.601994074033463,-0.01059679932533929,0.012536749133406433,1.0,1,transitional,1.2582475010780078e-06,0.999925272701223,7.34690518239604e-05
2023-09-28,4.5970001220703125,-0.0289998054504394,0.0494625514050277,31.16256332397461,30.678435434918885,0.02819425109353643,-0.0038231467027133453,0.0,1,transitional,1.4193133501734256e-05,0.9999528121026546,3.2994763764171085e-05
2023-09-29,4.572999954223633,-0.0240001678466796,0.0501879465951323,30.992692947387695,31.04365172583539,-0.005466015578295009,-0.004669726322042156,0.0,1,transitional,1.1535406813480757e-05,0.9999302351514959,5.822944148655308e-05
2023-10-02,4.683000087738037,0.1100001335144043,0.0525041690014269,30.788848876953125,30.848302946618663,-0.00659889035203402,-0.023727517579683367,0.0,1,transitional,5.104493246069421e-07,0.9995291821090658,0.00047030744196417906
2023-10-03,4.802000045776367,0.11899995803833,0.0550594668083874,29.642230987548828,30.06690476536469,-0.03795250789349593,-0.0017206686326142844,0.0,1,transitional,1.1065636795204246e-07,0.9985526484755983,0.001447240867633072
2023-10-04,4.735000133514404,-0.0669999122619628,0.0568109598638258,29.370441436767578,29.591270386215207,-0.009211291790185486,-0.02429511935400216,0.0,1,transitional,2.289309181897948e-07,0.9970050448098582,0.00299472625909567
2023-10-05,4.7170000076293945,-0.0180001258850097,0.0574858985242695,29.141117095947266,28.66548127724198,-0.007838639776213963,-0.004381561790375926,0.0,1,transitional,5.41677713790298e-07,0.9911534362190273,0.008846022103785725
2023-10-06,4.783999919891357,0.0669999122619628,0.0571353121298772,29.03919219970703,29.013712809454056,-0.0035037627591298507,0.026837623692596138,1.0,1,transitional,2.9844864842362574e-07,0.9595025091096263,0.04049719244249974
2023-10-09,4.796999931335449,0.0130000114440917,0.0568746753470839,29.931011199951172,29.82908715395527,0.030248734036553593,0.018555433745831667,1.0,1,transitional,1.3324348344946163e-08,0.8322238920596846,0.16777609461578302
2023-10-10,4.65500020980835,-0.1419997215270996,0.0675940277809103,30.313213348388672,30.491578798970508,0.012688594771763161,-0.003930310784781917,0.0,2,hiking/crisis,4.043961581639688e-14,0.01535945983158346,0.9846405401685657
2023-10-11,4.59499979019165,-0.0600004196166992,0.0691374261340751,30.500072479248047,30.194306821911585,0.006145358415809902,-0.000557162199183367,0.0,2,hiking/crisis,2.256383517612719e-14,0.0012281755772824501,0.9987718244225685
2023-10-12,4.711999893188477,0.1170001029968261,0.0721362765980785,30.483083724975586,30.483083724975586,-0.000557162199183367,0.0022266733136260693,1.0,2,hiking/crisis,3.4691272302132115e-18,2.5452373917388795e-05,0.99997454762538
2023-10-13,4.629000186920166,-0.0829997062683105,0.0755353040725867,30.364177703857422,30.55103521883631,-0.003908349190589925,0.012232438944108727,1.0,2,hiking/crisis,4.472739920554775e-21,9.932069457701598e-07,0.9999990067922612
2023-10-16,4.711999893188477,0.0829997062683105,0.0768566655563564,30.627473831176758,30.737886679916492,0.00863389517382733,-0.0016652264480074524,0.0,2,hiking/crisis,1.394327839277317e-23,1.1767264018447814e-06,0.9999988232728003
2023-10-17,4.8470001220703125,0.1350002288818359,0.0807224896863103,30.652956008911133,30.5765145928289,0.0008316579785622752,0.005801922020952754,1.0,2,hiking/crisis,3.435427520303726e-26,5.348338553111649e-08,0.999999946516256
2023-10-18,4.90399980545044,0.0569996833801269,0.0809000870497144,31.323942184448242,30.83131899310733,0.021653629418066193,-0.0021716797610696584,0.0,2,hiking/crisis,5.385981640090279e-26,1.5823172151799935e-07,0.9999998417679433
2023-10-19,4.98799991607666,0.0840001106262207,0.0812671485094963,31.052148818969727,31.25599042460628,-0.008714720055291171,0.004911272700321149,1.0,2,hiking/crisis,3.7325135635877436e-26,9.865056903477949e-08,0.9999999013489336
2023-10-20,4.923999786376953,-0.064000129699707,0.0803363021434428,30.88227653503418,31.205029501814987,-0.005485566676029985,-0.008007668167151837,0.0,2,hiking/crisis,3.8061984332430464e-27,9.109752864207545e-08,0.9999999089031958
2023-10-23,4.8379998207092285,-0.0859999656677246,0.0826071498001668,29.88854217529297,30.6359690029457,-0.03270724231348852,0.005384649469746615,1.0,2,hiking/crisis,1.1272053659263509e-27,1.2749124567901095e-08,0.9999999872507033
2023-10-24,4.840000152587891,0.0020003318786621,0.080329685385787,29.86305809020996,30.04991557776078,-0.0008530009745338686,-0.004560818150743356,0.0,2,hiking/crisis,7.264211269495447e-27,2.2423570737648846e-07,0.9999997757641064
2023-10-25,4.953000068664551,0.1129999160766601,0.0831772654319334,29.633739471435547,29.72716823285376,-0.007708641935070384,0.0031476964347089747,1.0,2,hiking/crisis,5.335113768820563e-30,1.9614655515232655e-08,0.9999999803858375
2023-10-26,4.84499979019165,-0.1080002784729003,0.0867626470732381,29.642230987548828,29.727164447110482,0.000286507875134448,-0.004019587622105871,0.0,2,hiking/crisis,5.424471984982566e-33,3.700153212908524e-10,0.9999999996307452
2023-10-27,4.84499979019165,0.0,0.0863334379135333,29.897035598754883,29.523320588267957,0.00855926454647856,-0.012291133823957,0.0,2,hiking/crisis,6.760569292538658e-32,4.461392230492221e-09,0.999999995538019
2023-10-30,4.875,0.0300002098083496,0.0860171377406038,29.141117095947266,29.53181621131021,-0.025609196112877982,0.009283524906623666,1.0,2,hiking/crisis,7.793871389566067e-30,6.3407268645929054e-09,0.9999999936590029
2023-10-31,4.875,0.0,0.0832065358902534,29.098648071289062,29.412909023877432,-0.0014584204473988259,0.008139617522284136,1.0,2,hiking/crisis,1.6782068842837235e-28,3.6833533678836964e-08,0.9999999631672842
2023-11-01,4.789000034332275,-0.0859999656677246,0.0816850462792015,29.480854034423828,29.336466499506315,0.013049321794681932,-0.005199351616794186,0.0,2,hiking/crisis,6.789385285314735e-30,2.3174607801536013e-08,0.9999999768260752
2023-11-02,4.669000148773193,-0.119999885559082,0.0846051237105319,28.75041389465332,29.327970500371954,-0.025088873386116543,0.0073584268520939435,1.0,2,hiking/crisis,1.0334823313543502e-33,1.1568766747283907e-09,0.9999999988431227
2023-11-03,4.558000087738037,-0.1110000610351562,0.087795535400484,28.886310577392578,28.962751991328798,0.0047156369767536194,-0.0047156639701877575,0.0,2,hiking/crisis,3.9736542610829946e-36,1.5567925667441282e-10,0.9999999998435669
2023-11-06,4.662000179290772,0.1040000915527343,0.0897171244980611,28.66547966003418,28.750413118580926,-0.007674200932268638,-0.003561781819489756,0.0,2,hiking/crisis,1.2872262192312017e-37,2.671602755697065e-10,0.9999999997326086
2023-11-07,4.571000099182129,-0.0910000801086425,0.0914800073441033,28.487119674682617,28.563561089337558,-0.006241555640809594,-0.016231248372557388,0.0,2,hiking/crisis,2.401371223869617e-37,1.6489803133833473e-11,0.9999999999836291
2023-11-08,4.5229997634887695,-0.0480003356933593,0.0869236484373898,28.325740814208984,28.028470453881507,-0.005681083230896362,-0.007524443034766414,0.0,2,hiking/crisis,1.7046082584999604e-35,1.5419738170329115e-09,0.999999998457497
2023-11-09,4.630000114440918,0.1070003509521484,0.0893685692470991,27.824626922607422,28.11340524629767,-0.01784947156910492,-0.003057137618090314,0.0,2,hiking/crisis,8.562318252968391e-34,3.2934046952162325e-10,0.9999999996707629
2023-11-10,4.627999782562256,-0.0020003318786621,0.0853733372139647,27.20460319519043,27.73969310227151,-0.022535294978575326,0.009940999021529754,1.0,2,hiking/crisis,9.48298535188002e-31,8.549164472568799e-09,0.9999999914507498
2023-11-13,4.631999969482422,0.004000186920166,0.0834370291811321,27.017745971679688,27.476392820874132,-0.006892285785493534,0.015905605212088093,1.0,2,hiking/crisis,3.371908762177059e-33,3.2572246464375054e-08,0.9999999674273573
2023-11-14,4.440999984741211,-0.1909999847412109,0.0909203057897481,27.705718994140625,27.450915351203296,0.025144945450198117,0.007634751496652476,1.0,2,hiking/crisis,4.999214805737453e-40,4.285646710158275e-13,1.0
2023-11-15,4.534999847412109,0.0939998626708984,0.0879780381295752,27.51036834716797,27.91805480787268,-0.007075889344925201,0.0006172959514630126,1.0,2,hiking/crisis,9.120160267763386e-38,1.0834839750555145e-09,0.9999999989158823
2023-11-16,4.445000171661377,-0.0899996757507324,0.0878227492630187,27.289539337158203,27.52735562872257,-0.00805951012262773,-0.027450827083459514,0.0,2,hiking/crisis,1.1649204399626182e-33,2.9303295329676285e-10,0.9999999997071427
2023-11-17,4.440999984741211,-0.004000186920166,0.0845579851916168,26.66951560974121,26.550607458373594,-0.022982278633175632,0.014229376189587611,1.0,2,hiking/crisis,1.1120021777441467e-30,1.46297491616046e-08,0.9999999853698682
2023-11-20,4.421999931335449,-0.0190000534057617,0.0841171513775024,27.00925064086914,27.051718989110608,0.012658247988668056,0.0031398665150277495,1.0,2,hiking/crisis,1.6342758543285895e-28,1.6916501529382534e-08,0.9999999830833987
2023-11-21,4.418000221252441,-0.0039997100830078,0.0829861754362517,27.13665771484375,27.094189360891274,0.004706073385240206,-0.003448931290599026,0.0,2,hiking/crisis,1.012687881268338e-27,4.121032844380479e-08,0.999999958788977
2023-11-22,4.415999889373779,-0.0020003318786621,0.082937722935768,27.213096618652344,27.043226458535155,0.0028128537155549227,-0.011615247549718146,0.0,2,hiking/crisis,2.648911785797003e-26,4.323005317365969e-08,0.9999999567698987
2023-11-24,4.4720001220703125,0.0560002326965332,0.0792098312231637,27.11966896057129,26.89883839152788,0.013558447699701359,-0.00031315994375589654,0.0,2,hiking/crisis,6.317379086613983e-25,4.257975443387039e-07,0.9999995742019562
2023-11-27,4.388999938964844,-0.0830001831054687,0.0780462675912016,26.93281364440918,27.111177496227562,-0.006913875237150558,-0.005058610429870701,0.0,2,hiking/crisis,1.9117910873604586e-24,2.3032505768427603e-07,0.9999997696741313
2023-11-28,4.335999965667725,-0.0529999732971191,0.0781658239650719,26.508136749267578,26.796915051220672,-0.01589364828691195,0.00924910342083559,1.0,2,hiking/crisis,5.81586606439018e-24,4.1016854765989753e-07,0.9999995898307066
2023-11-29,4.270999908447266,-0.0650000572204589,0.0776169768156482,26.329776763916016,26.754450582688854,-0.006751237925605548,0.0,0.0,2,hiking/crisis,2.5662961293580456e-24,4.439087752135283e-07,0.9999995560921054
2023-11-30,4.352000236511231,0.0810003280639648,0.081054294147028,26.329776763916016,26.329776763916016,0.0,0.0025772731164029838,1.0,2,hiking/crisis,4.6232775924770425e-27,1.1617560979803673e-07,0.9999998838247915
2023-12-01,4.22599983215332,-0.1260004043579101,0.0830082784266848,26.193880081176758,26.397723310524196,-0.005174696285428076,0.003237327077502123,1.0,2,hiking/crisis,8.124157392739983e-30,2.7974812887653675e-09,0.9999999972023943
2023-12-04,4.288000106811523,0.0620002746582031,0.0822900024067655,25.777700424194336,26.27881564635181,-0.016016005253965283,-0.0003295413120147207,0.0,2,hiking/crisis,2.6518086275048353e-29,6.572327003191227e-08,0.999999934276277
2023-12-05,4.171000003814697,-0.1170001029968261,0.0826382085755659,25.081235885620117,25.76920700651869,-0.027389801253362118,-0.00135555058604679,0.0,2,hiking/crisis,1.2923446826417e-28,4.9041925980048484e-09,0.9999999950960046
2023-12-06,4.120999813079834,-0.0500001907348632,0.0779294941769074,25.344532012939453,25.047260034811426,0.010443014797200887,-0.03373969808548741,0.0,2,hiking/crisis,7.190127558716517e-25,4.964833603566408e-07,0.9999995035160605
2023-12-07,4.129000186920166,0.008000373840332,0.0767715045033844,25.45494842529297,24.503679966811347,0.004347154155360199,-0.014451597269110186,0.0,2,hiking/crisis,2.358913456990829e-23,1.740285848276683e-06,0.9999982597143253
2023-12-08,4.244999885559082,0.115999698638916,0.0820524322044654,25.31905174255371,25.089729119580067,-0.0053530155905493265,0.00635344875771426,1.0,2,hiking/crisis,3.736094634173842e-25,3.7166400609804236e-08,0.9999999628344092
2023-12-11,4.238999843597412,-0.0060000419616699,0.0773430952162226,25.701257705688477,25.48042714271802,0.014982783019610039,-0.001984705970747718,0.0,2,hiking/crisis,2.0817355339470288e-23,1.1819287688615998e-06,0.9999988180704967
2023-12-12,4.205999851226807,-0.0329999923706054,0.0773058716106243,25.769207000732422,25.650298851962386,0.0026403233351837683,-0.010936405426343422,0.0,2,hiking/crisis,8.235973226782408e-26,9.139311558791577e-07,0.9999990860692007
2023-12-13,4.0329999923706055,-0.1729998588562011,0.0839140430726347,25.497413635253906,25.488919965421818,-0.010603231051532297,-0.00033310808231587675,0.0,2,hiking/crisis,2.7513475308789943e-31,2.1625326924795959e-10,0.9999999997835403
2023-12-14,3.930000066757202,-0.1029999256134033,0.0773339363598868,25.616323471069336,25.48892165514598,0.00465276291903121,0.01121013152461772,1.0,2,hiking/crisis,1.476264495772464e-26,2.0798301614865118e-07,0.9999997920167732
2023-12-15,3.927999973297119,-0.002000093460083,0.0726869749656194,25.97304916381836,25.905101421610933,0.013829645917271286,-0.003275532638243721,0.0,2,hiking/crisis,2.236273589908122e-19,1.3487798662603533e-05,0.9999865122008603
2023-12-18,3.953999996185303,0.0260000228881835,0.0722181118287494,25.8966064453125,25.88811277546468,-0.0029474949448163174,0.007515159871290071,1.0,2,hiking/crisis,1.7946098198188722e-17,1.812845355378523e-05,0.999981871546583
2023-12-19,3.921999931335449,-0.0320000648498535,0.0721007819223735,26.338268280029297,26.091956707690148,0.01691101443682219,0.004825493031189173,1.0,2,hiking/crisis,1.0652412903392709e-17,1.4047254585026505e-05,0.99998595274563
2023-12-20,3.877000093460083,-0.0449998378753662,0.0722208820830988,26.499645233154297,26.46567055223906,0.006108396194181253,0.0016012905472516823,1.0,2,hiking/crisis,6.04755368528021e-18,1.1130600385160523e-05,0.9999888694002128
2023-12-21,3.8940000534057617,0.0169999599456787,0.0726839391967836,26.236347198486328,26.542112856999605,-0.009985598463540817,0.0019405095798727275,1.0,2,hiking/crisis,9.487063920000249e-18,1.454549919930325e-05,0.9999854545006327
2023-12-22,3.901000022888184,0.0069999694824218,0.072852384733639,26.372241973876953,26.287308511031895,0.005166269606727313,0.015974860803951822,1.0,2,hiking/crisis,4.8862203849942315e-18,1.3052764383412885e-05,0.999986947235507
2023-12-27,3.7890000343322754,-0.0969998836517334,0.0711495702757406,26.5421142578125,26.796917906686662,0.006420672181056685,0.003194885347441551,1.0,2,hiking/crisis,4.0360413459117684e-19,6.1028501790533295e-06,0.9999938971491025
2023-12-28,3.849999904632568,0.0609998703002929,0.0735025966590344,26.66951560974121,26.627048875681936,0.004788486865908709,-0.0047885037280952485,0.0,2,hiking/crisis,9.773334078223979e-19,8.195074415518734e-06,0.9999918049260681
2023-12-29,3.865999937057495,0.0160000324249267,0.0733213291360901,26.3807373046875,26.542113810254424,-0.010887079384350497,-4.715449542102709e-08,0.0,2,hiking/crisis,2.623413209982921e-18,1.0587542461398589e-05,0.99998941245724
2024-01-02,3.946000099182129,0.0800001621246337,0.0732532229522835,26.71198272705078,26.380736060717172,0.012478159724604747,-0.00031799861630767606,0.0,2,hiking/crisis,7.251695665909632e-18,8.732571514273454e-06,0.9999912674283437
2024-01-03,3.9070000648498535,-0.0390000343322753,0.0692709094951378,26.457178115844727,26.70348970396111,-0.00958475017663582,0.014659298620233668,1.0,2,hiking/crisis,1.2256513364055404e-15,7.445899568284452e-05,0.9999255410039729
2024-01-04,3.990999937057495,0.0839998722076416,0.0706492901525052,26.81390380859375,26.84787849062017,0.01339304598715666,-0.0022197161901368213,0.0,2,hiking/crisis,1.7044101180060517e-14,0.00032107042445594333,0.9996789295750032
2024-01-05,4.041999816894531,0.0509998798370361,0.0678772458664711,26.618555068969727,26.75445056126807,-0.007312020225059184,0.007628734191940203,1.0,2,hiking/crisis,1.4025597504107783e-12,0.005185978603329271,0.9948140213944529
2024-01-08,4.001999855041504,-0.0399999618530273,0.0675886403226084,26.52512550354004,26.822397491399524,-0.003516115582492885,0.0006402184711287857,1.0,2,hiking/crisis,2.1941359155179332e-11,0.02530991460682404,0.9746900853714034
2024-01-09,4.019000053405762,0.0170001983642578,0.0677080599924675,26.414710998535156,26.542112816051805,-0.00417132626018584,0.0006428330667140828,1.0,2,hiking/crisis,1.8789946371880392e-10,0.12066650723267183,0.8793334925803042
2024-01-10,4.03000020980835,0.0110001564025878,0.0619385619600349,26.22785186767578,26.431696707115357,-0.007099195231802862,0.005490162133309686,1.0,1,transitional,1.1834718946189748e-08,0.4498355873077781,0.5501644008583789
2024-01-11,3.9769999980926514,-0.0530002117156982,0.0626231414410741,26.457178115844727,26.372243029597627,0.00870561131238413,-0.005149666049605983,0.0,1,transitional,1.28891839636371e-08,0.6192507379033347,0.3807492492082323
2024-01-12,3.950000047683716,-0.0269999504089355,0.0625384504282694,26.576087951660156,26.32128269227582,0.004484356476617977,0.00446428975131937,1.0,1,transitional,3.387121216415933e-08,0.790489620429177,0.20951034570013743
2024-01-16,4.065999984741211,0.1159999370574951,0.0569285033478563,26.4401912689209,26.694996532426035,-0.012291598350830194,-0.004184811559580775,0.0,1,transitional,4.805130874759359e-08,0.9147887272266413,0.0852112247227289
2024-01-17,4.105999946594238,0.0399999618530273,0.0521463870533739,26.083463668823242,26.329775247123077,-0.013583711404023287,-0.013770687420013885,0.0,1,transitional,4.613940966372078e-06,0.9924090407573868,0.007586345302381812
2024-01-18,4.144000053405762,0.0380001068115234,0.0524777338827945,25.828659057617188,25.726738258061722,-0.009816846012973397,0.013067844678787698,1.0,1,transitional,4.60146936992948e-06,0.9992800698191562,0.0007153287109173558
2024-01-19,4.145999908447266,0.0019998550415039,0.0523796421647077,26.253334045410156,26.168398961865893,0.01630830061161937,-0.0051897157876265145,0.0,1,transitional,5.756286110515189e-06,0.9999033664498477,9.087726435353924e-05
2024-01-22,4.093999862670898,-0.0520000457763671,0.0533381688209817,26.448684692382812,26.11743963492587,0.007413436765455761,-0.0016070045921348403,0.0,1,transitional,1.6840129157155074e-06,0.9999352959018489,6.302008486280463e-05
2024-01-23,4.142000198364258,0.0480003356933593,0.05255614255,26.40621566772461,26.40621566772461,-0.0016070045921348403,0.0019279823663344948,1.0,1,transitional,3.7533981400496005e-06,0.9999456147671492,5.063183520721864e-05
2024-01-24,4.177999973297119,0.0359997749328613,0.0527983134581001,26.304292678833008,26.457175494932436,-0.0038672788071084036,0.007399218518217339,1.0,1,transitional,4.086210207809295e-06,0.9999320784593901,6.383532986509322e-05
2024-01-25,4.131999969482422,-0.0460000038146972,0.0543691087712196,26.48265838623047,26.499645727004662,0.0067579726667729625,0.00862207723457743,1.0,1,transitional,1.2645825621732627e-06,0.9997368820321372,0.00026185338519635625
2024-01-29,4.091000080108643,-0.0689997673034668,0.0515892092095664,27.102680206298828,26.71198111067775,0.02314250533765367,-0.009762255810758035,0.0,1,transitional,1.9690467654614206e-06,0.9983908745246008,0.0016071564294079799
2024-01-30,4.059000015258789,-0.0320000648498535,0.0513784727418677,27.068708419799805,26.839384181583277,-0.0012542337131848861,0.007502438652599144,1.0,1,transitional,4.992534765169381e-06,0.9874113670856159,0.012583640378720465
2024-01-31,3.9670000076293945,-0.0920000076293945,0.0559451681691042,27.52735710144043,27.272553455417434,0.016801923988437356,-0.010546121291817305,0.0,1,transitional,5.794293982401152e-08,0.8459236239604715,0.15407631809668276
2024-02-01,3.86299991607666,-0.1040000915527343,0.0579529738018416,27.39145851135254,27.238575693019108,-0.004949082239172216,-0.003105467967583858,0.0,1,transitional,1.868573132949993e-10,0.4760537001836558,0.5239462996288365
2024-02-02,4.0329999923706055,0.1700000762939453,0.0686010264674561,27.561330795288086,27.306527158414127,0.006182500548877371,-0.01146769212625686,0.0,2,hiking/crisis,1.1745140116795118e-15,0.006821809949175657,0.9931781900503296
2024-02-05,4.164000034332275,0.1310000419616699,0.0719575764468802,27.213096618652344,27.247071298676545,-0.01271538142766411,-0.002812854510980251,0.0,2,hiking/crisis,2.985719983102324e-17,8.890328731379518e-05,0.9999110967122893
2024-02-06,4.090000152587891,-0.0739998817443847,0.0733990215110371,27.42543601989746,27.136657693258563,0.007772553909768267,0.0070975710448353746,1.0,2,hiking/crisis,2.596461446486134e-18,4.370729426912443e-06,0.9999956292708723
2024-02-07,4.110000133514404,0.0199999809265136,0.0728363281093178,27.569820404052734,27.620782422915546,0.005250806170511077,-0.0009245255917131318,0.0,2,hiking/crisis,1.8120644044040908e-18,1.316821031318282e-05,0.9999868317894011
2024-02-08,4.170000076293945,0.059999942779541,0.0737845747564818,27.459409713745117,27.544343178518474,-0.004012806947495846,0.003704807017777355,1.0,2,hiking/crisis,1.3367961943006327e-18,7.329593823498099e-06,0.9999926704054221
2024-02-09,4.186999797821045,0.0169997215270996,0.0738116735416396,27.06021499633789,27.561330208862813,-0.01464433600435085,-0.009777676862573772,0.0,2,hiking/crisis,2.0317362730625544e-18,8.432323884137129e-06,0.9999915676754336
2024-02-12,4.171999931335449,-0.0149998664855957,0.0727125433717146,26.474166870117188,26.796918271080152,-0.021895145440961654,0.005119971624376375,1.0,2,hiking/crisis,8.524383067260966e-20,1.1918251697890928e-05,0.9999880817486797
2024-02-13,4.315999984741211,0.1440000534057617,0.0778399497133455,26.4401912689209,26.61006144459099,-0.0012841734100266396,-0.015539354253345265,0.0,2,hiking/crisis,3.4180085250907703e-23,2.1420103084638497e-07,0.9999997857994688
2024-02-14,4.267000198364258,-0.0489997863769531,0.0756905353435335,26.48265838623047,26.032503575726164,0.0016048692276083418,-0.011937591033682153,0.0,2,hiking/crisis,4.344082488367733e-22,1.7303948119159966e-06,0.9999982696059725
2024-02-15,4.239999771118164,-0.0270004272460937,0.0757558528391096,25.68427085876465,26.168398724574388,-0.030611342565865025,0.013467200864361236,1.0,2,hiking/crisis,7.229726913653482e-21,2.2919738136786945e-06,0.9999977080268654
2024-02-16,4.295000076293945,0.0550003051757812,0.0762001618715744,26.074974060058594,26.032505704650067,0.015097230372734216,-0.013445208285580166,0.0,2,hiking/crisis,5.530364384717769e-21,2.2086238967561135e-06,0.9999977913764103
2024-02-20,4.275000095367432,-0.0199999809265136,0.0764259852955768,25.641801834106445,25.72673690928437,-0.011199142212156805,-0.006313299918002328,0.0,2,hiking/crisis,7.318309421915831e-21,1.738457951854373e-06,0.9999982615424065
2024-02-21,4.324999809265137,0.049999713897705,0.0757845707383459,25.692764282226562,25.480427387332128,0.001985502896692798,0.0033003687206135724,1.0,2,hiking/crisis,1.4972653766068644e-20,2.831980862890969e-06,0.9999971680194076
2024-02-22,4.327000141143799,0.0020003318786621,0.0753250390870586,25.905101776123047,25.77769996024087,0.008230522259453215,-0.01253726234767283,0.0,2,hiking/crisis,9.897982022302071e-21,3.6444092362323562e-06,0.9999963555904303
2024-02-23,4.260000228881836,-0.0669999122619628,0.0768048836798923,25.91359519958496,25.58235015744734,0.00032781308808107573,-0.008558284000414905,0.0,2,hiking/crisis,9.363567580237158e-22,6.801717269356195e-07,0.9999993198291617
2024-02-26,4.298999786376953,0.0389995574951171,0.0762813594664144,25.48042869567871,25.692765601476033,-0.016857086815110063,0.002663108918031612,1.0,2,hiking/crisis,3.0338501506112395e-21,2.2926420698584055e-06,0.9999977073574788
2024-02-27,4.315000057220459,0.0160002708435058,0.0761685386279843,25.718246459960938,25.548376288335557,0.00929006361854428,0.0039551130457028605,1.0,2,hiking/crisis,1.5836723986377154e-20,2.4816582617881455e-06,0.9999975183412841
2024-02-28,4.27400016784668,-0.0409998893737793,0.0750007611549848,25.62481689453125,25.82016645173138,-0.003639427118355591,0.000993911673440706,1.0,2,hiking/crisis,5.617490524409707e-20,2.8805820028205464e-06,0.9999971194179686
2024-02-29,4.251999855041504,-0.0220003128051757,0.0747607015566061,25.78619384765625,25.650298360237937,0.006277934660956463,0.005583838450162596,1.0,2,hiking/crisis,8.15713330425235e-18,9.181190905841973e-06,0.9999908188095483
2024-03-01,4.179999828338623,-0.0720000267028808,0.0735243450877169,26.202373504638672,25.930582534736743,0.01601077192923502,0.004527792385528663,1.0,2,hiking/crisis,5.058751289977377e-16,0.0004942623918317035,0.9995057376081953
2024-03-04,4.218999862670898,0.0390000343322753,0.0689009975154735,25.922088623046875,26.321281403872902,-0.010754550613394868,0.0009824901518104027,1.0,2,hiking/crisis,1.7896075630410196e-12,0.05579638464559132,0.9442036153527167
2024-03-05,4.13700008392334,-0.0819997787475586,0.062566318506737,25.709753036499023,25.947569335058,-0.008225032336013315,-0.0029777256274948444,0.0,2,hiking/crisis,5.756326321360137e-10,0.3752122740307575,0.6247877253940697
2024-03-06,4.104000091552734,-0.0329999923706054,0.0559296401801546,25.922088623046875,25.633310315214615,0.008225032336013405,-0.00010807305699261052,0.0,1,transitional,3.2589591920778374e-07,0.9097145682854934,0.09028510581789884
2024-03-07,4.0920000076293945,-0.0120000839233398,0.0535731977417299,26.015607833862305,25.919287295062514,0.0036012113845568195,0.00033647972023159527,1.0,1,transitional,2.9022542288106403e-06,0.9917184903536267,0.008278607392676869
2024-03-08,4.089000225067139,-0.0029997825622558,0.0533806802202516,26.453432083129883,26.02436303119847,0.016689248067632747,-0.012323155012053296,0.0,1,transitional,3.762860430463519e-06,0.9992445076873132,0.000751729451804025
2024-03-11,4.104000091552734,0.0149998664855957,0.0516858368501234,25.77918243408203,26.129442724591403,-0.02581862345992905,-0.004766754947471822,0.0,1,transitional,7.666234336266096e-06,0.9999045286633373,8.78051026915858e-05
2024-03-12,4.15500020980835,0.0510001182556152,0.0528673831272014,25.481462478637695,25.656591800551833,-0.01161605764523184,-6.642255044538629e-08,0.0,1,transitional,3.1839689904361037e-06,0.9999412578627771,5.555816817184829e-05
2024-03-13,4.191999912261963,0.0369997024536132,0.0534195184496774,25.29757308959961,25.481460786094026,-0.007242760357520397,0.005523008419356201,1.0,1,transitional,3.141705080626404e-06,0.999943718693852,5.313960020375141e-05
2024-03-14,4.297999858856201,0.1059999465942382,0.048773195056564,25.51648712158203,25.43767834386925,0.008616331205981466,0.005475712234569671,1.0,1,transitional,3.135777234172199e-06,0.9999016421523564,9.522207002000755e-05
2024-03-15,4.303999900817871,0.0060000419616699,0.0475193391781713,26.146957397460938,25.65659129730474,0.02440803480192246,-0.0057094605683480895,0.0,1,transitional,4.7025893021550816e-05,0.9999259898299342,2.6984277709799158e-05
2024-03-18,4.340000152587891,0.0360002517700195,0.0476013352192407,25.884262084960938,25.99809773378416,-0.010097689318711776,0.003377119436406511,1.0,1,transitional,4.259754461090963e-05,0.999929908009121,2.7494445951529178e-05
2024-03-19,4.296999931335449,-0.0430002212524414,0.0472322619678977,26.48845863342285,25.97182410001665,0.023073972348039,0.006918244111963321,1.0,1,transitional,3.435447557352835e-05,0.9999384686011791,2.7176923675246134e-05
2024-03-20,4.2729997634887695,-0.0240001678466796,0.0473253315576657,26.558513641357422,26.672347617396646,0.0026412458866850084,0.00526132018243236,1.0,1,transitional,5.198706403718346e-05,0.9999241769390037,2.3835996442115094e-05
2024-03-21,4.270999908447266,-0.0019998550415039,0.0459124722040902,26.497215270996094,26.698614720327548,-0.002310717386896133,-0.004969286083778931,0.0,1,transitional,9.674095625000226e-05,0.9998809750786415,2.228396532930254e-05
2024-03-22,4.2179999351501465,-0.0529999732971191,0.047189612474199,26.03312110900879,26.36586964517148,-0.017670027235506428,0.0073726602952743645,1.0,1,transitional,3.793821854090268e-05,0.9999322170969929,2.98446843849499e-05
2024-03-25,4.252999782562256,0.0349998474121093,0.0457365400950634,26.339597702026367,26.225763739098234,0.011703806805316354,0.004312500109562929,1.0,1,transitional,0.00011580483675949256,0.9998576841605425,2.6511002611518024e-05
2024-03-26,4.234000205993652,-0.0189995765686035,0.0449876572932152,26.593538284301758,26.453432499869628,0.00959484170771176,-0.005944527572795825,0.0,1,transitional,0.0001673243829100804,0.9998100837467103,2.2591869986118906e-05
2024-03-27,4.196000099182129,-0.0380001068115234,0.0453831690420915,26.540998458862305,26.435921206393285,-0.0019776155315649243,0.007559582715327694,1.0,1,transitional,0.00013336085810225758,0.9998419767885782,2.466235335723669e-05
2024-03-28,4.205999851226807,0.0099997520446777,0.0447581194251032,26.70737075805664,26.7423976197501,0.006248936560233105,0.0029464795376085515,1.0,1,transitional,0.00017317204885441498,0.9998038437641925,2.2984186622953926e-05
2024-04-02,4.364999771118164,0.0359997749328613,0.0497057434135213,26.70737075805664,26.78617952669423,0.0,6.847917798156513e-08,1.0,1,transitional,2.5384240869184945e-05,0.9999445396270226,3.0076131555427516e-05
2024-04-03,4.355000019073486,-0.0099997520446777,0.0493665918890983,26.716129302978516,26.707372586955497,0.0003278910962532009,-0.0003278314176813924,0.0,1,transitional,2.2150928101423784e-05,0.9999499507731735,2.7898298981867902e-05
2024-04-04,4.309000015258789,-0.0460000038146972,0.0466932798600489,26.742399215698242,26.70737235191443,0.0009828147374132705,-0.001966640369469544,0.0,1,transitional,3.349006618115551e-05,0.999903383886814,6.312604779464157e-05
2024-04-05,4.377999782562256,0.0689997673034668,0.0474925980008195,26.794937133789062,26.689858215384604,0.0019626652552441545,5.749621902050657e-08,1.0,1,transitional,2.1059962980850978e-05,0.9993863609532682,0.0005925790839423901
2024-04-08,4.423999786376953,0.0460000038146972,0.0476493548125434,26.357112884521484,26.794938674396683,-0.016474779500204102,0.009917423972245798,1.0,1,transitional,2.7037074080381246e-05,0.993980702567805,0.005992260357939986
2024-04-09,4.366000175476074,-0.0579996109008789,0.0501792640254597,26.479703903198242,26.619808024100916,0.004640371850904547,-0.010304176222661918,0.0,1,transitional,3.0502800090230393e-07,0.9163872530026079,0.08361244196915266
2024-04-10,4.559999942779541,0.1939997673034668,0.0638443957030466,26.24327850341797,26.208253307036777,-0.00896864986611005,-0.0036770772340981813,0.0,2,hiking/crisis,5.326453759586676e-13,0.054160691914874506,0.9458393080840681
2024-04-11,4.576000213623047,0.0160002708435058,0.063497556611035,26.786182403564453,26.146957140559458,0.02047627336539149,-0.008865667777619836,0.0,2,hiking/crisis,2.206893490905028e-10,0.03234547230933243,0.9676545274708511
2024-04-12,4.499000072479248,-0.0770001411437988,0.0667648234980228,26.444677352905273,26.54975460311118,-0.012831268842906961,0.003635745343781659,1.0,2,hiking/crisis,5.072813850104976e-13,0.004626728717831844,0.9953732712810818
2024-04-15,4.627999782562256,0.1289997100830078,0.0685047845312843,26.540998458862305,26.540998458862305,0.003635745343781659,-0.010280278281337634,0.0,2,hiking/crisis,9.668709300084787e-15,0.00029393964221117205,0.9997060603586707
2024-04-16,4.658999919891357,0.0310001373291015,0.0685447440914633,26.208251953125,26.269547296255272,-0.012616327882567887,-0.002676483864926799,0.0,2,hiking/crisis,6.496326796439128e-15,0.0001322781729677128,0.9998677218265667
2024-04-17,4.585000038146973,-0.0739998817443847,0.0711654634215123,25.90177345275879,26.13819977822105,-0.011762881779680294,-0.0027081333531567687,0.0,2,hiking/crisis,6.603324337309909e-17,1.425761782438727e-05,0.9999857423824826
2024-04-18,4.646999835968018,0.0619997978210449,0.0708203431545944,25.787940979003906,25.8317228921078,-0.004404460695072211,-0.014019773250207231,0.0,2,hiking/crisis,5.240150120030558e-17,2.813208823372529e-05,0.9999718679110564
2024-04-19,4.614999771118164,-0.0320000648498535,0.0710711023569429,25.744155883789062,25.42892245357405,-0.0016993333637505916,-0.0013614147000391575,0.0,2,hiking/crisis,1.2547406672101389e-16,2.421150949294691e-05,0.9999757884909473
2024-04-22,4.623000144958496,0.008000373840332,0.0709758953783899,25.069904327392578,25.709131258458367,-0.02653954943794864,-0.000698822777216672,0.0,2,hiking/crisis,3.111951902746317e-16,3.413976463864793e-05,0.9999658602362324
2024-04-23,4.5980000495910645,-0.0250000953674316,0.0698539783696163,24.894773483276367,25.052391027285186,-0.007010214775544522,0.0059618845126323235,1.0,2,hiking/crisis,6.392606490344467e-16,4.5520526377884976e-05,0.9999544794729388
2024-04-24,4.651999950408936,0.053999900817871,0.0702060375218587,25.017366409301758,25.043636559051787,0.004912358909718438,-0.009495444709180881,0.0,2,hiking/crisis,5.089826310689972e-16,4.27817770637206e-05,0.9999572182225493
2024-04-26,4.669000148773193,-0.0369997024536132,0.0699946324986384,24.745914459228516,24.780939654799205,-0.010909837043854901,0.0014144243065790428,1.0,2,hiking/crisis,1.4240525961576212e-16,3.5720809508692795e-05,0.9999642791913103
2024-04-29,4.613999843597412,-0.0550003051757812,0.0719850392071796,24.684619903564453,24.78094044709307,-0.002480029312668863,-0.00676283629680568,0.0,2,hiking/crisis,3.998928105204499e-17,1.2037451045902014e-05,0.9999879625480939
2024-04-30,4.685999870300293,0.0720000267028808,0.0691193701884929,24.71964454650879,24.51824507707432,0.001417879577884308,-0.01534922165621979,0.0,2,hiking/crisis,1.7374454566763672e-17,4.7536375503780665e-05,0.9999524636244372
2024-05-01,4.59499979019165,-0.0910000801086425,0.0728301878250714,24.080419540405273,24.343114358231436,-0.02619921023641998,-0.010234043499947684,0.0,2,hiking/crisis,5.2637648529283595e-19,3.49249798665273e-06,0.9999965075027882
2024-05-02,4.571000099182129,-0.0239996910095214,0.0730951596904628,23.791454315185547,23.835236227624996,-0.012072589251217722,-0.00036825530392733534,0.0,2,hiking/crisis,2.527779543518575e-19,9.080961002656893e-06,0.9999909190385872
2024-05-03,4.5,-0.0710000991821289,0.0742521335960938,23.887773513793945,23.782694598950812,0.004040305769239139,0.0032937490950843027,1.0,2,hiking/crisis,4.156407729152784e-19,2.69435432426599e-06,0.9999973056455846
2024-05-06,4.488999843597412,-0.0110001564025878,0.0730678101807063,23.931556701660156,23.96658356520693,0.0018311925283630464,0.012002414323189286,1.0,2,hiking/crisis,1.036381474233852e-16,3.9366694170058426e-05,0.9999606333058173
2024-05-07,4.4629998207092285,-0.0260000228881835,0.07275038995198,24.378141403198242,24.220523843279295,0.01848893455023709,0.0014356921669624921,1.0,2,hiking/crisis,1.5236224209528507e-14,0.0011226094409688707,0.998877390558661
2024-05-08,4.492000102996826,0.0290002822875976,0.0716400292574303,24.413166046142578,24.413166046142578,0.0014356921669624921,0.006079036664040368,1.0,2,hiking/crisis,1.2839124613060085e-12,0.041450297267537864,0.958549702731727
2024-05-09,4.448999881744385,-0.0430002212524414,0.0578913937271228,24.605810165405273,24.562026583530425,0.007860021809737949,0.008857449140100632,1.0,1,transitional,1.2337607439598784e-08,0.7501445388649929,0.24985544879821237
2024-05-10,4.504000186920166,0.0550003051757812,0.0592187267090062,25.069904327392578,24.824722950706455,0.018685495307563412,-0.0042001991264112625,0.0,1,transitional,1.4873024021309084e-07,0.9296856835165367,0.07031416775352439
2024-05-13,4.480999946594238,-0.0230002403259277,0.0569949864980838,24.807209014892578,24.96482656537847,-0.010533798929735681,-0.004244819339340236,0.0,1,transitional,6.382364560877095e-07,0.9887899952831551,0.011209366480368514
2024-05-14,4.445000171661377,-0.0359997749328613,0.0490124216882845,24.64959144592285,24.702130072654477,-0.00637397086486774,-0.0017778009284894797,0.0,1,transitional,1.4160627741120383e-05,0.9991590184589781,0.0008268209125258277
2024-05-15,4.355999946594238,-0.0890002250671386,0.0511014834787474,24.439434051513672,24.60580830974514,-0.008562348762534349,0.002147515403159223,1.0,1,transitional,1.1936351885291977e-06,0.9998054514785298,0.00019335488631011533
2024-05-16,4.376999855041504,0.0209999084472656,0.0497513357609867,24.448192596435547,24.491974508111436,0.00035831336541056446,-0.0010751550664997401,0.0,1,transitional,1.7469216972715753e-05,0.9999442759173239,3.8254866129331935e-05
2024-05-17,4.420000076293945,0.0430002212524414,0.0485362697846849,24.089174270629883,24.42192112378292,-0.014793751565219563,0.0032662644884132023,1.0,1,transitional,2.4013312371002764e-05,0.9999449574785512,3.102920984446164e-05
2024-05-20,4.436999797821045,0.0169997215270996,0.0486443066200459,24.58829689025879,24.16798452260343,0.0205080543845315,-0.00035623612570861334,0.0,1,transitional,3.0232982780839936e-05,0.9999443469303534,2.542008713030223e-05
2024-05-21,4.414000034332275,-0.0229997634887695,0.0485896419522221,24.50948715209961,24.579539210630376,-0.0032103202774541794,0.0014281161807863192,1.0,1,transitional,2.602858798476536e-05,0.9999486677376415,2.5303674712244945e-05
2024-05-22,4.434000015258789,0.0199999809265136,0.0488842244234377,24.316844940185547,24.54451455293,-0.007890955689901743,-0.012683712902056287,0.0,1,transitional,2.8116137004204913e-05,0.9999459068646325,2.5976999000012102e-05
2024-05-23,4.474999904632568,0.0409998893737793,0.0481389936103914,24.29932975769043,24.01036482197345,-0.0007205496262006273,-0.005419974529892615,0.0,1,transitional,3.4993117326874584e-05,0.9999359899635258,2.9016918689097992e-05
2024-05-24,4.4670000076293945,-0.0079998970031738,0.0459712285215632,24.45694923400879,24.16798427542946,0.0064656298091728265,-0.004305772432241126,0.0,1,transitional,8.081707982675376e-05,0.9998954100085344,2.3772911266911484e-05
2024-05-28,4.541999816894531,0.0749998092651367,0.0492316274713777,24.194252014160156,24.351869563140486,-0.002891260224676301,7.193596459563175e-08,1.0,1,transitional,9.553286864427318e-06,0.9999375353646823,5.291134924439457e-05
2024-05-29,4.624000072479248,0.0820002555847168,0.0514477213910379,24.054149627685547,24.194253754597074,-0.005807561514382164,-0.009142597383552453,0.0,1,transitional,2.462413212106063e-06,0.9999259579890629,7.157959754691601e-05
2024-05-30,4.553999900817871,-0.0700001716613769,0.0509060060968675,23.77393913269043,23.835234473664286,-0.01171753705160641,0.0055096415943374855,1.0,1,transitional,2.732937379925334e-06,0.9999375555360149,5.9711526025763724e-05
2024-05-31,4.513999938964844,-0.0399999618530273,0.0477832072916127,24.25554847717285,23.905286522852627,0.020055408086156957,0.0039632615513546104,1.0,1,transitional,2.1661544544842586e-05,0.9999100632531114,6.827520171710597e-05
2024-06-03,4.401999950408936,-0.1119999885559082,0.0531907358755252,24.45694923400879,24.351870308083186,0.008269003392815754,-0.009352609339478705,0.0,1,transitional,1.4918690305682452e-07,0.9993802515436759,0.0006195992696417512
2024-06-04,4.335999965667725,-0.0659999847412109,0.0529052734300442,24.019123077392578,24.229279255916044,-0.018064089820460878,-0.005483492547514704,0.0,1,transitional,1.2462349109213644e-06,0.9983912661785155,0.0016074875860848032
2024-06-05,4.289000034332275,-0.0469999313354492,0.0535926083560463,23.765182495117188,23.887774847641616,-0.010628718775346685,0.0033106778473628814,1.0,1,transitional,1.5564689136151992e-06,0.9906325936050393,0.009365849926091019
2024-06-06,4.281000137329102,-0.0079998970031738,0.0534596955642402,23.738914489746094,23.84399174237388,-0.0011059260028359393,0.007716284649270666,1.0,1,transitional,6.62852658631613e-07,0.9253128865975365,0.07468645055035471
2024-06-07,4.429999828338623,0.1489996910095214,0.0632111347584487,23.82647705078125,23.92279925240929,0.0036817802655288424,0.010237834180317937,1.0,2,hiking/crisis,4.992162636205325e-11,0.1933089796558751,0.8066910202934544
2024-06-11,4.40399980545044,-0.0650000572204589,0.0634396421017682,23.72140121459961,24.071661509298682,-0.004419797941201239,0.0077220220642188085,1.0,2,hiking/crisis,6.864388047475926e-11,0.07810217435715476,0.9218978255743716
2024-06-12,4.295000076293945,-0.1089997291564941,0.0673321845540817,24.33435821533203,23.90528747128385,0.025511624518706047,0.00035974850078747346,1.0,2,hiking/crisis,3.103353406031534e-13,0.005113331980152173,0.9948866680203476
2024-06-13,4.23799991607666,-0.0570001602172851,0.0679089422203982,24.115446090698242,24.34311403907042,-0.00903671820788109,-0.00108990079976175,0.0,2,hiking/crisis,9.52694272783557e-13,0.001096707861875838,0.9989032921372414
2024-06-14,4.2129998207092285,-0.0250000953674316,0.0655755760047719,23.870264053344727,24.08917696468849,-0.010219049391556557,-0.0003670316537601447,0.0,2,hiking/crisis,1.563226822338962e-12,0.0007109833628652432,0.99928901663579
2024-06-17,4.27899980545044,0.0659999847412109,0.067243793401775,23.625078201293945,23.861504518465157,-0.010324718950181581,0.002591247454071019,1.0,2,hiking/crisis,1.3814192242491976e-13,0.0002911711840272517,0.9997088288161733
2024-06-18,4.2170000076293945,-0.0619997978210449,0.0674257035775819,23.590055465698242,23.68637600963118,-0.0014835388274506568,0.008869166453217224,1.0,2,hiking/crisis,3.253272198027045e-14,0.00013438806054323683,0.9998656119401516
2024-06-20,4.254000186920166,0.0370001792907714,0.0679603413583089,23.86150550842285,23.800210165170153,-0.0011002473150957665,0.004028555476947997,1.0,2,hiking/crisis,5.2747475854299495e-14,0.00016605898125157982,0.9998339410190208
2024-06-21,4.256999969482422,0.0029997825622558,0.0679238964413471,24.097930908203125,23.957826794681125,0.009859470113424397,-0.01501034337174933,0.0,2,hiking/crisis,8.581286209857367e-14,0.00018525635059320178,0.9998147436489523
2024-06-24,4.248000144958496,-0.0089998245239257,0.0676315194123374,23.616321563720703,23.738913915719156,-0.020187917704178705,0.0212774307954112,1.0,2,hiking/crisis,1.17567065857486e-13,0.00020781234701602037,0.9997921876520458
2024-06-25,4.23799991607666,-0.0100002288818359,0.0666603983846262,24.483217239379883,24.124200227184133,0.03604980751081651,-0.0050197044555177735,0.0,2,hiking/crisis,8.888417826215312e-14,0.00023887265059404093,0.9997611273485218
2024-06-26,4.315999984741211,0.0780000686645507,0.0694554311803777,24.789695739746094,24.360626666354637,0.012440200278019776,-0.008869995955693117,0.0,2,hiking/crisis,1.1802904346041905e-14,8.527237757201858e-05,0.999914727622772
2024-06-27,4.288000106811523,-0.0279998779296875,0.0669528710938767,24.737157821655273,24.57078354918865,-0.002121594004855867,0.009862667261214566,1.0,2,hiking/crisis,7.571243289947948e-14,0.0002145307946671396,0.9997854692058217
2024-06-28,4.3429999351501465,0.054999828338623,0.0652942609745727,24.702129364013672,24.98233926228043,-0.0014170294717802067,-0.00461885168008019,0.0,2,hiking/crisis,1.4675867062188265e-14,0.00029931786301154987,0.9997006821368852
2024-07-01,4.479000091552734,0.1360001564025879,0.0715384597076944,24.737157821655273,24.588296982116272,0.001417029471780302,0.008810554336026635,1.0,2,hiking/crisis,5.2762113097969185e-18,9.160356377043917e-06,0.9999908396440619
2024-07-02,4.435999870300293,-0.0430002212524414,0.0716178006542984,25.507728576660156,24.956068842388635,0.030675009222829848,0.0037691157333907396,1.0,2,hiking/crisis,1.2544347048187114e-17,1.5344844627740847e-05,0.9999846551558669
2024-07-03,4.355000019073486,-0.0809998512268066,0.0695642474624633,25.446434020996094,25.6040515699841,-0.0024058715561110855,0.006517003008741692,1.0,2,hiking/crisis,1.0736027759450314e-16,2.478419937595679e-05,0.9999752157998015
2024-07-05,4.271999835968018,-0.0830001831054687,0.0704368031178708,25.621566772460938,25.612810055781797,0.001025905199491374,-0.0027379330217054193,0.0,2,hiking/crisis,1.6627330923694596e-15,0.00014924497657078887,0.9998507550231026
2024-07-08,4.269000053405762,-0.0029997825622558,0.0697147296652865,25.16622543334961,25.551512584326417,-0.01793161388773213,0.009005947020545588,1.0,2,hiking/crisis,3.8986011139662576e-13,0.004581534449951233,0.9954184655489081
2024-07-09,4.300000190734863,0.0310001373291015,0.0700363255098128,25.03487777709961,25.39389477653333,-0.005232871294601099,-0.003152966210409384,0.0,2,hiking/crisis,1.0753497755012205e-11,0.039884368859428594,0.9601156311300906
2024-07-10,4.28000020980835,-0.0199999809265136,0.0613378335880143,24.964824676513672,24.956067961018903,-0.0028021425323087553,0.011855182416057578,1.0,1,transitional,4.1225847672800345e-09,0.35325095440781523,0.6467490414694702
2024-07-11,4.192999839782715,-0.0870003700256347,0.0627449807717337,25.25379180908203,25.262548525340314,0.01150849394701882,0.012405377285420299,1.0,1,transitional,2.6879440945989215e-09,0.5048525382952974,0.49514745901747487
2024-07-12,4.189000129699707,-0.0039997100830078,0.0616262475813857,25.34135627746582,25.56902588046266,0.003461381540419341,0.012362739828789542,1.0,1,transitional,5.437227688187743e-08,0.805150825078599,0.1948491205490812
2024-07-15,4.229000091552734,0.0399999618530273,0.0581673014556241,25.665346145629883,25.65658942981738,0.012703986346454739,0.001023023160444748,1.0,1,transitional,3.250343077593077e-07,0.9507747117322659,0.04922496323271511
2024-07-16,4.166999816894531,-0.0620002746582031,0.0584085161390415,25.717885971069336,25.691615824111345,0.002045019029970954,-0.0010219400924200597,0.0,1,transitional,1.3102229665116924e-07,0.983976768720014,0.016023100256906942
2024-07-17,4.145999908447266,-0.0209999084472656,0.058340969087985,25.744155883789062,25.691617257115364,0.0010209433615413616,0.006103747685005283,1.0,1,transitional,3.7007247291049197e-07,0.9963446860824299,0.00365494384422753
2024-07-18,4.189000129699707,0.0430002212524414,0.0571814849242713,25.849233627319336,25.9017722515947,0.00407330822076338,-0.01295618743101409,0.0,1,transitional,5.856231750073107e-07,0.9992148533704874,0.0007845610063168462
2024-07-19,4.238999843597412,0.049999713897705,0.0567508171985093,25.577781677246094,25.51648633428802,-0.010556882195876383,-0.010669540596619884,0.0,1,transitional,6.250765266007562e-07,0.9997718553833005,0.00022751954009776404
2024-07-22,4.260000228881836,0.0210003852844238,0.0563499959779003,25.04363441467285,25.30632920898806,-0.021104391351452638,-0.013375729408775428,0.0,1,transitional,1.0559867971579536e-06,0.9998988478504065,0.00010009616247245733
2024-07-23,4.238999843597412,-0.0210003852844238,0.0565352739196165,24.106689453125,24.710887862216392,-0.0381303074053341,-0.017589321145595447,0.0,1,transitional,8.164819889169867e-07,0.9999053823703408,9.380114799245585e-05
2024-07-24,4.285999774932861,0.0469999313354492,0.0574453692080576,23.852750778198242,23.686376496822287,-0.010589825354405096,-0.0007345688775570282,0.0,1,transitional,4.923420559899342e-07,0.9998743374871613,0.00012517017109686681
2024-07-25,4.25600004196167,-0.0299997329711914,0.0578155342654768,23.528759002685547,23.835235723627022,-0.013676087014605605,0.007046196573888282,1.0,1,transitional,4.0731009975957404e-07,0.9998526689672963,0.0001469237233009675
2024-07-26,4.199999809265137,-0.0560002326965332,0.0562491779239118,23.590055465698242,23.695132726383797,0.0026017843734830503,0.005183157845873405,1.0,1,transitional,4.2325934516200664e-07,0.9998052264806057,0.0001943502592920928
2024-07-29,4.177999973297119,-0.0219998359680175,0.056144444039149,23.765182495117188,23.71264386984831,0.007396344536872096,-0.008882310344092016,0.0,1,transitional,9.509940815946756e-07,0.9995718194134041,0.00042722959319063723
2024-07-30,4.14300012588501,-0.0349998474121093,0.0547336339621674,23.528759002685547,23.555027481524608,-0.009998128910355232,0.00519671186832267,1.0,1,transitional,1.8733919746650975e-06,0.9977392248923518,0.002258901716080396
2024-07-31,4.109000205993652,-0.0339999198913574,0.0435666618129799,24.167984008789062,23.651349441548238,0.026805322134303044,0.014388696103868157,1.0,1,transitional,9.413646821091693e-05,0.9830245448235139,0.016881318707572215
2024-08-01,3.9760000705718994,-0.1330001354217529,0.050121831226002,24.535757064819336,24.51824363281157,0.015102743174558418,-0.018732555222105166,0.0,1,transitional,3.385039668200035e-08,0.7259618655288835,0.2740381006208257
2024-08-02,3.7920000553131104,-0.184000015258789,0.0602168625744431,24.062904357910156,24.080417789871532,-0.019460109198548896,-0.027671888069693718,0.0,2,hiking/crisis,4.476421228336884e-12,0.161079580766884,0.8389204192288151
2024-08-05,3.785000085830689,-0.0069999694824218,0.0589412375120901,23.187253952026367,23.406166851883505,-0.03706868731339701,-0.035361128093927836,0.0,2,hiking/crisis,1.2738083592820732e-08,0.13847305468179724,0.8615269325799108
2024-08-06,3.888000011444092,0.1029999256134033,0.0649856506437908,21.996368408203125,22.38165390059364,-0.05272536170001835,0.005161724812375359,1.0,2,hiking/crisis,2.5766244310663297e-11,0.03833352191397949,0.9616664780594741
2024-08-07,3.9679999351501465,0.0799999237060546,0.0676628905598983,22.241548538208008,22.11020114268207,0.011084728097004323,-0.008301988737606764,0.0,2,hiking/crisis,4.189239294398621e-12,0.007489839785418706,0.9925101602096226
2024-08-08,3.996999979019165,0.0290000438690185,0.0683525201974248,21.829994201660156,22.05766381335055,-0.018677190526527766,0.011961819344994866,1.0,2,hiking/crisis,1.990367941409915e-12,0.0017862584626217666,0.9982137415355822
2024-08-09,3.941999912261963,-0.0550000667572021,0.0669742508521448,22.320358276367188,22.092688668180074,0.022214284244398617,0.005087069479686565,1.0,2,hiking/crisis,4.2165807456603097e-13,0.0005207940869162114,0.9994792059134167
2024-08-12,3.908999919891357,-0.0329999923706054,0.0671009367736607,22.259061813354492,22.434192786274473,-0.0027499909832210782,0.016000382211561037,1.0,2,hiking/crisis,2.3161273584002797e-13,0.0002850748603830157,0.9997149251392968
2024-08-13,3.8519999980926514,-0.056999921798706,0.0665826540505806,22.32911491394043,22.618079863666864,0.0031422302218874773,-0.0023556891826587863,0.0,2,hiking/crisis,9.783447084012658e-14,0.00020822447188074107,0.9997917755275094
2024-08-14,3.819999933242798,-0.0320000648498535,0.0659087473011242,22.320358276367188,22.276576366019707,-0.0003922392386663351,0.024032186135813805,1.0,2,hiking/crisis,2.347720555657542e-14,0.00023688581953505732,0.9997631141799145
2024-08-15,3.9260001182556152,0.1060001850128173,0.071099684610755,22.346628189086914,22.86326274257005,0.001176256462652525,0.02170631293294814,1.0,2,hiking/crisis,1.3236225366015134e-16,2.0870943400158915e-05,0.9999791290569873
2024-08-16,3.891999959945679,-0.0340001583099365,0.0701835518152416,22.872020721435547,22.836993855454608,0.02323891533802274,0.0011477638985924181,1.0,2,hiking/crisis,4.2657369018998297e-16,3.763396442013472e-05,0.9999623660356948
2024-08-19,3.867000102996826,-0.0249998569488525,0.0686477853405126,23.012123107910156,22.898287472238053,0.006106807719885908,-0.010327045165934728,0.0,2,hiking/crisis,2.956383746353698e-15,7.903903153500059e-05,0.9999209609692099
2024-08-20,3.818000078201294,-0.0490000247955322,0.0683728769412972,23.003368377685547,22.775698756862077,-0.00038051230346991375,-0.013798619050648853,0.0,2,hiking/crisis,3.4536346380614323e-15,7.127528686296391e-05,0.9999287247128302
2024-08-21,3.7780001163482666,-0.0399999618530273,0.068497812048538,22.81072425842285,22.688133564866334,-0.008409868823644296,0.0019175444269442779,1.0,2,hiking/crisis,1.3895964565312394e-15,6.913578820374722e-05,0.9999308642125656
2024-08-22,3.861999988555908,0.0839998722076416,0.0707973419203108,22.740671157836914,22.85450679966752,-0.0030757852826951712,-0.007730974902581194,0.0,2,hiking/crisis,7.341971471433746e-17,2.413052221667484e-05,0.9999758694776739
2024-08-23,3.806999921798706,-0.0550000667572021,0.0711797008793934,22.6268367767334,22.56554143385972,-0.005018332510782725,0.008861523571183383,1.0,2,hiking/crisis,4.059473850887119e-17,1.644997314963476e-05,0.9999835500264148
2024-08-26,3.818000078201294,0.0110001564025878,0.0710518382454837,23.099687576293945,22.828236058481277,0.020682422807710075,0.03793690203800924,1.0,2,hiking/crisis,3.1449590367541836e-16,3.4542037156721414e-05,0.9999654579623507
2024-08-27,3.8329999446868896,0.0149998664855957,0.071410493490424,24.010366439819336,23.99285300734181,0.03866657948282558,-0.022870829251141554,0.0,2,hiking/crisis,4.447167066716524e-15,7.172369016511364e-05,0.9999282763094355
2024-08-28,3.8410000801086426,0.0080001354217529,0.0714678226917742,23.72140121459961,23.467461457084763,-0.012108026570430525,-0.0033277568591572946,0.0,2,hiking/crisis,5.86877780208296e-14,0.0007128410172870732,0.9992871589829702
2024-08-29,3.867000102996826,0.0260000228881835,0.0718426352873745,23.32735824584961,23.642593358417166,-0.016750800102392962,0.013423041527565734,1.0,2,hiking/crisis,7.372786363895918e-13,0.011255962541107289,0.9887440374574034
2024-08-30,3.91100001335144,0.0439999103546142,0.0671050722516134,23.80896759033203,23.642593317854278,0.020435453809308272,0.018944055169299912,1.0,2,hiking/crisis,8.61368823668843e-11,0.21316156505500972,0.7868384348583642
2024-09-03,3.8440001010894775,-0.0669999122619628,0.0551213324243481,24.106689453125,24.264305340166512,-0.0014518469636358715,-0.01869900334557056,0.0,1,transitional,1.0107832140839666e-07,0.8222089668682393,0.17779093205358085
2024-09-04,3.767999887466431,-0.0760002136230468,0.0577101631293149,23.493732452392578,23.660106724686827,-0.02575569122535705,-0.02193176662936475,0.0,1,transitional,9.27473757036822e-08,0.9452332437829029,0.05476666347024642
2024-09-05,3.7309999465942383,-0.0369999408721923,0.0530138042720596,22.75651741027832,22.984082584381103,-0.0318820974825327,0.00039999602446265625,1.0,1,transitional,2.755248706498711e-06,0.9947400039492905,0.005257240801537682
2024-09-06,3.7100000381469727,-0.0209999084472656,0.0491194097833179,21.864463806152344,22.765621747501005,-0.03998892230723549,-0.009201401266600922,0.0,1,transitional,2.029436408125387e-05,0.9996427405225712,0.0003369651131722826
2024-09-09,3.697000026702881,-0.0130000114440917,0.0482007909343741,21.655101776123047,21.664202854814075,-0.009621587089179073,0.00503139470521126,1.0,1,transitional,3.900268892232735e-05,0.9999194553499362,4.1541961998870545e-05
2024-09-10,3.6459999084472656,-0.0510001182556152,0.048039490001648,21.8371524810791,21.764331699540495,0.008371686927623022,-0.015119935343827743,0.0,1,transitional,8.316162423354173e-05,0.9998853314475348,3.150692871686245e-05
2024-09-11,3.6530001163482666,0.0070002079010009,0.048045441446269,21.35471534729004,21.50945973688712,-0.022340186826760644,0.006373545992734575,1.0,1,transitional,0.0010510121902395282,0.9989253083589792,2.3679450517716538e-05
2024-09-12,3.680000066757202,0.0269999504089355,0.0476231516425307,21.773435592651367,21.49125526723648,0.01941810131589012,0.025996825915843416,1.0,1,transitional,0.0080871103358044,0.9918895844030031,2.330526064169739e-05
2024-09-13,3.650000095367432,-0.0299999713897705,0.0475751292741262,22.073820114135742,22.346897606640997,0.013701620135770268,0.0020597560112075777,1.0,1,transitional,0.0562364391666015,0.9437504900151771,1.3070817910298003e-05
2024-09-16,3.621000051498413,-0.0290000438690185,0.0398868686650549,21.93728256225586,22.119333655109664,-0.00620470661338081,0.00990918714942614,1.0,0,stable,0.46937182754403534,0.5306175760451393,1.0596411380425064e-05
2024-09-17,3.641999959945679,0.0209999084472656,0.0403471217037033,21.964588165283203,22.15574379976641,0.0012439381782988407,0.002070089701609912,1.0,0,stable,0.6426897684974471,0.35730130220945433,8.929293293363932e-06
2024-09-18,3.684999942779541,0.0429999828338623,0.041940830128572,22.146642684936523,22.010103927645776,0.008254385553597629,0.004510944256996716,1.0,0,stable,0.7100317664369413,0.28996081943759605,7.414124784949625e-06
2024-09-19,3.740000009536743,0.0550000667572021,0.043065235901739,22.392412185668945,22.246770621549505,0.011036246547034053,0.008097196029434435,1.0,0,stable,0.7726928465978948,0.22730324382557562,3.909576939014702e-06
2024-09-20,3.7279999256134033,-0.0120000839233398,0.0423125053618051,22.547157287597656,22.57446399663046,0.006886835604022093,-0.0068867778486639865,0.0,0,stable,0.8869915937675849,0.11300806015594016,3.4607588818643714e-07
2024-09-23,3.739000082015991,0.0110001564025878,0.0375969467912866,22.75651741027832,22.39241347895077,0.009242588574320115,0.0023970872519838973,1.0,0,stable,0.9851543604291877,0.014845575655212722,6.391503969548979e-08
2024-09-24,3.736000061035156,-0.0030000209808349,0.0358712849938439,22.974979400634766,22.81113220011879,0.009554187700013555,0.008285650742293156,1.0,0,stable,0.9983288864604009,0.0016710774123073946,3.612659728137747e-08
2024-09-25,3.7809998989105225,0.0449998378753662,0.0372919691620633,23.102413177490234,23.16613287764623,0.005531306987306697,-0.013486714373836027,0.0,0,stable,0.9991194575907436,0.0008805090567056028,3.335262004725967e-08
2024-09-26,3.7909998893737793,0.0099999904632568,0.0371954392238424,22.483440399169922,22.79292918177305,-0.027158022646158655,-0.012220221952689458,0.0,0,stable,0.998526186716176,0.001473783870982829,2.9413523130282562e-08
2024-09-27,3.749000072479248,-0.0419998168945312,0.0381123004874121,22.1739501953125,22.21035971883442,-0.013860870720661517,0.027532146951686067,1.0,0,stable,0.9918973647024644,0.008102579080760243,5.6216679266085256e-08
2024-09-30,3.802000045776367,0.0529999732971191,0.0396142662456647,22.938570022583008,22.792928451458025,0.03390158894994759,0.0019820873612746075,1.0,0,stable,0.9681047397133296,0.031894892814476626,3.6747205539969344e-07
2024-10-01,3.743000030517578,-0.059000015258789,0.0398672814460945,22.874849319458008,22.984081361135033,-0.0027817502002723087,0.024372346095750144,1.0,0,stable,0.9176940824597789,0.08230470108592879,1.2164550629952162e-06
2024-10-02,3.785000085830689,0.0420000553131103,0.038885252176163,23.584854125976562,23.43921255578682,0.03056670767087304,0.0011572404778463822,1.0,0,stable,0.8583201924618254,0.1416757300251579,4.0775127602663114e-06
2024-10-03,3.849999904632568,0.0649998188018798,0.0377728553923688,23.721393585205078,23.612163272412367,0.005772592204673761,0.009547566955818976,1.0,0,stable,0.6530048698283272,0.34698133277178744,1.3797400608052999e-05
2024-10-04,3.9809999465942383,0.1310000419616699,0.045646351219637,24.249345779418945,23.948959801923788,0.022012314963366156,0.0015003320969243794,1.0,1,transitional,0.011275768687395646,0.9886604117998856,6.381951283847346e-05
2024-10-07,4.026000022888184,0.0450000762939453,0.0455395112080467,24.285755157470703,24.285755157470703,0.0015003320969243794,0.015619608746702575,1.0,1,transitional,0.005141630411626314,0.9948270365458168,3.1333041687624205e-05
2024-10-08,4.0329999923706055,0.0069999694824218,0.0451309146567117,23.976268768310547,24.668067160341234,-0.012825431107180891,-0.020714355360978643,0.0,1,transitional,0.003917548793149938,0.996059629686824,2.282152014048971e-05
2024-10-09,4.066999912261963,0.0339999198913574,0.0425599123442051,23.26626205444336,23.48472440516766,-0.030060209102192554,0.0023447109014085588,1.0,1,transitional,0.003988284069134969,0.9959830658708402,2.8650059550467102e-05
2024-10-10,4.0960001945495605,0.0290002822875976,0.0424934055080843,23.43010902404785,23.320878717838443,0.007017574951769888,0.00966568337175278,1.0,1,transitional,0.003632403708296988,0.9963399652820863,2.763100880811711e-05
2024-10-11,4.072999954223633,-0.0230002403259277,0.0435340600382342,23.548444747924805,23.657675058153977,0.005037872163235461,-1.0915175378718845e-08,0.0,1,transitional,0.0026850829673603777,0.997291336567745,2.3580465252238084e-05
2024-10-14,4.0980000495910645,0.0250000953674316,0.0420872147134857,23.06600570678711,23.548444490889402,-0.02069985863890779,-0.012708577412319842,0.0,1,transitional,0.0020519685974684015,0.9979204044611915,2.7626940498778638e-05
2024-10-15,4.038000106811523,-0.059999942779541,0.0444199077261442,22.565364837646484,22.774724393571457,-0.021943717768579726,0.0008062974583644192,1.0,1,transitional,0.0004919673317872703,0.999477021776402,3.101089169385261e-05
2024-10-16,4.015999794006348,-0.0220003128051757,0.0453460342426448,22.692798614501953,22.583566570981706,0.005631431057329917,0.010772115577355138,1.0,1,transitional,0.00020877585859279343,0.9997668216256492,2.440251522071794e-05
2024-10-17,4.0960001945495605,0.0800004005432128,0.0470601800837867,22.71100425720215,22.93856942316135,0.0008019435608656404,1.3812192183417596e-08,1.0,1,transitional,2.970657480897483e-05,0.9999203024218075,4.999100421345709e-05
2024-10-18,4.072999954223633,-0.0230002403259277,0.047202041736967,22.419719696044922,22.711004570890907,-0.012908660905250186,-0.0012187334257961605,0.0,1,transitional,4.0988662724417446e-05,0.9999290735265394,2.993780995864033e-05
2024-10-21,4.182000160217285,0.1090002059936523,0.0508738964644918,22.71100425720215,22.392412677622378,0.012908660905250134,2.0895482681208325e-08,1.0,1,transitional,1.1990487165386382e-06,0.9998881510110241,0.00011064993972233142
2024-10-22,4.203999996185303,0.0219998359680175,0.0508156910628275,22.40151596069336,22.711004731759548,-0.013720942676858703,0.0016240544994475263,1.0,1,transitional,1.0749070976092296e-05,0.9999529488569289,3.630207173094748e-05
2024-10-23,4.242000102996826,0.0380001068115234,0.0505885013751487,22.155746459960938,22.4379268020762,-0.011031736685407337,-0.004116942579611569,0.0,1,transitional,1.0127887873081544e-05,0.999955160068005,3.471204418262852e-05
2024-10-24,4.199999809265137,-0.0420002937316894,0.0523235688523731,22.137540817260742,22.064720027842828,-0.0008220497887854061,-0.0016460862359298366,0.0,1,transitional,3.4085788615684287e-06,0.9999535686558726,4.3022765283057366e-05
2024-10-25,4.23199987411499,0.0320000648498535,0.0523345804285988,22.110233306884766,22.101130491513594,-0.0012343000019060333,-0.008268001165761207,0.0,1,transitional,5.342339123021046e-06,0.9999556166067015,3.904105415350164e-05
2024-10-28,4.277999877929688,0.0460000038146972,0.0505299065705088,22.10112953186035,21.928179519686765,-0.0004118296550272483,-0.0057828368799041205,0.0,1,transitional,9.344695366561387e-06,0.9999543699984131,3.62853068066801e-05
2024-10-29,4.27400016784668,-0.0039997100830078,0.0504922837584108,21.94638442993164,21.973691137779472,-0.007026309757097046,-0.0012450024711555456,0.0,1,transitional,1.4557685130338643e-05,0.9999574277320832,2.8014581920044056e-05
2024-10-30,4.265999794006348,-0.008000373840332,0.0475163168081647,21.78253936767578,21.919078128816764,-0.007493705070287414,0.0029208834246244016,1.0,1,transitional,4.7568707642587786e-05,0.9999293299113139,2.310138141236112e-05
2024-10-31,4.283999919891357,0.0180001258850097,0.0473729897997837,21.645999908447266,21.846256635916752,-0.006288026785769596,0.001680563634275931,1.0,1,transitional,5.193868771759999e-05,0.9999229467413719,2.511457040927862e-05
2024-11-01,4.361000061035156,0.0770001411437988,0.0479639918003555,21.891767501831055,21.682407973186816,0.011289977347583075,-0.006256472465727163,0.0,1,transitional,1.9027317317464892e-05,0.999932728480424,4.824420248847577e-05
2024-11-04,4.309000015258789,-0.0520000457763671,0.0440824087001867,21.82805061340332,21.755229828705286,-0.002914784932141745,0.004161492335476703,1.0,1,transitional,0.00011064545971006332,0.9998584497900093,3.090474998614683e-05
2024-11-05,4.289000034332275,-0.0199999809265136,0.0441981080360882,21.755229949951172,21.919077150481016,-0.003341681960401982,0.004175370927616368,1.0,1,transitional,0.00016356832607811503,0.9997957666820402,4.0664991699567465e-05
2024-11-06,4.426000118255615,0.1370000839233398,0.0518307445902718,21.382022857666016,21.846256006138592,-0.017303670493306715,0.008478203823951879,1.0,1,transitional,2.508759466724587e-07,0.9996453660083152,0.0003543831153770276
2024-11-07,4.341000080108643,-0.0850000381469726,0.0563813801828099,22.073820114135742,21.564074651239896,0.031841780493161616,0.0008244312744010038,1.0,1,transitional,1.358799616677296e-07,0.9997032095039718,0.0002966546154169906
2024-11-08,4.306000232696533,-0.0349998474121093,0.0571997486046005,21.90997314453125,22.092025965488762,-0.007450368209103316,-0.007087658987294122,0.0,1,transitional,4.811579844900042e-07,0.999803665794641,0.00019585304740609848
2024-11-11,4.308000087738037,0.0019998550415039,0.0567368703065845,21.864463806152344,21.755231751359503,-0.002079266254240415,-0.0025012209459551087,0.0,1,transitional,9.107853363640835e-07,0.9996939630799402,0.00030512613423512987
2024-11-12,4.432000160217285,0.124000072479248,0.0618263831822571,21.709716796875,21.8098442875258,-0.007102722653657874,-0.010537494103603976,0.0,1,transitional,5.013102785300665e-09,0.9986245517961717,0.0013754431907562334
2024-11-13,4.451000213623047,0.0190000534057617,0.0593299665027845,21.564075469970703,21.48215187187183,-0.006731181584857112,0.010079872764160728,1.0,1,transitional,2.9824674037609893e-07,0.999469667790208,0.0005300339639540859
2024-11-14,4.418000221252441,-0.0329999923706054,0.0597631896919388,21.527664184570312,21.782537793482792,-0.0016899431008308649,0.003798216057034117,1.0,1,transitional,1.656466549893894e-07,0.9996658767627191,0.0003339575914013306
2024-11-15,4.427999973297119,0.0099997520446777,0.0581289075318211,21.846254348754883,21.60958638496792,0.014690666864647341,-0.0008336174905932263,0.0,1,transitional,5.110142003333035e-07,0.9998373404206115,0.00016214856486225667
2024-11-18,4.414000034332275,-0.0139999389648437,0.0578610174832708,21.93728256225586,21.82805051759602,0.0041581083246614,0.012371227323416183,1.0,1,transitional,5.068619695765848e-07,0.9998758437114417,0.00012364942735359441
2024-11-19,4.379000186920166,-0.0349998474121093,0.0547681642261129,22.356000900268555,22.21035933632031,0.018907192192189563,-0.0008145516070785685,0.0,1,transitional,1.358630374922273e-06,0.9998982769584713,0.00010036441053137675
2024-11-20,4.406000137329102,0.0269999504089355,0.0548365929736216,22.201257705688477,22.337798198333896,-0.006945840994231711,0.007759909437062612,1.0,1,transitional,1.9213400706992647e-06,0.9997203813977937,0.0002776972623811204
2024-11-21,4.432000160217285,0.0260000228881835,0.0545880176098714,22.310489654541016,22.374207624863857,0.0049080152814027275,0.01417894938668045,1.0,1,transitional,2.120961710705678e-06,0.9980706819300683,0.0019271971073817039
2024-11-22,4.409999847412109,-0.0220003128051757,0.0538219612765162,22.802030563354492,22.629082274924844,0.021792635826773044,0.0035863259332754504,1.0,1,transitional,2.105333474156891e-06,0.9830254643744492,0.016972430292873424
2024-11-25,4.264999866485596,-0.1449999809265136,0.063239704409244,23.084211349487305,22.88395288917074,0.012299300685795047,-0.012698598866497619,0.0,1,transitional,1.6614260036044313e-10,0.8318440472935446,0.16815595254099883
2024-11-26,4.302000045776367,0.0370001792907714,0.0629534134720937,22.210359573364258,22.792927571559197,-0.038590064995837545,0.002047094307897523,1.0,1,transitional,4.2849271123464766e-08,0.8245777821753517,0.17542217497511675
2024-11-27,4.242000102996826,-0.059999942779541,0.0643526641489098,22.18305206298828,22.25587284310699,-0.001230250742784242,-0.002876508702454641,0.0,1,transitional,8.53336227798824e-09,0.8125505785766263,0.1874494128906258
2024-11-29,4.177999973297119,-0.064000129699707,0.0657789175882005,22.310489654541016,22.11933400738801,0.0049080152814027275,0.0012232895098443553,1.0,1,transitional,3.9194115257372134e-09,0.8122830530458773,0.18771694303441225
2024-12-02,4.196000099182129,0.0180001258850097,0.0657789175882005,22.574464797973633,22.337798542427443,0.011762435326775381,0.002818664757226477,1.0,1,transitional,1.4341103041499753e-08,0.8368459462957122,0.16315403936243567
2024-12-03,4.2230000495910645,0.0269999504089355,0.0635606791484705,22.683696746826172,22.638184406233,0.004827070177911977,0.003205049574363303,1.0,1,transitional,3.7694779069391354e-08,0.882007127888702,0.1179928344170166
2024-12-04,4.179999828338623,-0.0430002212524414,0.0632687282030776,22.629079818725586,22.756515751354172,-0.0024106646597214574,-0.014178846299298598,0.0,1,transitional,2.4888663689143042e-08,0.9207531414557375,0.07924683365550479
2024-12-05,4.179999828338623,0.0,0.0632002005362092,22.383310317993164,22.31048953285218,-0.010920190744240561,0.001625304006567165,1.0,1,transitional,5.107443399077772e-08,0.963232248587128,0.03676770033779838
2024-12-06,4.151000022888184,-0.0289998054504394,0.0542779162029859,21.90087127685547,22.419719581979617,-0.02178918570262916,-0.015075628282546277,0.0,1,transitional,1.806850119308279e-06,0.9958635847068835,0.0041346084427702845
2024-12-09,4.198999881744385,0.0479998588562011,0.0532173954300058,21.655101776123047,21.573178178428464,-0.011285345816598695,0.017087316656610205,1.0,1,transitional,2.8524561234666546e-06,0.999512134783174,0.0004850127598822454
2024-12-10,4.2210001945495605,0.0220003128051757,0.0531587213929676,21.973691940307617,22.028308830366758,0.014604842353105265,-0.007901904454971319,0.0,1,transitional,4.018882659778885e-06,0.9999127855461523,8.319557167953794e-05
2024-12-11,4.270999908447266,0.049999713897705,0.054448058731348,21.79163932800293,21.800742142377576,-0.008319537729406523,0.0008351113729689206,1.0,1,transitional,1.787236714727821e-06,0.9999336902468476,6.452251571790972e-05
2024-12-12,4.323999881744385,0.0529999732971191,0.0480804330570849,21.645999908447266,21.80984537482167,-0.006705703526070166,-0.005481877852715261,0.0,1,transitional,2.054894157809461e-05,0.9999408690676127,3.858199135994135e-05
2024-12-13,4.39900016784668,0.0750002861022949,0.0509535430806346,21.746126174926758,21.527663829257943,0.004614959128447052,-0.0012564375775937287,0.0,1,transitional,4.097387788740996e-06,0.9999401022018566,5.580041100615482e-05
2024-12-16,4.396999835968018,-0.0020003318786621,0.0504717912508832,21.62779426574707,21.71882068224914,-0.005456375700380312,-0.01015234446717224,0.0,1,transitional,1.2834613443953647e-05,0.9999566909966144,3.0474389889256294e-05
2024-12-17,4.385000228881836,-0.0119996070861816,0.0504603725555647,21.409332275390625,21.409332275390625,-0.01015234446717224,0.0033955340588742336,1.0,1,transitional,1.187383078243281e-05,0.9999450734636707,4.3052705673806465e-05
2024-12-18,4.49399995803833,0.1089997291564941,0.0558539219227231,21.43663787841797,21.48215195319209,0.0012745939291851096,-0.02363158233673341,0.0,1,transitional,1.3668705814407e-07,0.9997413505250371,0.00025851278791453366
2024-12-19,4.570000171661377,0.0760002136230468,0.0572327817599843,21.027021408081055,20.935994995645714,-0.0192931642242945,-0.0012995648841421519,0.0,1,transitional,2.647917029075974e-07,0.9997565023794908,0.0002432328285613783
2024-12-20,4.52400016784668,-0.0460000038146972,0.0582979293908479,21.43663787841797,20.99971317769297,0.019293164224294578,0.0021210074180907723,1.0,1,transitional,2.3168786918573509e-07,0.9997323884184108,0.0002673798936649175
2024-12-23,4.598999977111816,0.0749998092651367,0.0601069650207168,21.78253936767578,21.482153398691803,0.01600719389569011,0.007078924080554379,1.0,1,transitional,8.089439358208324e-08,0.9996226261691682,0.00037729293690725853
2024-12-24,4.591000080108643,-0.0079998970031738,0.0598351579529437,21.98279571533203,21.93728337447961,0.009151432058059515,0.002068251831256738,1.0,1,transitional,2.481982606733445e-07,0.9997753669075317,0.00022438489474751298
2024-12-27,4.61899995803833,0.0399999618530273,0.0488517029253864,22.06471824645996,22.028308722782793,0.0037197389009864645,0.00452773979075271,1.0,1,transitional,2.194780228122712e-05,0.9999205112488153,5.7540948867152813e-05
2024-12-30,4.545000076293945,-0.0739998817443847,0.0500095482852466,22.274078369140625,22.16484805904594,0.009443723989918659,0.0012252214911742621,1.0,1,transitional,4.537842305577114e-05,0.9997740106945469,0.00018061088208520584
2024-12-31,4.572999954223633,0.0279998779296875,0.0467167904192053,22.392412185668945,22.301385774048196,0.005298562385709605,,,1,transitional,0.003116818180364152,0.9956806274332258,0.0012025543871719304
