Date,yield_pct,daily_change,vol_21d
2018-01-02,2.4649999141693115,,
2018-01-03,2.447000026702881,-0.017999887466430664,
2018-01-04,2.453000068664551,0.006000041961669922,
2018-01-05,2.4760000705718994,0.023000001907348633,
2018-01-08,2.4800000190734863,0.003999948501586914,
2018-01-09,2.5460000038146973,0.06599998474121094,
2018-01-10,2.549999952316284,0.003999948501586914,
2018-01-11,2.5309998989105225,-0.01900005340576172,
2018-01-12,2.552000045776367,0.021000146865844727,
2018-01-16,2.5439999103546143,-0.00800013542175293,
2018-01-17,2.578000068664551,0.03400015830993652,
2018-01-18,2.6110000610351562,0.03299999237060547,
2018-01-19,2.63700008392334,0.026000022888183594,
2018-01-22,2.6649999618530273,0.0279998779296875,
2018-01-23,2.624000072479248,-0.0409998893737793,
2018-01-24,2.6540000438690186,0.029999971389770508,
2018-01-25,2.621000051498413,-0.03299999237060547,
2018-01-26,2.6619999408721924,0.0409998893737793,
2018-01-29,2.6989998817443848,0.03699994087219238,
2018-01-30,2.7260000705718994,0.02700018882751465,
2018-01-31,2.7200000286102295,-0.006000041961669922,
2018-02-01,2.7730000019073486,0.05299997329711914,0.027950541950780786
2018-02-02,2.8540000915527344,0.08100008964538574,0.030406381118800223
2018-02-05,2.7939999103546143,-0.06000018119812012,0.03493268261454
2018-02-06,2.7679998874664307,-0.026000022888183594,0.03607620222957481
2018-02-07,2.8440001010894775,0.07600021362304688,0.038432232199339195
2018-02-08,2.8510000705718994,0.006999969482421875,0.036819358601181545
2018-02-09,2.8289999961853027,-0.02200007438659668,0.037619380267072115
2018-02-12,2.8570001125335693,0.0280001163482666,0.036995477313985274
2018-02-13,2.8399999141693115,-0.017000198364257812,0.03763798963225754
2018-02-14,2.9130001068115234,0.07300019264221191,0.03941017499275897
2018-02-15,2.8910000324249268,-0.02200007438659668,0.04013097620175979
2018-02-16,2.877000093460083,-0.01399993896484375,0.040381158387188004
2018-02-20,2.8929998874664307,0.015999794006347656,0.04027488566817442
2018-02-21,2.943000078201294,0.05000019073486328,0.040986533019665705
2018-02-22,2.9170000553131104,-0.026000022888183594,0.04011550476909533
2018-02-23,2.871000051498413,-0.046000003814697266,0.04198022759238835
2018-02-26,2.8589999675750732,-0.012000083923339844,0.04113805704686225
2018-02-27,2.9079999923706055,0.04900002479553223,0.041462285388013234
2018-02-28,2.868000030517578,-0.039999961853027344,0.04250593428822559
2018-03-01,2.803999900817871,-0.06400012969970703,0.045040222239715814
2018-03-02,2.8570001125335693,0.05300021171569824,0.04622845679413849
2018-03-05,2.88100004196167,0.023999929428100586,0.04519222157117036
2018-03-06,2.877000093460083,-0.003999948501586914,0.04173245821854819
2018-03-07,2.882999897003174,0.00599980354309082,0.03931662332611563
2018-03-08,2.865999937057495,-0.01699995994567871,0.039018451667230176
2018-03-09,2.8940000534057617,0.0280001163482666,0.035913125636129355
2018-03-12,2.869999885559082,-0.024000167846679688,0.036348258275753456
2018-03-13,2.8480000495910645,-0.021999835968017578,0.03634825076382554
2018-03-14,2.816999912261963,-0.031000137329101562,0.03642932061156462
2018-03-15,2.8259999752044678,0.009000062942504883,0.036332327464757064
2018-03-16,2.8480000495910645,0.02200007438659668,0.03268323572482025
2018-03-19,2.8450000286102295,-0.003000020980834961,0.032395450074579606
2018-03-20,2.878999948501587,0.03399991989135742,0.03320381863971714
2018-03-21,2.9070000648498535,0.0280001163482666,0.033592217425461604
2018-03-22,2.8320000171661377,-0.07500004768371582,0.035437514126367184
2018-03-23,2.8299999237060547,-0.002000093460083008,0.03512166895368717
2018-03-26,2.8429999351501465,0.013000011444091797,0.0339460811926311
2018-03-27,2.7860000133514404,-0.056999921798706055,0.036010616278199285
2018-03-28,2.7750000953674316,-0.010999917984008789,0.033960797265528274
2018-03-29,2.740999937057495,-0.03400015830993652,0.033687543776818124
2018-04-02,2.7320001125335693,-0.008999824523925781,0.03098643688177005
2018-04-03,2.7839999198913574,0.051999807357788086,0.03089598305840533
2018-04-04,2.7880001068115234,0.004000186920166016,0.030309360716914365
2018-04-05,2.8320000171661377,0.04399991035461426,0.032100285929123284
2018-04-06,2.7750000953674316,-0.056999921798706055,0.03417788974207072
2018-04-09,2.7860000133514404,0.010999917984008789,0.03423830290008581
2018-04-10,2.796999931335449,0.010999917984008789,0.03364441407308828
2018-04-11,2.7899999618530273,-0.006999969482421875,0.03335806567067774
2018-04-12,2.8340001106262207,0.04400014877319336,0.03464293527311891
2018-04-13,2.8289999961853027,-0.005000114440917969,0.03396257346693024
2018-04-16,2.8320000171661377,0.003000020980834961,0.033913323231383914
2018-04-17,2.813999891281128,-0.018000125885009766,0.03375569380771776
2018-04-18,2.867000102996826,0.05300021171569824,0.035791730861748805
2018-04-19,2.9140000343322754,0.04699993133544922,0.036495666256409806
2018-04-20,2.9509999752044678,0.03699994087219238,0.0368712664129646
2018-04-23,2.9730000495910645,0.02200007438659668,0.03255324656449153
2018-04-24,2.9830000400543213,0.009999990463256836,0.03249790409645455
2018-04-25,3.0239999294281006,0.0409998893737793,0.033308358189069985
2018-04-26,2.990000009536743,-0.03399991989135742,0.03136420832844192
2018-04-27,2.9570000171661377,-0.03299999237060547,0.03243967849405943
2018-04-30,2.936000108718872,-0.020999908447265625,0.03170035860190187
2018-05-01,2.9760000705718994,0.039999961853027344,0.0320881018808685
2018-05-02,2.9639999866485596,-0.012000083923339844,0.031084671505367357
2018-05-03,2.946000099182129,-0.017999887466430664,0.03161267704786222
2018-05-04,2.944000005722046,-0.002000093460083008,0.03053413159398702
2018-05-07,2.950000047683716,0.006000041961669922,0.026993215754259163
2018-05-08,2.9690001010894775,0.01900005340576172,0.0270890148331645
2018-05-09,3.003999948501587,0.034999847412109375,0.027689865041979452
2018-05-10,2.9709999561309814,-0.03299999237060547,0.02903011697703109
2018-05-11,2.9709999561309814,0.0,0.027915254228988728
2018-05-14,2.994999885559082,0.023999929428100586,0.028033725228051497
2018-05-15,3.0799999237060547,0.08500003814697266,0.03264753466362981
2018-05-16,3.0950000286102295,0.015000104904174805,0.031927212069491416
2018-05-17,3.1089999675750732,0.01399993896484375,0.0306147070624064
2018-05-18,3.066999912261963,-0.04200005531311035,0.031602423283463695
2018-05-21,3.065000057220459,-0.0019998550415039062,0.0309072171321237
2018-05-22,3.065000057220459,0.0,0.030689516525558187
2018-05-23,3.003000020980835,-0.06200003623962402,0.033885788524894996
2018-05-24,2.9809999465942383,-0.02200007438659668,0.03293853795890213
2018-05-25,2.930999994277954,-0.04999995231628418,0.03388600883451688
2018-05-29,2.7679998874664307,-0.16300010681152344,0.04843037625017661
2018-05-30,2.8420000076293945,0.07400012016296387,0.0515874442228216
2018-05-31,2.822000026702881,-0.019999980926513672,0.050654081351200156
2018-06-01,2.8949999809265137,0.07299995422363281,0.05357440158629621
2018-06-04,2.937000036239624,0.04200005531311035,0.05434482308859012
2018-06-05,2.9189999103546143,-0.018000125885009766,0.05447994821657354
2018-06-06,2.9749999046325684,0.0559999942779541,0.055884387165317705
2018-06-07,2.933000087738037,-0.04199981689453125,0.05649439104870904
2018-06-08,2.937000036239624,0.003999948501586914,0.05588885741139022
2018-06-11,2.9570000171661377,0.019999980926513672,0.055671678387027176
2018-06-12,2.9570000171661377,0.0,0.055671678387027176
2018-06-13,2.9769999980926514,0.019999980926513672,0.055589847538250046
2018-06-14,2.946000099182129,-0.03099989891052246,0.052297702259691985
2018-06-15,2.9240000247955322,-0.02200007438659668,0.052164456339941795
2018-06-18,2.9260001182556152,0.002000093460083008,0.05197515231418204
2018-06-19,2.8929998874664307,-0.03300023078918457,0.05172346503785329
2018-06-20,2.927999973297119,0.03500008583068848,0.05257152032957525
2018-06-21,2.8970000743865967,-0.03099989891052246,0.052813848563677726
2018-06-22,2.9000000953674316,0.003000020980834961,0.05137599517924719
2018-06-25,2.875,-0.02500009536743164,0.0514300504448106
2018-06-26,2.880000114440918,0.005000114440917969,0.050416861370280466
2018-06-27,2.8269999027252197,-0.05300021171569824,0.036766343575782554
2018-06-28,2.8469998836517334,0.019999980926513672,0.033259459876045123
2018-06-29,2.8489999771118164,0.002000093460083008,0.03293501997925079
2018-07-02,2.865999937057495,0.01699995994567871,0.028852194509395575
2018-07-03,2.8380000591278076,-0.0279998779296875,0.027606434710254892
2018-07-05,2.8399999141693115,0.0019998550415039062,0.02746982276878044
2018-07-06,2.8310000896453857,-0.008999824523925781,0.0238186745587077
2018-07-09,2.859999895095825,0.028999805450439453,0.02361911518419733
2018-07-10,2.872999906539917,0.013000011444091797,0.02384215550836951
2018-07-11,2.8420000076293945,-0.03099989891052246,0.02397420330427505
2018-07-12,2.8529999256134033,0.010999917984008789,0.024218753230198568
2018-07-13,2.8310000896453857,-0.021999835968017578,0.023785453417888475
2018-07-16,2.8580000400543213,0.026999950408935547,0.02421698104763768
2018-07-17,2.864000082015991,0.006000041961669922,0.02395680989574113
2018-07-18,2.875,0.010999917984008789,0.024127933144627106
2018-07-19,2.8469998836517334,-0.0280001163482666,0.023834041029352576
2018-07-20,2.8949999809265137,0.04800009727478027,0.024989136008078502
2018-07-23,2.9649999141693115,0.06999993324279785,0.02851298210501969
2018-07-24,2.9489998817443848,-0.016000032424926758,0.02882070521717226
2018-07-25,2.936000108718872,-0.012999773025512695,0.02836705090705502
2018-07-26,2.9749999046325684,0.03899979591369629,0.02944249104734061
2018-07-27,2.9600000381469727,-0.014999866485595703,0.02677741967773694
2018-07-30,2.9749999046325684,0.014999866485595703,0.026671843924068506
2018-07-31,2.9639999866485596,-0.010999917984008789,0.02692134070839356
2018-08-01,3.003000020980835,0.03900003433227539,0.027805732106853515
2018-08-02,2.9860000610351562,-0.01699995994567871,0.027220300868900423
2018-08-03,2.953000068664551,-0.03299999237060547,0.028582244513301047
2018-08-06,2.937999963760376,-0.015000104904174805,0.02876261499097928
2018-08-07,2.9730000495910645,0.03500008583068848,0.029040418063476268
2018-08-08,2.9709999561309814,-0.002000093460083008,0.029028118426674288
2018-08-09,2.934999942779541,-0.03600001335144043,0.029353975577775047
2018-08-10,2.8570001125335693,-0.07799983024597168,0.03435635862519443
2018-08-13,2.877000093460083,0.019999980926513672,0.03422221067420835
2018-08-14,2.8949999809265137,0.017999887466430664,0.0339512623837138
2018-08-15,2.8519999980926514,-0.042999982833862305,0.03530233377426476
2018-08-16,2.871000051498413,0.01900005340576172,0.0354761853822991
2018-08-17,2.872999906539917,0.0019998550415039062,0.03489968398319188
2018-08-20,2.822999954223633,-0.04999995231628418,0.03488629956206224
2018-08-21,2.8440001010894775,0.021000146865844727,0.031170308356569608
2018-08-22,2.822999954223633,-0.021000146865844727,0.03127135812814298
2018-08-23,2.821000099182129,-0.0019998550415039062,0.031240357893341255
2018-08-24,2.8259999752044678,0.004999876022338867,0.029661242758421195
2018-08-27,2.8480000495910645,0.02200007438659668,0.03026107233839277
2018-08-28,2.884000062942505,0.03600001335144043,0.03129589126231664
2018-08-29,2.884000062942505,0.0,0.031270776005913346
2018-08-30,2.859999895095825,-0.024000167846679688,0.029952655744748775
2018-08-31,2.8529999256134033,-0.006999969482421875,0.02986189982937203
2018-09-04,2.9019999504089355,0.04900002479553223,0.031515981258185444
2018-09-05,2.9019999504089355,0.0,0.031386527150945864
2018-09-06,2.878999948501587,-0.023000001907348633,0.03053459295066865
2018-09-07,2.941999912261963,0.06299996376037598,0.03390644294434631
2018-09-10,2.937000036239624,-0.004999876022338867,0.03298620356142554
2018-09-11,2.9769999980926514,0.039999961853027344,0.028803032352456757
2018-09-12,2.9630000591278076,-0.01399993896484375,0.02891523412555889
2018-09-13,2.9630000591278076,0.0,0.028748755237635197
2018-09-14,2.99399995803833,0.03099989891052246,0.0272963503157043
2018-09-17,3.000999927520752,0.006999969482421875,0.02715257070627795
2018-09-18,3.0480000972747803,0.04700016975402832,0.02854529936211966
2018-09-19,3.0829999446868896,0.034999847412109375,0.025749723814101958
2018-09-20,3.078000068664551,-0.004999876022338867,0.025938945290803584
2018-09-21,3.068000078201294,-0.009999990463256836,0.025362041439456348
2018-09-24,3.078000068664551,0.009999990463256836,0.02517320977301257
2018-09-25,3.1019999980926514,0.023999929428100586,0.025241402708657632
2018-09-26,3.061000108718872,-0.0409998893737793,0.02775477911265124
2018-09-27,3.055999994277954,-0.005000114440917969,0.02728298411635609
2018-09-28,3.055999994277954,0.0,0.02728298411635609
2018-10-01,3.0799999237060547,0.023999929428100586,0.026449207244744415
2018-10-02,3.055999994277954,-0.023999929428100586,0.027258609796423902
2018-10-03,3.1610000133514404,0.10500001907348633,0.033356136999865976
2018-10-04,3.197000026702881,0.03600001335144043,0.033614672091031396
2018-10-05,3.2249999046325684,0.0279998779296875,0.032632197271607176
2018-10-08,3.2330000400543213,0.00800013542175293,0.03087113623960863
2018-10-09,3.2079999446868896,-0.02500009536743164,0.03177718604791521
2018-10-10,3.2249999046325684,0.01699995994567871,0.031187514463581104
2018-10-11,3.132999897003174,-0.09200000762939453,0.03825819920430023
2018-10-12,3.1410000324249268,0.00800013542175293,0.03821336460789401
2018-10-15,3.1630001068115234,0.02200007438659668,0.037997990520661745
2018-10-16,3.1559998989105225,-0.0070002079010009766,0.03813984257109019
2018-10-17,3.178999900817871,0.023000001907348633,0.03724231137384541
2018-10-18,3.174999952316284,-0.003999948501586914,0.0367048673459913
2018-10-19,3.197999954223633,0.023000001907348633,0.036855312896048376
2018-10-22,3.196000099182129,-0.0019998550415039062,0.036725878907179495
2018-10-23,3.1659998893737793,-0.03000020980834961,0.037541474890577256
2018-10-24,3.124000072479248,-0.04199981689453125,0.03854928493049365
2018-10-25,3.135999917984009,0.011999845504760742,0.037375891113766234
2018-10-26,3.0769999027252197,-0.05900001525878906,0.039775621522893476
2018-10-29,3.0869998931884766,0.009999990463256836,0.03982288247383767
2018-10-30,3.109999895095825,0.023000001907348633,0.03979519279440674
2018-10-31,3.1589999198913574,0.04900002479553223,0.04064223205171502
2018-11-01,3.1440000534057617,-0.014999866485595703,0.03370996916243306
2018-11-02,3.2139999866485596,0.06999993324279785,0.036284452670073464
2018-11-05,3.2009999752044678,-0.013000011444091797,0.035848689428342885
2018-11-06,3.2139999866485596,0.013000011444091797,0.03592896230248502
2018-11-07,3.2130000591278076,-0.0009999275207519531,0.03550338136817161
2018-11-08,3.2339999675750732,0.020999908447265625,0.035608378664293526
2018-11-09,3.188999891281128,-0.04500007629394531,0.0306387515889917
2018-11-12,3.186000108718872,-0.0029997825622558594,0.03063703878617034
2018-11-13,3.1449999809265137,-0.0410001277923584,0.0316627306378104
2018-11-14,3.119999885559082,-0.02500009536743164,0.03207825318055499
2018-11-15,3.118000030517578,-0.0019998550415039062,0.031575156756188584
2018-11-16,3.0739998817443848,-0.04400014877319336,0.03282624797833784
2018-11-19,3.056999921798706,-0.01699995994567871,0.03228799896214152
2018-11-20,3.0480000972747803,-0.008999824523925781,0.03227302436715693
2018-11-21,3.061000108718872,0.013000011444091797,0.03210763116802951
2018-11-23,3.053999900817871,-0.0070002079010009766,0.030979574887928123
2018-11-26,3.072000026702881,0.018000125885009766,0.03115523789496411
2018-11-27,3.055000066757202,-0.01699995994567871,0.028629507055196932
2018-11-28,3.0439999103546143,-0.01100015640258789,0.028591062277136727
2018-11-29,3.0350000858306885,-0.008999824523925781,0.028036730698056476
2018-11-30,3.013000011444092,-0.02200007438659668,0.025550905700383507
2018-12-03,2.992000102996826,-0.020999908447265625,0.025678621838149528
2018-12-04,2.9240000247955322,-0.06800007820129395,0.02236881901066942
2018-12-06,2.875999927520752,-0.04800009727478027,0.02357677648659368
2018-12-07,2.8499999046325684,-0.026000022888183594,0.022742818522280116
2018-12-10,2.8559999465942383,0.006000041961669922,0.023043490279963143
2018-12-11,2.878999948501587,0.023000001907348633,0.023211920992978582
2018-12-12,2.9059998989105225,0.026999950408935547,0.02415293501961418
2018-12-13,2.9110000133514404,0.005000114440917969,0.024388374869451394
2018-12-14,2.8910000324249268,-0.019999980926513672,0.023604924355967387
2018-12-17,2.8570001125335693,-0.03399991989135742,0.023930390586117158
2018-12-18,2.825000047683716,-0.032000064849853516,0.024165042604818134
2018-12-19,2.7780001163482666,-0.04699993133544922,0.02435962788381629
2018-12-20,2.7890000343322754,0.010999917984008789,0.02495177872312163
2018-12-21,2.7920000553131104,0.003000020980834961,0.025178615122217033
2018-12-24,2.749000072479248,-0.042999982833862305,0.025342242102056545
2018-12-26,2.796999931335449,0.04799985885620117,0.028800875120184855
2018-12-27,2.743000030517578,-0.053999900817871094,0.0293024311497047
2018-12-28,2.7360000610351562,-0.006999969482421875,0.029360876600901142
2018-12-31,2.686000108718872,-0.04999995231628418,0.03030093604911109
2019-01-02,2.6610000133514404,-0.02500009536743164,0.03028961769759943
2019-01-03,2.553999900817871,-0.10700011253356934,0.036015670682040514
2019-01-04,2.6589999198913574,0.10500001907348633,0.04543048402398376
2019-01-07,2.681999921798706,0.023000001907348633,0.044539441580087255
2019-01-08,2.7160000801086426,0.03400015830993652,0.044775527655588045
2019-01-09,2.7279999256134033,0.011999845504760742,0.0447633981460266
2019-01-10,2.7309999465942383,0.003000020980834961,0.044728598198397966
2019-01-11,2.7009999752044678,-0.029999971389770508,0.04450799607850633
2019-01-14,2.7100000381469727,0.009000062942504883,0.04396058963844858
2019-01-15,2.7109999656677246,0.0009999275207519531,0.043904006342847864
2019-01-16,2.7309999465942383,0.019999980926513672,0.04429274734374444
2019-01-17,2.749000072479248,0.018000125885009766,0.044197612643626635
2019-01-18,2.7839999198913574,0.034999847412109375,0.044578551626183543
2019-01-22,2.7300000190734863,-0.053999900817871094,0.044956798391465165
2019-01-23,2.755000114440918,0.02500009536743164,0.04526640496863738
2019-01-24,2.7119998931884766,-0.043000221252441406,0.0461363476541095
2019-01-25,2.753000020980835,0.0410001277923584,0.04620999064452905
2019-01-28,2.74399995803833,-0.009000062942504883,0.04491730151359868
2019-01-29,2.7119998931884766,-0.032000064849853516,0.04390176182517675
2019-01-30,2.694999933242798,-0.01699995994567871,0.044018750030330414
2019-01-31,2.634999990463257,-0.059999942779541016,0.04461456902592285
2019-02-01,2.690999984741211,0.0559999942779541,0.04604410420143683
2019-02-04,2.7239999771118164,0.03299999237060547,0.03918407291120117
2019-02-05,2.7019999027252197,-0.02200007438659668,0.03275284325708818
2019-02-06,2.7019999027252197,0.0,0.032399826162157655
2019-02-07,2.6519999504089355,-0.04999995231628418,0.033288855752645535
2019-02-08,2.631999969482422,-0.019999980926513672,0.033298012672801934
2019-02-11,2.6610000133514404,0.029000043869018555,0.03406807833673969
2019-02-12,2.684000015258789,0.023000001907348633,0.033956775527049864
2019-02-13,2.7079999446868896,0.023999929428100586,0.034329155909658716
2019-02-14,2.6570000648498535,-0.05099987983703613,0.03607709845522032
2019-02-15,2.6659998893737793,0.008999824523925781,0.03581187237894671
2019-02-19,2.6470000743865967,-0.018999814987182617,0.035631836032474364
2019-02-20,2.6540000438690186,0.006999969482421875,0.03457400267389183
2019-02-21,2.687999963760376,0.03399991989135742,0.03381419718898626
2019-02-22,2.6549999713897705,-0.03299999237060547,0.03386724209428746
2019-02-25,2.6730000972747803,0.018000125885009766,0.03302919259591917
2019-02-26,2.635999917984009,-0.037000179290771484,0.03234742925039414
2019-02-27,2.693000078201294,0.057000160217285156,0.0350878486411889
2019-02-28,2.7109999656677246,0.017999887466430664,0.034674877931157186
2019-03-01,2.755000114440918,0.04400014877319336,0.035722944762448285
2019-03-04,2.7219998836517334,-0.03300023078918457,0.0337806154984175
2019-03-05,2.7219998836517334,0.0,0.03162377775505261
2019-03-06,2.691999912261963,-0.029999971389770508,0.03147162585636006
2019-03-07,2.635999917984009,-0.0559999942779541,0.03339355805679659
2019-03-08,2.625,-0.010999917984008789,0.033428048436185
2019-03-11,2.6429998874664307,0.017999887466430664,0.03197746439712617
2019-03-12,2.6050000190734863,-0.037999868392944336,0.03275995908485169
2019-03-13,2.6110000610351562,0.006000041961669922,0.032074104126360296
2019-03-14,2.630000114440918,0.01900005340576172,0.03192738308338167
2019-03-15,2.5929999351501465,-0.037000179290771484,0.032163074394110466
2019-03-18,2.6019999980926514,0.009000062942504883,0.030540951622110724
2019-03-19,2.614000082015991,0.012000083923339844,0.03060497239860727
2019-03-20,2.5350000858306885,-0.07899999618530273,0.03474530247212129
2019-03-21,2.5369999408721924,0.0019998550415039062,0.03467361795785277
2019-03-22,2.4549999237060547,-0.0820000171661377,0.03720206367521318
2019-03-25,2.4200000762939453,-0.034999847412109375,0.03726344889057585
2019-03-26,2.4140000343322754,-0.006000041961669922,0.0366869957253715
2019-03-27,2.374000072479248,-0.039999961853027344,0.036793527707967386
2019-03-28,2.3889999389648438,0.014999866485595703,0.033852063059345586
2019-03-29,2.4140000343322754,0.02500009536743164,0.034220309462248695
2019-04-01,2.496999979019165,0.08299994468688965,0.03834336861556819
2019-04-02,2.4809999465942383,-0.016000032424926758,0.038062594035604955
2019-04-03,2.5169999599456787,0.03600001335144043,0.0393927618536253
2019-04-04,2.51200008392334,-0.004999876022338867,0.03912743857737857
2019-04-05,2.500999927520752,-0.01100015640258789,0.03760261311008276
2019-04-08,2.5190000534057617,0.018000125885009766,0.03795717753646249
2019-04-09,2.499000072479248,-0.019999980926513672,0.037708467792221215
2019-04-10,2.4769999980926514,-0.02200007438659668,0.03720606095922349
2019-04-11,2.503999948501587,0.026999950408935547,0.037824473142112236
2019-04-12,2.559999942779541,0.0559999942779541,0.03981247910171779
2019-04-15,2.552999973297119,-0.006999969482421875,0.039075440046514566
2019-04-16,2.5920000076293945,0.03900003433227539,0.040030757097957906
2019-04-17,2.5920000076293945,0.0,0.039929276466848684
2019-04-18,2.559999942779541,-0.032000064849853516,0.036512486458181885
2019-04-22,2.5899999141693115,0.029999971389770508,0.03705079756534754
2019-04-23,2.569999933242798,-0.019999980926513672,0.03212104309260934
2019-04-24,2.5220000743865967,-0.04799985885620117,0.03305189765717056
2019-04-25,2.5339999198913574,0.011999845504760742,0.032989596950007735
2019-04-26,2.505000114440918,-0.028999805450439453,0.032307726540647556
2019-04-29,2.5360000133514404,0.03099989891052246,0.03271083274748741
2019-04-30,2.509000062942505,-0.026999950408935547,0.03324394908263939
2019-05-01,2.510999917984009,0.0019998550415039062,0.027963047514537643
2019-05-02,2.552000045776367,0.0410001277923584,0.029011148658439838
2019-05-03,2.5309998989105225,-0.021000146865844727,0.02846810072210646
2019-05-06,2.5,-0.03099989891052246,0.029280647328813664
2019-05-07,2.447999954223633,-0.05200004577636719,0.0313075254120667
2019-05-08,2.4820001125335693,0.03400015830993652,0.032018588885137526
2019-05-09,2.4570000171661377,-0.02500009536743164,0.03217918291521068
2019-05-10,2.4549999237060547,-0.002000093460083008,0.03185195897350121
2019-05-13,2.4049999713897705,-0.04999995231628418,0.03287725461738851
2019-05-14,2.4189999103546143,0.01399993896484375,0.030164777227916828
2019-05-15,2.378999948501587,-0.039999961853027344,0.031027627289408444
2019-05-16,2.4049999713897705,0.026000022888183594,0.03015443183968735
2019-05-17,2.3929998874664307,-0.012000083923339844,0.030090882460571285
2019-05-20,2.4159998893737793,0.023000001907348633,0.030424131015320568
2019-05-21,2.4260001182556152,0.010000228881835938,0.02951205841835695
2019-05-22,2.3929998874664307,-0.03300023078918457,0.02991416774662383
2019-05-23,2.2960000038146973,-0.0969998836517334,0.03468559177601468
2019-05-24,2.3239998817443848,0.0279998779296875,0.03537936802799997
2019-05-28,2.2679998874664307,-0.0559999942779541,0.03657477658049686
2019-05-29,2.2360000610351562,-0.031999826431274414,0.03550090652572619
2019-05-30,2.2269999980926514,-0.009000062942504883,0.035395723705438226
2019-05-31,2.1419999599456787,-0.08500003814697266,0.038458520131285
2019-06-03,2.0810000896453857,-0.06099987030029297,0.03710871164876098
2019-06-04,2.11899995803833,0.037999868392944336,0.0393858625081037
2019-06-05,2.122999906539917,0.003999948501586914,0.039620022393969494
2019-06-06,2.124000072479248,0.0010001659393310547,0.03902634785758044
2019-06-07,2.0840001106262207,-0.039999961853027344,0.03765694393311979
2019-06-10,2.1429998874664307,0.05899977684020996,0.04127037292060394
2019-06-11,2.140000104904175,-0.0029997825622558594,0.04125525958912114
2019-06-12,2.127000093460083,-0.013000011444091797,0.04046834643338846
2019-06-13,2.0910000801086426,-0.03600001335144043,0.04025598642395767
2019-06-14,2.0929999351501465,0.0019998550415039062,0.040026794566141395
2019-06-17,2.0859999656677246,-0.006999969482421875,0.03902894435638941
2019-06-18,2.059999942779541,-0.026000022888183594,0.03909124223460535
2019-06-19,2.0290000438690186,-0.03099989891052246,0.03817268224936793
2019-06-20,2.000999927520752,-0.0280001163482666,0.03765483275241298
2019-06-21,2.068000078201294,0.06700015068054199,0.042029261084788966
2019-06-24,2.0209999084472656,-0.04700016975402832,0.038443320162468354
2019-06-25,1.99399995803833,-0.026999950408935547,0.037361920819393775
2019-06-26,2.0490000247955322,0.05500006675720215,0.039184900242184045
2019-06-27,2.005000114440918,-0.04399991035461426,0.03960049672218309
2019-06-28,2.0,-0.005000114440917969,0.03962021187845444
2019-07-01,2.0339999198913574,0.03399991989135742,0.036894813140613165
2019-07-02,1.9759999513626099,-0.05799996852874756,0.03667286770003518
2019-07-03,1.9529999494552612,-0.023000001907348633,0.03549352431619504
2019-07-05,2.0480000972747803,0.09500014781951904,0.041981644022607914
2019-07-08,2.0339999198913574,-0.014000177383422852,0.04202755852921742
2019-07-09,2.053999900817871,0.019999980926513672,0.04151455989087029
2019-07-10,2.061000108718872,0.0070002079010009766,0.03921726143939098
2019-07-11,2.119999885559082,0.05899977684020996,0.04155297075983324
2019-07-12,2.1059999465942383,-0.01399993896484375,0.04156803658818957
2019-07-15,2.0920000076293945,-0.01399993896484375,0.04091392386904758
2019-07-16,2.121999979019165,0.029999971389770508,0.04143367112770709
2019-07-17,2.061000108718872,-0.06099987030029297,0.04359888349621028
2019-07-18,2.0380001068115234,-0.023000001907348633,0.043518367403130136
2019-07-19,2.0480000972747803,0.009999990463256836,0.043024312201366
2019-07-22,2.0429999828338623,-0.005000114440917969,0.04254175230787694
2019-07-23,2.0739998817443848,0.03099989891052246,0.040466204033452344
2019-07-24,2.049999952316284,-0.023999929428100586,0.039420122061221155
2019-07-25,2.0739998817443848,0.023999929428100586,0.03915431404943465
2019-07-26,2.0810000896453857,0.0070002079010009766,0.037377266461092955
2019-07-29,2.055000066757202,-0.026000022888183594,0.03647665332199502
2019-07-30,2.061000108718872,0.006000041961669922,0.03644432767576199
2019-07-31,2.0209999084472656,-0.040000200271606445,0.036862545583895547
2019-08-01,1.8940000534057617,-0.1269998550415039,0.04451391362465044
2019-08-02,1.8550000190734863,-0.03900003433227539,0.04499146013942896
2019-08-05,1.7350000143051147,-0.12000000476837158,0.04563537142520134
2019-08-06,1.7389999628067017,0.003999948501586914,0.045821874503186706
2019-08-07,1.684000015258789,-0.0549999475479126,0.045958068649525875
2019-08-08,1.715999960899353,0.031999945640563965,0.04694095049997152
2019-08-09,1.7339999675750732,0.018000006675720215,0.044432477224294095
2019-08-12,1.6390000581741333,-0.09499990940093994,0.0474466775608984
2019-08-13,1.6799999475479126,0.0409998893737793,0.04940185847010803
2019-08-14,1.5809999704360962,-0.0989999771118164,0.05092039309003448
2019-08-15,1.5290000438690186,-0.05199992656707764,0.0506461208458086
2019-08-16,1.5390000343322754,0.009999990463256836,0.05123072005860883
2019-08-19,1.5980000495910645,0.05900001525878906,0.05389205427517986
2019-08-20,1.5609999895095825,-0.037000060081481934,0.05385670128007955
2019-08-21,1.5770000219345093,0.016000032424926758,0.05320085214331742
2019-08-22,1.6100000143051147,0.03299999237060547,0.054618173685897074
2019-08-23,1.527999997138977,-0.0820000171661377,0.055151588898366403
2019-08-26,1.5449999570846558,0.01699995994567871,0.05549287171141675
2019-08-27,1.4900000095367432,-0.0549999475479126,0.055864901491078596
2019-08-28,1.465999960899353,-0.024000048637390137,0.05536271220263514
2019-08-29,1.5160000324249268,0.05000007152557373,0.0578424105794747
2019-08-30,1.50600004196167,-0.009999990463256836,0.05284941115578187
2019-09-03,1.465999960899353,-0.040000081062316895,0.05286927617482769
2019-09-04,1.4589999914169312,-0.006999969482421875,0.04750291600536962
2019-09-05,1.565000057220459,0.10600006580352783,0.05410003299191133
2019-09-06,1.5499999523162842,-0.015000104904174805,0.053067383867216794
2019-09-09,1.621999979019165,0.07200002670288086,0.05518932805089899
2019-09-10,1.7020000219345093,0.08000004291534424,0.05803673200817614
2019-09-11,1.7330000400543213,0.03100001811981201,0.05428133361366859
2019-09-12,1.7910000085830688,0.05799996852874756,0.05497559267977223
2019-09-13,1.902999997138977,0.1119999885559082,0.0542396066343357
2019-09-16,1.840999960899353,-0.06200003623962402,0.05490019067993291
2019-09-17,1.812000036239624,-0.028999924659729004,0.05572613417926909
2019-09-18,1.7860000133514404,-0.026000022888183594,0.05530325174904818
2019-09-19,1.7740000486373901,-0.011999964714050293,0.05452825184561874
2019-09-20,1.7549999952316284,-0.01900005340576172,0.05487407142603946
2019-09-23,1.7079999446868896,-0.04700005054473877,0.05585459171843915
2019-09-24,1.6349999904632568,-0.07299995422363281,0.05518688299654095
2019-09-25,1.7319999933242798,0.09700000286102295,0.05869916622104717
2019-09-26,1.684999942779541,-0.04700005054473877,0.05828821960633232
2019-09-27,1.6749999523162842,-0.009999990463256836,0.05796766079889839
2019-09-30,1.6749999523162842,0.0,0.05726306765087786
2019-10-01,1.6440000534057617,-0.03099989891052246,0.05776641363954325
2019-10-02,1.5959999561309814,-0.04800009727478027,0.05811422768842106
2019-10-03,1.5360000133514404,-0.059999942779541016,0.05984091038276605
2019-10-04,1.5149999856948853,-0.021000027656555176,0.0552209035848424
2019-10-07,1.5529999732971191,0.03799998760223389,0.0558231937224061
2019-10-08,1.5369999408721924,-0.016000032424926758,0.05341018488515807
2019-10-09,1.5889999866485596,0.05200004577636719,0.05152327377636611
2019-10-10,1.6579999923706055,0.0690000057220459,0.05349445999084284
2019-10-11,1.7519999742507935,0.09399998188018799,0.0560805554639415
2019-10-14,1.7330000400543213,-0.018999934196472168,0.049706042390945226
2019-10-15,1.7710000276565552,0.03799998760223389,0.04906967722562953
2019-10-16,1.7480000257492065,-0.023000001907348633,0.048930028675300045
2019-10-17,1.7569999694824219,0.008999943733215332,0.048704697855087915
2019-10-18,1.746999979019165,-0.009999990463256836,0.048684846613043696
2019-10-21,1.7920000553131104,0.04500007629394531,0.0495165701601885
2019-10-22,1.7680000066757202,-0.024000048637390137,0.04863053246378359
2019-10-23,1.7589999437332153,-0.009000062942504883,0.045546580866108036
2019-10-24,1.7660000324249268,0.007000088691711426,0.04050121198012688
2019-10-25,1.8009999990463257,0.034999966621398926,0.03952040078792076
2019-10-28,1.8530000448226929,0.05200004577636719,0.04060372247322078
2019-10-29,1.8350000381469727,-0.018000006675720215,0.0409798489260238
2019-10-30,1.7979999780654907,-0.037000060081481934,0.041282373824773295
2019-10-31,1.690999984741211,-0.10699999332427979,0.04686643098738193
2019-11-01,1.7280000448226929,0.037000060081481934,0.044929161687649585
2019-11-04,1.7860000133514404,0.05799996852874756,0.04558169837981508
2019-11-05,1.8660000562667847,0.08000004291534424,0.047613984601675444
2019-11-06,1.8140000104904175,-0.05200004577636719,0.04939699561928696
2019-11-07,1.9259999990463257,0.1119999885559082,0.05333243474866712
2019-11-08,1.9329999685287476,0.006999969482421875,0.05195278090378088
2019-11-11,1.9429999589920044,0.009999990463256836,0.04853340691814752
2019-11-12,1.909000039100647,-0.03399991989135742,0.049074928115261596
2019-11-13,1.8700000047683716,-0.03900003433227539,0.049624746117064106
2019-11-14,1.815000057220459,-0.0549999475479126,0.0509908102752493
2019-11-15,1.8339999914169312,0.018999934196472168,0.05109436454942498
2019-11-18,1.8079999685287476,-0.026000022888183594,0.05142656231659464
2019-11-19,1.7860000133514404,-0.02199995517730713,0.050758395118910206
2019-11-20,1.7380000352859497,-0.04799997806549072,0.05158252916890439
2019-11-21,1.7719999551773071,0.03399991989135742,0.05211763096916641
2019-11-22,1.7740000486373901,0.002000093460083008,0.05209843965549162
2019-11-25,1.7640000581741333,-0.009999990463256836,0.05152562847752015
2019-11-26,1.7400000095367432,-0.024000048637390137,0.050213020046082336
2019-11-27,1.7669999599456787,0.026999950408935547,0.050606225773554184
2019-11-29,1.7760000228881836,0.009000062942504883,0.050064429431143184
2019-12-02,1.8359999656677246,0.059999942779541016,0.04544325789366854
2019-12-03,1.7089999914169312,-0.12699997425079346,0.05340682653624132
2019-12-04,1.781000018119812,0.07200002670288086,0.05425946461596955
2019-12-05,1.7970000505447388,0.016000032424926758,0.05124073590902962
2019-12-06,1.8420000076293945,0.04499995708465576,0.05100129052507754
2019-12-09,1.8289999961853027,-0.013000011444091797,0.04429273148368486
2019-12-10,1.8329999446868896,0.003999948501586914,0.044258207263285575
2019-12-11,1.7899999618530273,-0.042999982833862305,0.04488109478214453
2019-12-12,1.8969999551773071,0.10699999332427979,0.05083655889264598
2019-12-13,1.819000005722046,-0.07799994945526123,0.05297787459806158
2019-12-16,1.8919999599456787,0.07299995422363281,0.053980842686631766
2019-12-17,1.8890000581741333,-0.00299990177154541,0.05388177526103021
2019-12-18,1.9240000247955322,0.034999966621398926,0.05390602750215818
2019-12-19,1.9079999923706055,-0.016000032424926758,0.053768578136517295
2019-12-20,1.9170000553131104,0.009000062942504883,0.05233603087259486
2019-12-23,1.934999942779541,0.017999887466430664,0.05206235487786588
2019-12-24,1.909999966621399,-0.02499997615814209,0.05254293662515713
2019-12-26,1.9049999713897705,-0.004999995231628418,0.052475828554245756
2019-12-27,1.8739999532699585,-0.03100001811981201,0.052702427200875514
2019-12-30,1.8949999809265137,0.021000027656555176,0.052601224636781185
2019-12-31,1.9190000295639038,0.024000048637390137,0.052744291920400435
2020-01-02,1.8819999694824219,-0.037000060081481934,0.05209664959974797
2020-01-03,1.7879999876022339,-0.09399998188018799,0.04836930462500798
2020-01-06,1.8109999895095825,0.023000001907348633,0.04603863715784526
2020-01-07,1.8270000219345093,0.016000032424926758,0.04603863715784526
2020-01-08,1.8739999532699585,0.04699993133544922,0.04613524409655224
2020-01-09,1.8580000400543213,-0.015999913215637207,0.04618707929779496
2020-01-10,1.8250000476837158,-0.03299999237060547,0.04678403893920237
2020-01-13,1.8480000495910645,0.023000001907348633,0.045987924574314595
2020-01-14,1.8179999589920044,-0.03000009059906006,0.03975662932830353
2020-01-15,1.7879999876022339,-0.029999971389770508,0.0365234350578893
2020-01-16,1.809000015258789,0.021000027656555176,0.03279401529999677
2020-01-17,1.8359999656677246,0.026999950408935547,0.03348375091853202
2020-01-21,1.7690000534057617,-0.06699991226196289,0.03512615639811081
2020-01-22,1.7690000534057617,0.0,0.03510337349467975
2020-01-23,1.7400000095367432,-0.029000043869018555,0.03523714440907367
2020-01-24,1.680999994277954,-0.05900001525878906,0.036338548029570435
2020-01-27,1.6050000190734863,-0.07599997520446777,0.038860794980536406
2020-01-28,1.6410000324249268,0.03600001335144043,0.040364051773990633
2020-01-29,1.593999981880188,-0.04700005054473877,0.04087704745814724
2020-01-30,1.5579999685287476,-0.03600001335144043,0.04037260490176308
2020-01-31,1.5199999809265137,-0.03799998760223389,0.03955628105812405
2020-02-03,1.5199999809265137,0.0,0.03953845896309816
2020-02-04,1.6030000448226929,0.0830000638961792,0.04118812810864062
2020-02-05,1.6490000486373901,0.046000003814697266,0.04236524857015781
2020-02-06,1.6440000534057617,-0.004999995231628418,0.042023971896516556
2020-02-07,1.5779999494552612,-0.06600010395050049,0.04176710883494987
2020-02-10,1.5470000505447388,-0.03099989891052246,0.041929257749123414
2020-02-11,1.590000033378601,0.042999982833862305,0.04353001924202577
2020-02-12,1.6299999952316284,0.039999961853027344,0.04434803368921732
2020-02-13,1.6169999837875366,-0.013000011444091797,0.04412660692997318
2020-02-14,1.5880000591278076,-0.028999924659729004,0.044103992027797
2020-02-18,1.555999994277954,-0.032000064849853516,0.04378524732279286
2020-02-19,1.5700000524520874,0.0140000581741333,0.04329473348973653
2020-02-20,1.524999976158142,-0.04500007629394531,0.04216573211919693
2020-02-21,1.4709999561309814,-0.054000020027160645,0.043058835454824744
2020-02-24,1.3769999742507935,-0.09399998188018799,0.04638443134473966
2020-02-25,1.3300000429153442,-0.04699993133544922,0.04591639359436945
2020-02-26,1.309999942779541,-0.020000100135803223,0.04388221432762649
2020-02-27,1.2990000247955322,-0.010999917984008789,0.04237470185652985
2020-02-28,1.1269999742507935,-0.17200005054473877,0.054070252220365246
2020-03-02,1.0880000591278076,-0.03899991512298584,0.05411237528219855
2020-03-03,1.0099999904632568,-0.07800006866455078,0.05537884278706761
2020-03-04,0.9919999837875366,-0.018000006675720215,0.055122867398186955
2020-03-05,0.9259999990463257,-0.06599998474121094,0.049843671906730516
2020-03-06,0.7059999704360962,-0.2200000286102295,0.06142142978990728
2020-03-09,0.49900001287460327,-0.20699995756149292,0.07006827185028085
2020-03-10,0.7480000257492065,0.24900001287460327,0.09629674385524511
2020-03-11,0.8199999928474426,0.07199996709823608,0.09932798279743403
2020-03-12,0.8489999771118164,0.02899998426437378,0.09882669104374722
2020-03-13,0.9509999752044678,0.10199999809265137,0.10206142355069846
2020-03-16,0.7279999852180481,-0.22299998998641968,0.11004787144613576
2020-03-17,0.996999979019165,0.26899999380111694,0.12937012432610767
2020-03-18,1.2660000324249268,0.2690000534057617,0.1446888520540164
2020-03-19,1.11899995803833,-0.14700007438659668,0.14738203644034908
2020-03-20,0.9380000233650208,-0.18099993467330933,0.15140062479584895
2020-03-23,0.7639999985694885,-0.17400002479553223,0.15466232649574554
2020-03-24,0.8159999847412109,0.05199998617172241,0.15509550661777674
2020-03-25,0.8579999804496765,0.041999995708465576,0.15572817320044477
2020-03-26,0.8109999895095825,-0.046999990940093994,0.15581813921479468
2020-03-27,0.7490000128746033,-0.06199997663497925,0.15600661441113886
2020-03-30,0.6700000166893005,-0.07899999618530273,0.15295061796385243
2020-03-31,0.6980000138282776,0.02799999713897705,0.15327151838720124
2020-04-01,0.6349999904632568,-0.06300002336502075,0.15301545501364633
2020-04-02,0.6269999742507935,-0.008000016212463379,0.15303054762050022
2020-04-03,0.5870000123977661,-0.039999961853027344,0.1527223933929145
2020-04-06,0.6759999990463257,0.08899998664855957,0.14687292891942316
2020-04-07,0.7360000014305115,0.06000000238418579,0.13956222731755716
2020-04-08,0.7639999985694885,0.02799999713897705,0.12864638022455416
2020-04-09,0.7289999723434448,-0.0350000262260437,0.12779997777680302
2020-04-13,0.7490000128746033,0.020000040531158447,0.12769765704670996
2020-04-14,0.7519999742507935,0.0029999613761901855,0.12536531830504344
2020-04-15,0.6380000114440918,-0.11399996280670166,0.11813050082904074
2020-04-16,0.609000027179718,-0.02899998426437378,0.1001981189645139
2020-04-17,0.6539999842643738,0.04499995708465576,0.07739203997584951
2020-04-20,0.6259999871253967,-0.02799999713897705,0.07253523483178143
2020-04-21,0.5709999799728394,-0.05500000715255737,0.06350245168287029
2020-04-22,0.6190000176429749,0.0480000376701355,0.05389424625635905
2020-04-23,0.6129999756813049,-0.006000041961669922,0.0521836441027297
2020-04-24,0.5960000157356262,-0.01699995994567871,0.05083366292116313
2020-04-27,0.656000018119812,0.06000000238418579,0.05253424629942329
2020-04-28,0.6100000143051147,-0.046000003814697266,0.051813581004298184
2020-04-29,0.6269999742507935,0.01699995994567871,0.049281306079447154
2020-04-30,0.621999979019165,-0.004999995231628418,0.04879904846013948
2020-05-01,0.6420000195503235,0.020000040531158447,0.04708006786732059
2020-05-04,0.6370000243186951,-0.004999995231628418,0.04705806354973922
2020-05-05,0.6570000052452087,0.019999980926513672,0.046292903266396714
2020-05-06,0.7110000252723694,0.054000020027160645,0.04360657190207994
2020-05-07,0.6309999823570251,-0.08000004291534424,0.044924382061080494
2020-05-08,0.6819999814033508,0.050999999046325684,0.04603575334173762
2020-05-11,0.7260000109672546,0.04400002956390381,0.0465921530573998
2020-05-12,0.6779999732971191,-0.0480000376701355,0.04747681391968938
2020-05-13,0.6489999890327454,-0.02899998426437378,0.0477743728759739
2020-05-14,0.6190000176429749,-0.029999971389770508,0.04125519403876476
2020-05-15,0.6399999856948853,0.0209999680519104,0.04099466365093172
2020-05-18,0.7440000176429749,0.1040000319480896,0.04585973543050023
2020-05-19,0.7110000252723694,-0.03299999237060547,0.04604832948964977
2020-05-20,0.6800000071525574,-0.03100001811981201,0.04479021045571091
2020-05-21,0.6769999861717224,-0.003000020980834961,0.043722893000951175
2020-05-22,0.6570000052452087,-0.019999980926513672,0.04396920847777658
2020-05-26,0.6980000138282776,0.04100000858306885,0.04452785083297752
2020-05-27,0.6800000071525574,-0.018000006675720215,0.04292236593947327
2020-05-28,0.7049999833106995,0.02499997615814209,0.041805056713166214
2020-05-29,0.6480000019073486,-0.05699998140335083,0.043773288742492075
2020-06-01,0.6620000004768372,0.013999998569488525,0.0438393804995464
2020-06-02,0.6800000071525574,0.018000006675720215,0.043800258543071624
2020-06-03,0.7609999775886536,0.08099997043609619,0.047032871570154684
2020-06-04,0.8199999928474426,0.05900001525878906,0.0483682862869726
2020-06-05,0.9039999842643738,0.08399999141693115,0.050210182181812266
2020-06-08,0.8840000033378601,-0.019999980926513672,0.04644725680362063
2020-06-09,0.8289999961853027,-0.05500000715255737,0.04774411068044116
2020-06-10,0.7480000257492065,-0.08099997043609619,0.05060679166835039
2020-06-11,0.652999997138977,-0.09500002861022949,0.05382157322157635
2020-06-12,0.6990000009536743,0.046000003814697266,0.054369545849082636
2020-06-15,0.7020000219345093,0.003000020980834961,0.05386137399939365
2020-06-16,0.7559999823570251,0.05399996042251587,0.05485582696240567
2020-06-17,0.7329999804496765,-0.023000001907348633,0.05026491241476621
2020-06-18,0.6940000057220459,-0.038999974727630615,0.05047535385754603
2020-06-19,0.6970000267028809,0.003000020980834961,0.05000161294565732
2020-06-22,0.7039999961853027,0.006999969482421875,0.050011135267641754
2020-06-23,0.7089999914169312,0.004999995231628418,0.04977611184373841
2020-06-24,0.6840000152587891,-0.02499997615814209,0.049303474935625015
2020-06-25,0.6740000247955322,-0.009999990463256836,0.04919363344950682
2020-06-26,0.6359999775886536,-0.03800004720687866,0.04949458362862666
2020-06-29,0.6359999775886536,0.0,0.047940137382002965
2020-06-30,0.652999997138977,0.017000019550323486,0.047990174084808164
2020-07-01,0.6819999814033508,0.02899998426437378,0.0482606473719759
2020-07-02,0.6690000295639038,-0.012999951839447021,0.04460210115009377
2020-07-06,0.6840000152587891,0.014999985694885254,0.042457762458434654
2020-07-07,0.6499999761581421,-0.03400003910064697,0.037391046322974054
2020-07-08,0.652999997138977,0.003000020980834961,0.037484662414959145
2020-07-09,0.6050000190734863,-0.04799997806549072,0.03710300710596014
2020-07-10,0.6330000162124634,0.02799999713897705,0.03428938479403866
2020-07-13,0.6399999856948853,0.006999969482421875,0.027532659428285217
2020-07-14,0.6150000095367432,-0.02499997615814209,0.02582827216706086
2020-07-15,0.6299999952316284,0.014999985694885254,0.026121959069956385
2020-07-16,0.6119999885559082,-0.018000006675720215,0.022709654628912293
2020-07-17,0.628000020980835,0.016000032424926758,0.02291724035401846
2020-07-20,0.6200000047683716,-0.008000016212463379,0.021576883489890692
2020-07-21,0.6069999933242798,-0.013000011444091797,0.021617453057719154
2020-07-22,0.5950000286102295,-0.011999964714050293,0.021518873248957224
2020-07-23,0.5820000171661377,-0.013000011444091797,0.021451052099931388
2020-07-24,0.5889999866485596,0.006999969482421875,0.021172197137655606
2020-07-27,0.609000027179718,0.020000040531158447,0.02178739560718877
2020-07-28,0.5809999704360962,-0.028000056743621826,0.021084300488422466
2020-07-29,0.5789999961853027,-0.001999974250793457,0.021076394272358363
2020-07-30,0.5410000085830688,-0.03799998760223389,0.02190509903770649
2020-07-31,0.5360000133514404,-0.004999995231628418,0.02044866032098792
2020-08-03,0.5630000233650208,0.027000010013580322,0.021682891256193992
2020-08-04,0.5149999856948853,-0.0480000376701355,0.023083499622877195
2020-08-05,0.5429999828338623,0.02799999713897705,0.023558240558718146
2020-08-06,0.5360000133514404,-0.006999969482421875,0.02348738688879178
2020-08-07,0.5619999766349792,0.02599996328353882,0.022325944798702282
2020-08-10,0.5740000009536743,0.012000024318695068,0.021507257809054013
2020-08-11,0.6579999923706055,0.08399999141693115,0.028643127589546746
2020-08-12,0.6700000166893005,0.012000024318695068,0.028106011691737716
2020-08-13,0.7160000205039978,0.046000003814697266,0.029565026312991415
2020-08-14,0.7089999914169312,-0.00700002908706665,0.029249751129160506
2020-08-17,0.6830000281333923,-0.02599996328353882,0.029862146493904125
2020-08-18,0.6690000295639038,-0.013999998569488525,0.02999722468202797
2020-08-19,0.675000011920929,0.0059999823570251465,0.029797493280173226
2020-08-20,0.6439999938011169,-0.03100001811981201,0.030561962888257573
2020-08-21,0.6399999856948853,-0.0040000081062316895,0.03039886029731181
2020-08-24,0.6460000276565552,0.006000041961669922,0.030392672531645428
2020-08-25,0.6819999814033508,0.035999953746795654,0.03104129414398027
2020-08-26,0.6869999766349792,0.004999995231628418,0.030191844529783848
2020-08-27,0.7459999918937683,0.05900001525878906,0.03233802062323954
2020-08-28,0.7289999723434448,-0.017000019550323486,0.031148799129443752
2020-08-31,0.6930000185966492,-0.035999953746795654,0.03254630197778191
2020-09-01,0.671999990940094,-0.021000027656555176,0.03279118516038418
2020-09-02,0.6510000228881836,-0.0209999680519104,0.031086356097133203
2020-09-03,0.621999979019165,-0.029000043869018555,0.03159731424630265
2020-09-04,0.7210000157356262,0.09900003671646118,0.03767442205888384
2020-09-08,0.6840000152587891,-0.03700000047683716,0.0387306358630955
2020-09-09,0.703000009059906,0.018999993801116943,0.03881660466250341
2020-09-10,0.6850000023841858,-0.018000006675720215,0.03475650442171869
2020-09-11,0.6690000295639038,-0.015999972820281982,0.03486183961911758
2020-09-14,0.6710000038146973,0.001999974250793457,0.03324046912537526
2020-09-15,0.6790000200271606,0.008000016212463379,0.03329200143241685
2020-09-16,0.6869999766349792,0.007999956607818604,0.03286125650250808
2020-09-17,0.6840000152587891,-0.0029999613761901855,0.032711076875158604
2020-09-18,0.6940000057220459,0.009999990463256836,0.03275501093568456
2020-09-21,0.6710000038146973,-0.023000001907348633,0.03241009869296576
2020-09-22,0.6639999747276306,-0.00700002908706665,0.03244115908319893
2020-09-23,0.6759999990463257,0.012000024318695068,0.03251241887231922
2020-09-24,0.6660000085830688,-0.009999990463256836,0.03160365278287974
2020-09-25,0.6589999794960022,-0.00700002908706665,0.03160274904845287
2020-09-28,0.6629999876022339,0.0040000081062316895,0.02847714775520463
2020-09-29,0.6449999809265137,-0.018000006675720215,0.028500882602724282
2020-09-30,0.6769999861717224,0.03200000524520874,0.02854629507864629
2020-10-01,0.6769999861717224,0.0,0.028167195586752097
2020-10-02,0.6959999799728394,0.018999993801116943,0.028011231084265314
2020-10-05,0.7620000243186951,0.06600004434585571,0.030307325101822116
2020-10-06,0.7419999837875366,-0.020000040531158447,0.022228368641402093
2020-10-07,0.7850000262260437,0.04300004243850708,0.02224550402827078
2020-10-08,0.7649999856948853,-0.020000040531158447,0.022626273859625477
2020-10-09,0.7749999761581421,0.009999990463256836,0.02214982885319634
2020-10-12,0.7770000100135803,0.0020000338554382324,0.02166862369910815
2020-10-13,0.7269999980926514,-0.050000011920928955,0.024791814599665774
2020-10-14,0.722000002861023,-0.004999995231628418,0.024814277009282574
2020-10-15,0.7310000061988831,0.009000003337860107,0.02482722756661884
2020-10-16,0.7440000176429749,0.013000011444091797,0.024908419376996116
2020-10-19,0.7609999775886536,0.01699995994567871,0.025055191883025112
2020-10-20,0.796999990940094,0.03600001335144043,0.025278464707344604
2020-10-21,0.8159999847412109,0.018999993801116943,0.025246607832328512
2020-10-22,0.8479999899864197,0.03200000524520874,0.025806251914631945
2020-10-23,0.8410000205039978,-0.006999969482421875,0.02570863740599163
2020-10-26,0.8009999990463257,-0.04000002145767212,0.02762953568762931
2020-10-27,0.777999997138977,-0.023000001907348633,0.02838243611861141
2020-10-28,0.781000018119812,0.003000020980834961,0.027879430687165082
2020-10-29,0.8349999785423279,0.05399996042251587,0.029265379798744103
2020-10-30,0.8600000143051147,0.025000035762786865,0.029451908170230613
2020-11-02,0.8489999771118164,-0.01100003719329834,0.02965493170046044
2020-11-03,0.8820000290870667,0.033000051975250244,0.027157224603877414
2020-11-04,0.7680000066757202,-0.11400002241134644,0.03741645644605617
2020-11-05,0.7760000228881836,0.008000016212463379,0.03622371754557121
2020-11-06,0.8199999928474426,0.04399996995925903,0.03717456084528703
2020-11-09,0.9580000042915344,0.1380000114440918,0.04750383969248035
2020-11-10,0.972000002861023,0.013999998569488525,0.04749120769061274
2020-11-11,0.9580000042915344,-0.013999998569488525,0.045866114367044755
2020-11-12,0.8849999904632568,-0.07300001382827759,0.049322317900659586
2020-11-13,0.8930000066757202,0.008000016212463379,0.04932154552112667
2020-11-16,0.906000018119812,0.013000011444091797,0.04932154552112667
2020-11-17,0.871999979019165,-0.03400003910064697,0.05009106759931187
2020-11-18,0.8820000290870667,0.010000050067901611,0.049612985940081046
2020-11-19,0.8539999723434448,-0.028000056743621826,0.04996361524098304
2020-11-20,0.8289999961853027,-0.02499997615814209,0.04978947018502732
2020-11-23,0.8569999933242798,0.02799999713897705,0.050159658652816824
2020-11-24,0.8820000290870667,0.025000035762786865,0.04951999032030941
2020-11-25,0.878000020980835,-0.0040000081062316895,0.04917714250721482
2020-11-27,0.8420000076293945,-0.03600001335144043,0.049976908681373236
2020-11-30,0.843999981880188,0.001999974250793457,0.048587634984543625
2020-12-01,0.9340000152587891,0.09000003337860107,0.052169562448840204
2020-12-02,0.9480000138282776,0.013999998569488525,0.05210677083803284
2020-12-03,0.9200000166893005,-0.02799999713897705,0.05215134730990333
2020-12-04,0.968999981880188,0.04899996519088745,0.04579582797339616
2020-12-07,0.9279999732971191,-0.04100000858306885,0.047109353927690875
2020-12-08,0.9129999876022339,-0.014999985694885254,0.046563483238489176
2020-12-09,0.9409999847412109,0.02799999713897705,0.03570801819425103
2020-12-10,0.9079999923706055,-0.03299999237060547,0.0362028763064202
2020-12-11,0.8930000066757202,-0.014999985694885254,0.03621865671833943
2020-12-14,0.8920000195503235,-0.0009999871253967285,0.03248590229133785
2020-12-15,0.9229999780654907,0.030999958515167236,0.0331384598418518
2020-12-16,0.9200000166893005,-0.0029999613761901855,0.03304290666255035
2020-12-17,0.9300000071525574,0.009999990463256836,0.03211682850504698
2020-12-18,0.9480000138282776,0.018000006675720215,0.032254127533925966
2020-12-21,0.9409999847412109,-0.00700002908706665,0.03155833637126031
2020-12-22,0.9179999828338623,-0.023000001907348633,0.03146888263141415
2020-12-23,0.9549999833106995,0.03700000047683716,0.031867435416146596
2020-12-24,0.9279999732971191,-0.027000010013580322,0.03222672736422565
2020-12-28,0.9330000281333923,0.005000054836273193,0.03220011926958811
2020-12-29,0.9350000023841858,0.001999974250793457,0.030965418708074777
2020-12-30,0.9259999990463257,-0.009000003337860107,0.031101293996034257
2020-12-31,0.9169999957084656,-0.009000003337860107,0.024117662086448537
2021-01-04,0.9169999957084656,0.0,0.023880151285673404
2021-01-05,0.9549999833106995,0.03799998760223389,0.024548584951792348
2021-01-06,1.0420000553131104,0.08700007200241089,0.029176400745464973
2021-01-07,1.0709999799728394,0.028999924659729004,0.027807591189524646
2021-01-08,1.1050000190734863,0.03400003910064697,0.027941526883877733
2021-01-11,1.1319999694824219,0.026999950408935547,0.02790861419224233
2021-01-12,1.1380000114440918,0.006000041961669922,0.026213506148060787
2021-01-13,1.0880000591278076,-0.04999995231628418,0.02891909968281823
2021-01-14,1.128999948501587,0.0409998893737793,0.02961611053251954
2021-01-15,1.097000002861023,-0.031999945640563965,0.030690615129039523
2021-01-19,1.0920000076293945,-0.004999995231628418,0.03073046555479916
2021-01-20,1.090000033378601,-0.001999974250793457,0.030806609753186068
2021-01-21,1.1089999675750732,0.018999934196472168,0.03082422484297963
2021-01-22,1.090999960899353,-0.018000006675720215,0.031177364360866405
2021-01-25,1.0399999618530273,-0.050999999046325684,0.03307206325181244
2021-01-26,1.0399999618530273,0.0,0.032303979271131315
2021-01-27,1.0140000581741333,-0.025999903678894043,0.03225662122692073
2021-01-28,1.0570000410079956,0.042999982833862305,0.033357001347564155
2021-01-29,1.093000054359436,0.03600001335144043,0.03397735995019008
2021-02-01,1.0770000219345093,-0.016000032424926758,0.03418129694303802
2021-02-02,1.1050000190734863,0.02799999713897705,0.034258528274275786
2021-02-03,1.13100004196167,0.026000022888183594,0.03438838580867061
2021-02-04,1.1390000581741333,0.008000016212463379,0.03379333797622867
2021-02-05,1.1699999570846558,0.03099989891052246,0.029209397070886538
2021-02-08,1.159999966621399,-0.009999990463256836,0.02891866234770182
2021-02-09,1.156999945640564,-0.003000020980834961,0.028131127713419565
2021-02-10,1.1330000162124634,-0.023999929428100586,0.028109535870091695
2021-02-11,1.1579999923706055,0.02499997615814209,0.028611989166943918
2021-02-12,1.2000000476837158,0.04200005531311035,0.027439608477449272
2021-02-16,1.2990000247955322,0.0989999771118164,0.0334662429227043
2021-02-17,1.3009999990463257,0.001999974250793457,0.03222907785142153
2021-02-18,1.2869999408721924,-0.0140000581741333,0.03249328547968402
2021-02-19,1.3450000286102295,0.05800008773803711,0.03405184789127726
2021-02-22,1.3700000047683716,0.02499997615814209,0.03413732458241272
2021-02-23,1.3619999885559082,-0.008000016212463379,0.03375929908140645
2021-02-24,1.3890000581741333,0.027000069618225098,0.030511432050491883
2021-02-25,1.5180000066757202,0.12899994850158691,0.03884571709515451
2021-02-26,1.4600000381469727,-0.05799996852874756,0.04139794619418748
2021-03-01,1.4459999799728394,-0.0140000581741333,0.04176675236899658
2021-03-02,1.4149999618530273,-0.03100001811981201,0.042908426549030404
2021-03-03,1.4700000286102295,0.05500006675720215,0.04311280763581879
2021-03-04,1.5499999523162842,0.07999992370605469,0.04511941215159103
2021-03-05,1.5540000200271606,0.004000067710876465,0.04525735177700713
2021-03-08,1.5959999561309814,0.0419999361038208,0.045409136648684324
2021-03-09,1.5460000038146973,-0.04999995231628418,0.04795403487093602
2021-03-10,1.5199999809265137,-0.026000022888183594,0.048543049799462154
2021-03-11,1.5269999504089355,0.006999969482421875,0.048384364415761605
2021-03-12,1.6349999904632568,0.10800004005432129,0.0511995141478258
2021-03-15,1.6069999933242798,-0.02799999713897705,0.05243421955014111
2021-03-16,1.621000051498413,0.0140000581741333,0.05223932640600017
2021-03-17,1.6410000324249268,0.019999980926513672,0.04901442719942645
2021-03-18,1.7300000190734863,0.08899998664855957,0.051366884163487225
2021-03-19,1.7319999933242798,0.001999974250793457,0.05094763383848424
2021-03-22,1.684000015258789,-0.04799997806549072,0.05235004850945056
2021-03-23,1.6380000114440918,-0.046000003814697266,0.05401564153820101
2021-03-24,1.6139999628067017,-0.024000048637390137,0.054434356777419146
2021-03-25,1.6139999628067017,0.0,0.05438118577961055
2021-03-26,1.659999966621399,0.046000003814697266,0.047995730685704625
2021-03-29,1.7209999561309814,0.06099998950958252,0.04698145404425907
2021-03-30,1.7259999513626099,0.004999995231628418,0.046628672155377776
2021-03-31,1.746000051498413,0.020000100135803223,0.04551911877976469
2021-04-01,1.6790000200271606,-0.06700003147125244,0.047979655176715215
2021-04-05,1.7200000286102295,0.04100000858306885,0.04583983794972702
2021-04-06,1.656000018119812,-0.06400001049041748,0.048469876637326326
2021-04-07,1.652999997138977,-0.003000020980834961,0.047734839667942695
2021-04-08,1.6319999694824219,-0.021000027656555176,0.04653806431608735
2021-04-09,1.6660000085830688,0.03400003910064697,0.04643973097780201
2021-04-12,1.6749999523162842,0.008999943733215332,0.04644188413379242
2021-04-13,1.6230000257492065,-0.05199992656707764,0.0419601872568392
2021-04-14,1.6380000114440918,0.014999985694885254,0.0416024285156024
2021-04-15,1.5299999713897705,-0.10800004005432129,0.0478198055837861
2021-04-16,1.5729999542236328,0.042999982833862305,0.04866097946663468
2021-04-19,1.6009999513626099,0.02799999713897705,0.044524477677293284
2021-04-20,1.562000036239624,-0.03899991512298584,0.04504543004192911
2021-04-21,1.5640000104904175,0.001999974250793457,0.04414311542988532
2021-04-22,1.5540000200271606,-0.009999990463256836,0.04318912285767746
2021-04-23,1.5670000314712524,0.013000011444091797,0.04308701335075392
2021-04-26,1.5700000524520874,0.003000020980834961,0.043099776440224995
2021-04-27,1.621999979019165,0.05199992656707764,0.04345298311774289
2021-04-28,1.6200000047683716,-0.001999974250793457,0.04100563158666672
2021-04-29,1.6399999856948853,0.019999980926513672,0.04131452950421752
2021-04-30,1.63100004196167,-0.008999943733215332,0.04095194142567418
2021-05-03,1.6069999933242798,-0.024000048637390137,0.03873701907177071
2021-05-04,1.5920000076293945,-0.014999985694885254,0.03743113569768848
2021-05-05,1.5839999914169312,-0.008000016212463379,0.03501651804148703
2021-05-06,1.5609999895095825,-0.023000001907348633,0.03527530319991262
2021-05-07,1.5770000219345093,0.016000032424926758,0.035327709050074894
2021-05-10,1.6019999980926514,0.02499997615814209,0.034913418870762665
2021-05-11,1.6239999532699585,0.02199995517730713,0.03525133042189558
2021-05-12,1.6950000524520874,0.0710000991821289,0.03678800583303358
2021-05-13,1.6679999828338623,-0.027000069618225098,0.03726603810228388
2021-05-14,1.6349999904632568,-0.03299999237060547,0.028911934933450296
2021-05-17,1.6399999856948853,0.004999995231628418,0.027572848189551885
2021-05-18,1.6419999599456787,0.001999974250793457,0.0269805056067512
2021-05-19,1.6829999685287476,0.04100000858306885,0.026553548667540925
2021-05-20,1.6339999437332153,-0.04900002479553223,0.029122738776912918
2021-05-21,1.6319999694824219,-0.001999974250793457,0.028991634434049316
2021-05-24,1.6080000400543213,-0.023999929428100586,0.02951860423176807
2021-05-25,1.5640000104904175,-0.04400002956390381,0.031170736063208446
2021-05-26,1.5740000009536743,0.009999990463256836,0.028913926838962947
2021-05-27,1.6100000143051147,0.03600001335144043,0.030097555265370855
2021-05-28,1.5809999704360962,-0.029000043869018555,0.030329243208133853
2021-06-01,1.6150000095367432,0.03400003910064697,0.031325576617285904
2021-06-02,1.590999960899353,-0.024000048637390137,0.031325576617285904
2021-06-03,1.625,0.03400003910064697,0.032029027071414945
2021-06-04,1.559999942779541,-0.06500005722045898,0.035144421405374625
2021-06-07,1.569000005722046,0.009000062942504883,0.03484177751981231
2021-06-08,1.527999997138977,-0.04100000858306885,0.03577198838712291
2021-06-09,1.4889999628067017,-0.03900003433227539,0.036052040430213
2021-06-10,1.4589999914169312,-0.029999971389770508,0.03586266349982477
2021-06-11,1.4620000123977661,0.003000020980834961,0.031146296180290665
2021-06-14,1.5010000467300415,0.03900003433227539,0.032749793125879556
2021-06-15,1.4989999532699585,-0.002000093460083008,0.03225931190326117
2021-06-16,1.569000005722046,0.0700000524520874,0.03628290670776964
2021-06-17,1.5110000371932983,-0.05799996852874756,0.03815222195810967
2021-06-18,1.4500000476837158,-0.06099998950958252,0.038330040187759505
2021-06-21,1.4839999675750732,0.03399991989135742,0.038504929702204906
2021-06-22,1.472000002861023,-0.011999964714050293,0.038499982210371674
2021-06-23,1.4869999885559082,0.014999985694885254,0.03861077026105833
2021-06-24,1.4869999885559082,0.0,0.037612954269029567
2021-06-25,1.5360000133514404,0.04900002479553223,0.03924873299348168
2021-06-28,1.4780000448226929,-0.05799996852874756,0.04007262418268437
2021-06-29,1.4800000190734863,0.001999974250793457,0.039763836582679096
2021-06-30,1.4429999589920044,-0.037000060081481934,0.039314917325902886
2021-07-01,1.4800000190734863,0.037000060081481934,0.04032883934623584
2021-07-02,1.430999994277954,-0.04900002479553223,0.04035333227889979
2021-07-06,1.3700000047683716,-0.06099998950958252,0.04008551102723968
2021-07-07,1.3209999799728394,-0.04900002479553223,0.0407720793973672
2021-07-08,1.2879999876022339,-0.03299999237060547,0.04052231059086242
2021-07-09,1.3559999465942383,0.0679999589920044,0.04349980958555489
2021-07-12,1.3630000352859497,0.007000088691711426,0.043241848037993004
2021-07-13,1.4149999618530273,0.05199992656707764,0.0449587626115556
2021-07-14,1.3559999465942383,-0.05900001525878906,0.045546572141755434
2021-07-15,1.2970000505447388,-0.05899989604949951,0.046917447793245026
2021-07-16,1.2999999523162842,0.00299990177154541,0.043376959719810454
2021-07-19,1.180999994277954,-0.11899995803833008,0.048315760364995936
2021-07-20,1.2089999914169312,0.02799999713897705,0.048047480449463414
2021-07-21,1.2799999713897705,0.07099997997283936,0.05041837915828652
2021-07-22,1.2649999856948853,-0.014999985694885254,0.05042942834220737
2021-07-23,1.2860000133514404,0.021000027656555176,0.05059403062161226
2021-07-26,1.2760000228881836,-0.009999990463256836,0.05054647774036556
2021-07-27,1.2339999675750732,-0.04200005531311035,0.04911157116655716
2021-07-28,1.2610000371932983,0.027000069618225098,0.04883884279119705
2021-07-29,1.2690000534057617,0.008000016212463379,0.04893206424622617
2021-07-30,1.2389999628067017,-0.03000009059906006,0.048762830073421144
2021-08-02,1.1740000247955322,-0.06499993801116943,0.04895667302131002
2021-08-03,1.1759999990463257,0.001999974250793457,0.0484254802009363
2021-08-04,1.184000015258789,0.008000016212463379,0.04727184376723787
2021-08-05,1.2170000076293945,0.03299999237060547,0.047176754005581197
2021-08-06,1.2899999618530273,0.07299995422363281,0.049632536235862994
2021-08-09,1.3170000314712524,0.027000069618225098,0.04759230222193198
2021-08-10,1.3420000076293945,0.02499997615814209,0.04792075248926522
2021-08-11,1.3289999961853027,-0.013000011444091797,0.04640139447130535
2021-08-12,1.3669999837875366,0.03799998760223389,0.04548143230271711
2021-08-13,1.2970000505447388,-0.06999993324279785,0.04625796069327072
2021-08-16,1.2569999694824219,-0.040000081062316895,0.047063222411777315
2021-08-17,1.2580000162124634,0.001000046730041504,0.03869409658494956
2021-08-18,1.2730000019073486,0.014999985694885254,0.03838811518736583
2021-08-19,1.2419999837875366,-0.03100001811981201,0.03572060857764733
2021-08-20,1.2599999904632568,0.018000006675720215,0.03583699875729204
2021-08-23,1.2549999952316284,-0.004999995231628418,0.03551424848212656
2021-08-24,1.2899999618530273,0.034999966621398926,0.03632262618915625
2021-08-25,1.3420000076293945,0.05200004577636719,0.03659273688078065
2021-08-26,1.3420000076293945,0.0,0.03625918140911597
2021-08-27,1.312000036239624,-0.029999971389770508,0.03698306608962202
2021-08-30,1.284999966621399,-0.027000069618225098,0.03685866756849635
2021-08-31,1.3040000200271606,0.01900005340576172,0.03361788040776322
2021-09-01,1.3020000457763672,-0.001999974250793457,0.03365412229369363
2021-09-02,1.2940000295639038,-0.008000016212463379,0.0337874302676933
2021-09-03,1.3220000267028809,0.02799999713897705,0.0335991068784024
2021-09-07,1.3700000047683716,0.04799997806549072,0.03144299778739306
2021-09-08,1.3339999914169312,-0.03600001335144043,0.03211793874994074
2021-09-09,1.2990000247955322,-0.034999966621398926,0.03252456989542997
2021-09-10,1.340999960899353,0.0419999361038208,0.033788413486763855
2021-09-13,1.3240000009536743,-0.01699995994567871,0.032861030760779134
2021-09-14,1.2769999504089355,-0.04700005054473877,0.030801753756397172
2021-09-15,1.3040000200271606,0.027000069618225098,0.030014842221087978
2021-09-16,1.3309999704360962,0.026999950408935547,0.03049363984152272
2021-09-17,1.3700000047683716,0.03900003433227539,0.03138387998940791
2021-09-20,1.309000015258789,-0.06099998950958252,0.03368474550922953
2021-09-21,1.3240000009536743,0.014999985694885254,0.03362510621064361
2021-09-22,1.3359999656677246,0.011999964714050293,0.03362630956110737
2021-09-23,1.409999966621399,0.07400000095367432,0.03639525406889436
2021-09-24,1.4600000381469727,0.05000007152557373,0.036270483278286
2021-09-27,1.4839999675750732,0.023999929428100586,0.03646218163033162
2021-09-28,1.534000039100647,0.05000007152557373,0.03660816533589023
2021-09-29,1.5410000085830688,0.006999969482421875,0.035601436399451084
2021-09-30,1.5290000438690186,-0.011999964714050293,0.03594599472056383
2021-10-01,1.4789999723434448,-0.05000007152557373,0.038247324662123654
2021-10-04,1.4809999465942383,0.001999974250793457,0.03809450316006863
2021-10-05,1.5290000438690186,0.04800009727478027,0.038838507313971954
2021-10-06,1.5240000486373901,-0.004999995231628418,0.0379477864958411
2021-10-07,1.5709999799728394,0.04699993133544922,0.03752885725162223
2021-10-08,1.6050000190734863,0.03400003910064697,0.03627338182393783
2021-10-11,1.6139999628067017,0.008999943733215332,0.035736554016783
2021-10-12,1.5800000429153442,-0.03399991989135742,0.03663144748444745
2021-10-13,1.5490000247955322,-0.03100001811981201,0.03548729959446747
2021-10-14,1.5190000534057617,-0.029999971389770508,0.036523842596655746
2021-10-15,1.5759999752044678,0.056999921798706055,0.037777422515664766
2021-10-18,1.5839999914169312,0.008000016212463379,0.03725804774271635
2021-10-19,1.6349999904632568,0.050999999046325684,0.03446972882998487
2021-10-20,1.6360000371932983,0.001000046730041504,0.03461544172874718
2021-10-21,1.6759999990463257,0.039999961853027344,0.03503658129676849
2021-10-22,1.6549999713897705,-0.021000027656555176,0.03328864005988465
2021-10-25,1.6349999904632568,-0.019999980926513672,0.03275871191852638
2021-10-26,1.61899995803833,-0.016000032424926758,0.03296448397489935
2021-10-27,1.5290000438690186,-0.08999991416931152,0.037549825578070885
2021-10-28,1.5679999589920044,0.03899991512298584,0.038495621920837636
2021-10-29,1.5570000410079956,-0.010999917984008789,0.038478979986772355
2021-11-01,1.5750000476837158,0.018000006675720215,0.036766225396573704
2021-11-02,1.5490000247955322,-0.026000022888183594,0.03736694711938678
2021-11-03,1.5789999961853027,0.029999971389770508,0.03648486485935947
2021-11-04,1.5240000486373901,-0.0549999475479126,0.038562902475082005
2021-11-05,1.4529999494552612,-0.0710000991821289,0.039944287152471385
2021-11-08,1.496999979019165,0.04400002956390381,0.04049601242329414
2021-11-09,1.4320000410079956,-0.06499993801116943,0.04237961208150572
2021-11-10,1.559999942779541,0.1279999017715454,0.05133560892428677
2021-11-11,1.559999942779541,0.0,0.05087198626948814
2021-11-12,1.5820000171661377,0.02200007438659668,0.0505766481520706
2021-11-15,1.6230000257492065,0.04100000858306885,0.04983761905671452
2021-11-16,1.6339999437332153,0.010999917984008789,0.04985925526497322
2021-11-17,1.6039999723434448,-0.029999971389770508,0.049036308244983604
2021-11-18,1.5889999866485596,-0.014999985694885254,0.049120139077136915
2021-11-19,1.5360000133514404,-0.05299997329711914,0.049313598043661935
2021-11-22,1.625,0.08899998664855957,0.05338871209515625
2021-11-23,1.6670000553131104,0.04200005531311035,0.054020918148226155
2021-11-24,1.6449999809265137,-0.02200007438659668,0.054133984592166236
2021-11-26,1.4819999933242798,-0.1629999876022339,0.0620506958038225
2021-11-29,1.5299999713897705,0.04799997806549072,0.06237996888104484
2021-11-30,1.4429999589920044,-0.08700001239776611,0.06508575809658208
2021-12-01,1.434000015258789,-0.008999943733215332,0.06486611603880454
2021-12-02,1.4479999542236328,0.01399993896484375,0.06485877328379121
2021-12-03,1.343000054359436,-0.10499989986419678,0.06785711589089523
2021-12-06,1.434000015258789,0.09099996089935303,0.07057415844020369
2021-12-07,1.4800000190734863,0.046000003814697266,0.0696563791640878
2021-12-08,1.5089999437332153,0.028999924659729004,0.06927231537774353
2021-12-09,1.4869999885559082,-0.02199995517730713,0.0678582675141543
2021-12-10,1.4889999628067017,0.001999974250793457,0.061489395144448275
2021-12-13,1.4240000247955322,-0.06499993801116943,0.06292979933514165
2021-12-14,1.437999963760376,0.01399993896484375,0.0627728123648434
2021-12-15,1.4630000591278076,0.02500009536743164,0.062257893355716305
2021-12-16,1.4220000505447388,-0.04100000858306885,0.06251390525347043
2021-12-17,1.4019999504089355,-0.020000100135803223,0.06239267304797991
2021-12-20,1.4190000295639038,0.01700007915496826,0.06264494168786731
2021-12-21,1.4869999885559082,0.0679999589920044,0.06386103192372862
2021-12-22,1.4570000171661377,-0.029999971389770508,0.06054500902259286
2021-12-23,1.4930000305175781,0.03600001335144043,0.06031096239268889
2021-12-27,1.4809999465942383,-0.012000083923339844,0.06023669757357652
2021-12-28,1.4809999465942383,0.0,0.0486214528529245
2021-12-29,1.5429999828338623,0.06200003623962402,0.04940289472302812
2021-12-30,1.5149999856948853,-0.02799999713897705,0.045710561214076725
2021-12-31,1.5119999647140503,-0.003000020980834961,0.04564770130276275
2022-01-03,1.628000020980835,0.11600005626678467,0.051807877330757084
2022-01-04,1.6679999828338623,0.039999961853027344,0.04514932980871309
2022-01-05,1.7050000429153442,0.037000060081481934,0.04206531808197269
2022-01-06,1.7330000400543213,0.02799999713897705,0.04153730989182407
2022-01-07,1.7710000276565552,0.03799998760223389,0.041766762990579576
2022-01-10,1.7799999713897705,0.008999943733215332,0.04102862880504368
2022-01-11,1.746000051498413,-0.03399991989135742,0.04228582314503329
2022-01-12,1.725000023841858,-0.021000027656555176,0.03924836642601338
2022-01-13,1.7109999656677246,-0.0140000581741333,0.03973287174146594
2022-01-14,1.7719999551773071,0.06099998950958252,0.04103188072173584
2022-01-18,1.8650000095367432,0.09300005435943604,0.04233310560238751
2022-01-19,1.8270000219345093,-0.03799998760223389,0.04337616109452049
2022-01-20,1.8329999446868896,0.005999922752380371,0.04348350597632018
2022-01-21,1.746999979019165,-0.08599996566772461,0.047713189511928725
2022-01-24,1.7350000143051147,-0.011999964714050293,0.04707113070674748
2022-01-25,1.7829999923706055,0.04799997806549072,0.047432717296440226
2022-01-26,1.8480000495910645,0.06500005722045898,0.048305928297367566
2022-01-27,1.8070000410079956,-0.04100000858306885,0.04985140697406748
2022-01-28,1.781999945640564,-0.02500009536743164,0.04940899406189899
2022-01-31,1.781999945640564,0.0,0.048665340618174985
2022-02-01,1.7999999523162842,0.018000006675720215,0.048541892724547356
2022-02-02,1.7660000324249268,-0.03399991989135742,0.04351387430277087
2022-02-03,1.8270000219345093,0.06099998950958252,0.044549492963997295
2022-02-04,1.9299999475479126,0.10299992561340332,0.04884990900203605
2022-02-07,1.9160000085830688,-0.01399993896484375,0.04896645236602924
2022-02-08,1.9539999961853027,0.03799998760223389,0.04896645236602924
2022-02-09,1.9290000200271606,-0.02499997615814209,0.04951554883965031
2022-02-10,2.0309998989105225,0.10199987888336182,0.05266550599900709
2022-02-11,1.9550000429153442,-0.07599985599517822,0.05574804586560855
2022-02-14,1.996000051498413,0.04100000858306885,0.05580908528004768
2022-02-15,2.0450000762939453,0.04900002479553223,0.05535880238463465
2022-02-16,2.046999931335449,0.0019998550415039062,0.052258301019904176
2022-02-17,1.972000002861023,-0.07499992847442627,0.05448657288185194
2022-02-18,1.9320000410079956,-0.039999961853027344,0.0554410522006509
2022-02-22,1.9479999542236328,0.015999913215637207,0.0514184145205049
2022-02-23,1.9769999980926514,0.029000043869018555,0.05133671471978536
2022-02-24,1.968999981880188,-0.008000016212463379,0.05079886862668771
2022-02-25,1.9859999418258667,0.01699995994567871,0.049201150867436275
2022-02-28,1.8389999866485596,-0.14699995517730713,0.05882225133371852
2022-03-01,1.7070000171661377,-0.13199996948242188,0.06549085330084553
2022-03-02,1.8650000095367432,0.15799999237060547,0.07439248732849214
2022-03-03,1.843999981880188,-0.021000027656555176,0.07451097297167107
2022-03-04,1.7239999771118164,-0.12000000476837158,0.07883206797817661
2022-03-07,1.7510000467300415,0.027000069618225098,0.07781608338101269
2022-03-08,1.871999979019165,0.12099993228912354,0.07913713184404846
2022-03-09,1.9479999542236328,0.07599997520446777,0.08091512195917418
2022-03-10,2.010999917984009,0.06299996376037598,0.08165910343841075
2022-03-11,2.003999948501587,-0.006999969482421875,0.0814478487995175
2022-03-14,2.140000104904175,0.1360001564025879,0.08380608609148722
2022-03-15,2.1600000858306885,0.019999980926513672,0.08174894347157066
2022-03-16,2.187999963760376,0.0279998779296875,0.08154954076560214
2022-03-17,2.191999912261963,0.003999948501586914,0.08103948988091775
2022-03-18,2.1480000019073486,-0.04399991035461426,0.08179951290019134
2022-03-21,2.315000057220459,0.16700005531311035,0.08688229477059921
2022-03-22,2.372999906539917,0.05799984931945801,0.08633538938977327
2022-03-23,2.321000099182129,-0.051999807357788086,0.0877951509739253
2022-03-24,2.3410000801086426,0.019999980926513672,0.0877595085539047
2022-03-25,2.492000102996826,0.1510000228881836,0.09221056695219132
2022-03-28,2.4769999980926514,-0.015000104904174805,0.09261126387233795
2022-03-29,2.4000000953674316,-0.07699990272521973,0.08727836280372706
2022-03-30,2.3580000400543213,-0.04200005531311035,0.08108513539862457
2022-03-31,2.3269999027252197,-0.031000137329101562,0.07665181038186615
2022-04-01,2.377000093460083,0.05000019073486328,0.07622498298639861
2022-04-04,2.4119999408721924,0.034999847412109375,0.06856304178689158
2022-04-05,2.555999994277954,0.14400005340576172,0.07270030412333899
2022-04-06,2.6089999675750732,0.05299997329711914,0.07030925884516384
2022-04-07,2.6519999504089355,0.042999982833862305,0.06971558932680925
2022-04-08,2.7130000591278076,0.06100010871887207,0.06967466569825014
2022-04-11,2.7799999713897705,0.06699991226196289,0.06939848223929322
2022-04-12,2.7249999046325684,-0.05500006675720215,0.06827539214141165
2022-04-13,2.687000036239624,-0.037999868392944336,0.06976596721480338
2022-04-14,2.828000068664551,0.14100003242492676,0.07421699242638548
2022-04-18,2.861999988555908,0.03399991989135742,0.07397019913972692
2022-04-19,2.9130001068115234,0.051000118255615234,0.07197400840750942
2022-04-20,2.8399999141693115,-0.07300019264221191,0.06920550531371597
2022-04-21,2.9170000553131104,0.07700014114379883,0.0697803243016985
2022-04-22,2.9059998989105225,-0.01100015640258789,0.06804361742267141
2022-04-25,2.8259999752044678,-0.07999992370605469,0.07200482545565778
2022-04-26,2.7720000743865967,-0.053999900817871094,0.0675561741124844
2022-04-27,2.818000078201294,0.046000003814697266,0.06758841243538778
2022-04-28,2.86299991607666,0.04499983787536621,0.06433856684154225
2022-04-29,2.88700008392334,0.024000167846679688,0.06264315711755412
2022-05-02,2.996000051498413,0.10899996757507324,0.06380306150748287
2022-05-03,2.9600000381469727,-0.03600001335144043,0.06532221891812363
2022-05-04,2.9170000553131104,-0.042999982833862305,0.06708389865477091
2022-05-05,3.065999984741211,0.14899992942810059,0.06753824548498377
2022-05-06,3.122999906539917,0.056999921798706055,0.06762885511559287
2022-05-09,3.0789999961853027,-0.04399991035461426,0.06908641624605334
2022-05-10,2.993000030517578,-0.08599996566772461,0.07213967065703386
2022-05-11,2.9210000038146973,-0.07200002670288086,0.07333630584555995
2022-05-12,2.816999912261963,-0.10400009155273438,0.07612455380374646
2022-05-13,2.934999942779541,0.11800003051757812,0.0793263068058855
2022-05-16,2.877000093460083,-0.05799984931945801,0.07488346234475182
2022-05-17,2.9679999351501465,0.09099984169006348,0.07708920860240334
2022-05-18,2.885999917984009,-0.0820000171661377,0.0785742466463054
2022-05-19,2.8550000190734863,-0.03099989891052246,0.07717972877091685
2022-05-20,2.7869999408721924,-0.06800007820129395,0.07649678119901215
2022-05-23,2.8589999675750732,0.07200002670288086,0.07835742601481366
2022-05-24,2.759999990463257,-0.0989999771118164,0.07940292614312915
2022-05-25,2.749000072479248,-0.010999917984008789,0.078575995222551
2022-05-26,2.75600004196167,0.006999969482421875,0.07786490941798632
2022-05-27,2.743000030517578,-0.013000011444091797,0.07710390136607126
2022-05-31,2.8440001010894775,0.10100007057189941,0.0803501411776318
2022-06-01,2.930999994277954,0.08699989318847656,0.07896130348059176
2022-06-02,2.9130001068115234,-0.017999887466430664,0.07868346223831281
2022-06-03,2.9570000171661377,0.04399991035461426,0.07872030806012764
2022-06-06,3.0380001068115234,0.08100008964538574,0.07359912733778338
2022-06-07,2.9719998836517334,-0.06600022315979004,0.07361903287997132
2022-06-08,3.0290000438690186,0.057000160217285156,0.07438917294847465
2022-06-09,3.0439999103546143,0.014999866485595703,0.07193718571492444
2022-06-10,3.1559998989105225,0.1119999885559082,0.07360477714295474
2022-06-13,3.365999937057495,0.21000003814697266,0.08059608893521443
2022-06-14,3.4830000400543213,0.11700010299682617,0.08053938236882971
2022-06-15,3.3949999809265137,-0.08800005912780762,0.08235130172128402
2022-06-16,3.306999921798706,-0.08800005912780762,0.08438088550257997
2022-06-17,3.239000082015991,-0.06799983978271484,0.08361857236290984
2022-06-21,3.306999921798706,0.06799983978271484,0.08357909638787787
2022-06-22,3.1559998989105225,-0.1510000228881836,0.08975834373088776
2022-06-23,3.068000078201294,-0.08799982070922852,0.091677417021056
2022-06-24,3.125,0.056999921798706055,0.0886789076726942
2022-06-27,3.194000005722046,0.0690000057220459,0.08911601000647036
2022-06-28,3.2060000896453857,0.012000083923339844,0.0890828735279577
2022-06-29,3.0929999351501465,-0.11300015449523926,0.09357476443208106
2022-06-30,2.9719998836517334,-0.12100005149841309,0.09607753933838425
2022-07-01,2.8889999389648438,-0.08299994468688965,0.09608175381253882
2022-07-05,2.809000015258789,-0.07999992370605469,0.09753948222474663
2022-07-06,2.9130001068115234,0.10400009155273438,0.09989541961734742
2022-07-07,3.007999897003174,0.09499979019165039,0.10052242913465577
2022-07-08,3.1010000705718994,0.09300017356872559,0.1013998532749783
2022-07-11,2.990999937057495,-0.1100001335144043,0.10373362149483953
2022-07-12,2.9579999446868896,-0.03299999237060547,0.10387344708030359
2022-07-13,2.9040000438690186,-0.053999900817871094,0.10086972927809033
2022-07-14,2.9600000381469727,0.0559999942779541,0.08879884462270948
2022-07-15,2.930000066757202,-0.029999971389770508,0.08312721209274378
2022-07-18,2.9600000381469727,0.029999971389770508,0.08273762012982928
2022-07-19,3.0190000534057617,0.05900001525878906,0.08297839126189098
2022-07-20,3.0360000133514404,0.01699995994567871,0.08226805721875972
2022-07-21,2.9100000858306885,-0.12599992752075195,0.08398506375611378
2022-07-22,2.7829999923706055,-0.127000093460083,0.08224288194947198
2022-07-25,2.819999933242798,0.03699994087219238,0.08142459138195697
2022-07-26,2.7869999408721924,-0.03299999237060547,0.07997745400885685
2022-07-27,2.7339999675750732,-0.05299997329711914,0.07789090434921811
2022-07-28,2.680999994277954,-0.05299997329711914,0.07776761605614778
2022-07-29,2.6419999599456787,-0.03900003433227539,0.07521544184266162
2022-08-01,2.6059999465942383,-0.03600001335144043,0.07180151398866699
2022-08-02,2.740999937057495,0.13499999046325684,0.07738894046673492
2022-08-03,2.747999906539917,0.006999969482421875,0.07559624013441188
2022-08-04,2.6760001182556152,-0.07199978828430176,0.07285816975452773
2022-08-05,2.8399999141693115,0.1639997959136963,0.07917321050233185
2022-08-08,2.765000104904175,-0.07499980926513672,0.07691290046373865
2022-08-09,2.796999931335449,0.031999826431274414,0.07443777703317027
2022-08-10,2.7860000133514404,-0.010999917984008789,0.07424118853235548
2022-08-11,2.888000011444092,0.10199999809265137,0.07717501605794048
2022-08-12,2.8489999771118164,-0.03900003433227539,0.07646245516078852
2022-08-15,2.7909998893737793,-0.05800008773803711,0.07715595176077486
2022-08-16,2.8239998817443848,0.03299999237060547,0.07722988576063418
2022-08-17,2.8929998874664307,0.0690000057220459,0.07768328842820468
2022-08-18,2.880000114440918,-0.012999773025512695,0.07751483981511845
2022-08-19,2.989000082015991,0.10899996757507324,0.0764976091851468
2022-08-22,3.0369999408721924,0.04799985885620117,0.07086524117975063
2022-08-23,3.053999900817871,0.01699995994567871,0.07064786357155357
2022-08-24,3.1059999465942383,0.05200004577636719,0.07042694213828755
2022-08-25,3.0260000228881836,-0.07999992370605469,0.07196375624807758
2022-08-26,3.0350000858306885,0.009000062942504883,0.0703350583231741
2022-08-29,3.109999895095825,0.07499980926513672,0.07020758419187148
2022-08-30,3.109999895095825,0.0,0.06914470712464481
2022-08-31,3.132999897003174,0.023000001907348633,0.06430492936774791
2022-09-01,3.265000104904175,0.13200020790100098,0.06879927637149172
2022-09-02,3.193000078201294,-0.07200002670288086,0.0687992931127667
2022-09-06,3.3399999141693115,0.14699983596801758,0.06715770883275617
2022-09-07,3.265000104904175,-0.07499980926513672,0.06715770883275617
2022-09-08,3.2920000553131104,0.026999950408935547,0.06713607989039919
2022-09-09,3.321000099182129,0.029000043869018555,0.06667202018809322
2022-09-12,3.361999988555908,0.0409998893737793,0.06446358158115807
2022-09-13,3.421999931335449,0.059999942779541016,0.06334595558637841
2022-09-14,3.4119999408721924,-0.009999990463256836,0.06093481886970939
2022-09-15,3.4590001106262207,0.04700016975402832,0.061050681955511096
2022-09-16,3.447999954223633,-0.01100015640258789,0.06100699207572053
2022-09-19,3.490000009536743,0.04200005531311035,0.060407322129427
2022-09-20,3.571000099182129,0.08100008964538574,0.05884311311256699
2022-09-21,3.509999990463257,-0.06100010871887207,0.06170219490729379
2022-09-22,3.7079999446868896,0.1979999542236328,0.07257566162179957
2022-09-23,3.697000026702881,-0.010999917984008789,0.07297140702192553
2022-09-26,3.878000020980835,0.1809999942779541,0.07580340067673313
2022-09-27,3.9639999866485596,0.08599996566772461,0.07606174443574874
2022-09-28,3.7049999237060547,-0.2590000629425049,0.10035005911631342
2022-09-29,3.746999979019165,0.04200005531311035,0.10017551808429868
2022-09-30,3.803999900817871,0.056999921798706055,0.10032571206533537
2022-10-03,3.6510000228881836,-0.1529998779296875,0.10526986298266101
2022-10-04,3.617000102996826,-0.03399991989135742,0.1039569991518422
2022-10-05,3.759000062942505,0.1419999599456787,0.10365734408455926
2022-10-06,3.8259999752044678,0.06699991226196289,0.10176793765876377
2022-10-07,3.882999897003174,0.056999921798706055,0.10198248481100501
2022-10-10,3.888000011444092,0.005000114440917969,0.10210679878520582
2022-10-11,3.938999891281128,0.05099987983703613,0.1021986307835983
2022-10-12,3.9019999504089355,-0.03699994087219238,0.10284515843921985
2022-10-13,3.9519999027252197,0.04999995231628418,0.10272006737478794
2022-10-14,4.010000228881836,0.05800032615661621,0.10286199063528291
2022-10-17,4.014999866485596,0.004999637603759766,0.10263137354240102
2022-10-18,3.997999906539917,-0.01699995994567871,0.10300708932794769
2022-10-19,4.126999855041504,0.12899994850158691,0.10484683809536365
2022-10-20,4.22599983215332,0.0989999771118164,0.10398214766783517
2022-10-21,4.2129998207092285,-0.013000011444091797,0.09733419160858735
2022-10-24,4.234000205993652,0.021000385284423828,0.09700801267225183
2022-10-25,4.107999801635742,-0.12600040435791016,0.09553507678336946
2022-10-26,4.014999866485596,-0.09299993515014648,0.09648502423130399
2022-10-27,3.937000036239624,-0.07799983024597168,0.07834249976423723
2022-10-28,4.010000228881836,0.07300019264221191,0.07924179793769204
2022-10-31,4.077000141143799,0.06699991226196289,0.07955187297630566
2022-11-01,4.052000045776367,-0.02500009536743164,0.07059669500083646
2022-11-02,4.059000015258789,0.006999969482421875,0.0696150196960273
2022-11-03,4.124000072479248,0.06500005722045898,0.0647861999714389
2022-11-04,4.156000137329102,0.032000064849853516,0.06388989693667196
2022-11-07,4.214000225067139,0.05800008773803711,0.06392257671088218
2022-11-08,4.125999927520752,-0.08800029754638672,0.06780886257634502
2022-11-09,4.151000022888184,0.02500009536743164,0.06728372470390308
2022-11-10,3.8289999961853027,-0.32200002670288086,0.09867711115542847
2022-11-11,3.812999963760376,-0.016000032424926758,0.09793701187524367
2022-11-14,3.865000009536743,0.05200004577636719,0.09774763069591953
2022-11-15,3.7990000247955322,-0.06599998474121094,0.09853995895553708
2022-11-16,3.691999912261963,-0.10700011253356934,0.10077830860760018
2022-11-17,3.7750000953674316,0.08300018310546875,0.09796225496456558
2022-11-18,3.818000078201294,0.042999982833862305,0.09538170837425726
2022-11-21,3.825000047683716,0.006999969482421875,0.09554880930384942
2022-11-22,3.757999897003174,-0.06700015068054199,0.09566057426479288
2022-11-23,3.7060000896453857,-0.051999807357788086,0.0929894395177264
2022-11-25,3.690999984741211,-0.015000104904174805,0.09143667111629035
2022-11-28,3.703000068664551,0.012000083923339844,0.09046124878569584
2022-11-29,3.747999906539917,0.04499983787536621,0.08935864978311028
2022-11-30,3.703000068664551,-0.04499983787536621,0.0877050079666124
2022-12-01,3.5290000438690186,-0.17400002479553223,0.09410896509476273
2022-12-02,3.50600004196167,-0.023000001907348633,0.09382771589017327
2022-12-05,3.5989999771118164,0.09299993515014648,0.09537665150371438
2022-12-06,3.513000011444092,-0.08599996566772461,0.095326557796356
2022-12-07,3.4079999923706055,-0.10500001907348633,0.09438141662969989
2022-12-08,3.490999937057495,0.08299994468688965,0.09722032969811116
2022-12-09,3.566999912261963,0.07599997520446777,0.09928425440034407
2022-12-12,3.6110000610351562,0.04400014877319336,0.07395166702553031
2022-12-13,3.500999927520752,-0.1100001335144043,0.0770871669206569
2022-12-14,3.503000020980835,0.002000093460083008,0.07567822053166635
2022-12-15,3.450000047683716,-0.05299997329711914,0.07531168689645704
2022-12-16,3.4820001125335693,0.032000064849853516,0.07304520333181233
2022-12-19,3.5810000896453857,0.0989999771118164,0.07413899280438488
2022-12-20,3.684000015258789,0.10299992561340332,0.07733981296629339
2022-12-21,3.684000015258789,0.0,0.07729432952088054
2022-12-22,3.6689999103546143,-0.015000104904174805,0.07609000421727018
2022-12-23,3.750999927520752,0.0820000171661377,0.0774901800785412
2022-12-27,3.859999895095825,0.10899996757507324,0.08077342745505833
2022-12-28,3.88700008392334,0.02700018882751465,0.08087638569814654
2022-12-29,3.8350000381469727,-0.05200004577636719,0.08147103034377834
2022-12-30,3.878999948501587,0.04399991035461426,0.08110085278988796
2023-01-03,3.7929999828338623,-0.08599996566772461,0.07308322034761967
2023-01-04,3.7090001106262207,-0.0839998722076416,0.07573197518820818
2023-01-05,3.7200000286102295,0.010999917984008789,0.0732952232983401
2023-01-06,3.569000005722046,-0.1510000228881836,0.0785482863439062
2023-01-09,3.5169999599456787,-0.05200004577636719,0.07571632526782215
2023-01-10,3.621000051498413,0.10400009155273438,0.0769243994818008
2023-01-11,3.553999900817871,-0.06700015068054199,0.07676490225398672
2023-01-12,3.4489998817443848,-0.10500001907348633,0.07927935603167834
2023-01-13,3.510999917984009,0.06200003623962402,0.07703676269571469
2023-01-17,3.5350000858306885,0.024000167846679688,0.07720792174667586
2023-01-18,3.375,-0.16000008583068848,0.08420011832654789
2023-01-19,3.3970000743865967,0.02200007438659668,0.0840169647161551
2023-01-20,3.4839999675750732,0.08699989318847656,0.08331896312667668
2023-01-23,3.5250000953674316,0.0410001277923584,0.08036081475124399
2023-01-24,3.4690001010894775,-0.0559999942779541,0.08102341560310956
2023-01-25,3.4619998931884766,-0.0070002079010009766,0.08101871299035301
2023-01-26,3.493000030517578,0.031000137329101562,0.0788632867519327
2023-01-27,3.5179998874664307,0.02499985694885254,0.07440845284077893
2023-01-30,3.5510001182556152,0.03300023078918457,0.07459426176035049
2023-01-31,3.5290000438690186,-0.02200007438659668,0.07415632750783041
2023-02-01,3.3970000743865967,-0.13199996948242188,0.0770931362563788
2023-02-02,3.3959999084472656,-0.0010001659393310547,0.0758386075642092
2023-02-03,3.5320000648498535,0.1360001564025879,0.08138896956295348
2023-02-06,3.634000062942505,0.10199999809265137,0.08482510137487502
2023-02-07,3.6740000247955322,0.039999961853027344,0.07827264416941149
2023-02-08,3.6530001163482666,-0.020999908447265625,0.077431700278265
2023-02-09,3.683000087738037,0.029999971389770508,0.07439592041825484
2023-02-10,3.74399995803833,0.06099987030029297,0.07361760070173157
2023-02-13,3.7170000076293945,-0.026999950408935547,0.06942401275619757
2023-02-14,3.760999917984009,0.04399991035461426,0.06889479725422624
2023-02-15,3.809000015258789,0.04800009727478027,0.06930332162114292
2023-02-16,3.8429999351501465,0.03399991989135742,0.05690356281616118
2023-02-17,3.828000068664551,-0.014999866485595703,0.057482715519712645
2023-02-21,3.9549999237060547,0.1269998550415039,0.06038507263017412
2023-02-22,3.9230000972747803,-0.031999826431274414,0.06135589858658384
2023-02-23,3.878999948501587,-0.04400014877319336,0.06067504895138178
2023-02-24,3.9489998817443848,0.06999993324279785,0.061315256511322525
2023-02-27,3.921999931335449,-0.026999950408935547,0.06224512459304031
2023-02-28,3.9159998893737793,-0.006000041961669922,0.06249836948567336
2023-03-01,3.99399995803833,0.07800006866455078,0.06376275684978153
2023-03-02,4.072999954223633,0.07899999618530273,0.06415753160416604
2023-03-03,3.9639999866485596,-0.10899996757507324,0.06146705165711047
2023-03-06,3.9830000400543213,0.01900005340576172,0.061165721924747264
2023-03-07,3.9749999046325684,-0.00800013542175293,0.056327498460658446
2023-03-08,3.9760000705718994,0.0010001659393310547,0.05330488324724503
2023-03-09,3.924999952316284,-0.051000118255615234,0.05495402411182344
2023-03-10,3.694999933242798,-0.23000001907348633,0.07608349182297594
2023-03-13,3.515000104904175,-0.17999982833862305,0.08544410278665275
2023-03-14,3.638000011444092,0.12299990653991699,0.08894684915665514
2023-03-15,3.492000102996826,-0.14599990844726562,0.0940590639652121
2023-03-16,3.5850000381469727,0.09299993515014648,0.0960704982666878
2023-03-17,3.3949999809265137,-0.19000005722045898,0.10288346687274003
2023-03-20,3.4809999465942383,0.08599996566772461,0.10484790894792802
2023-03-21,3.6059999465942383,0.125,0.10935150080779485
2023-03-22,3.5,-0.10599994659423828,0.10647783097252496
2023-03-23,3.4059998989105225,-0.09400010108947754,0.10763198235808145
2023-03-24,3.380000114440918,-0.025999784469604492,0.10754155546183414
2023-03-27,3.5280001163482666,0.14800000190734863,0.1121884301769048
2023-03-28,3.563999891281128,0.03599977493286133,0.11283369465991508
2023-03-29,3.565999984741211,0.002000093460083008,0.11288635252162597
2023-03-30,3.5510001182556152,-0.014999866485595703,0.11079162951990518
2023-03-31,3.49399995803833,-0.057000160217285156,0.10860134646611917
2023-04-03,3.430000066757202,-0.06399989128112793,0.10735107034898474
2023-04-04,3.3369998931884766,-0.09300017356872559,0.1078145931478359
2023-04-05,3.2869999408721924,-0.04999995231628418,0.107760784701077
2023-04-06,3.2880001068115234,0.0010001659393310547,0.107760784701077
2023-04-10,3.4149999618530273,0.1269998550415039,0.1131216512842358
2023-04-11,3.434000015258789,0.01900005340576172,0.10308564685721032
2023-04-12,3.4210000038146973,-0.013000011444091797,0.0956883394540376
2023-04-13,3.4519999027252197,0.03099989891052246,0.09157797638774962
2023-04-14,3.5220000743865967,0.07000017166137695,0.08744116290046394
2023-04-17,3.5910000801086426,0.0690000057220459,0.08633431965065849
2023-04-18,3.572000026702881,-0.01900005340576172,0.07478072334220301
2023-04-19,3.6019999980926514,0.029999971389770508,0.07284977786687713
2023-04-20,3.5450000762939453,-0.056999921798706055,0.06866068567130545
2023-04-21,3.569999933242798,0.02499985694885254,0.0646601330577699
2023-04-24,3.515000104904175,-0.05499982833862305,0.06223953209115869
2023-04-25,3.3959999084472656,-0.11900019645690918,0.06764385372808138
2023-04-26,3.431999921798706,0.03600001335144043,0.05936293059694311
2023-04-27,3.5280001163482666,0.09600019454956055,0.06275999902287537
2023-04-28,3.4519999027252197,-0.07600021362304688,0.06480402654336656
2023-05-01,3.5739998817443848,0.12199997901916504,0.07044285062586339
2023-05-02,3.438999891281128,-0.13499999046325684,0.07553178974300484
2023-05-03,3.4030001163482666,-0.03599977493286133,0.07463590180247848
2023-05-04,3.3510000705718994,-0.05200004577636719,0.07262599735035101
2023-05-05,3.446000099182129,0.09500002861022949,0.07443829459918481
2023-05-08,3.5209999084472656,0.07499980926513672,0.07584979847709858
2023-05-09,3.5209999084472656,0.0,0.07105807990448991
2023-05-10,3.438999891281128,-0.0820000171661377,0.07344449327309441
2023-05-11,3.3970000743865967,-0.04199981689453125,0.07397655647956737
2023-05-12,3.4630000591278076,0.06599998474121094,0.07512232982488566
2023-05-15,3.507999897003174,0.04499983787536621,0.07415816834352519
2023-05-16,3.5490000247955322,0.0410001277923584,0.07308694195246962
2023-05-17,3.5810000896453857,0.032000064849853516,0.07334070044139572
2023-05-18,3.6480000019073486,0.06699991226196289,0.07452155797477286
2023-05-19,3.691999912261963,0.04399991035461426,0.07376585161977883
2023-05-22,3.7190001010894775,0.02700018882751465,0.07379154406116607
2023-05-23,3.697999954223633,-0.021000146865844727,0.07272631770830168
2023-05-24,3.7190001010894775,0.021000146865844727,0.0665916523575811
2023-05-25,3.813999891281128,0.09499979019165039,0.06871579701931713
2023-05-26,3.809999942779541,-0.003999948501586914,0.06648273676213494
2023-05-30,3.700000047683716,-0.1099998950958252,0.06913071580374543
2023-05-31,3.63700008392334,-0.06299996376037598,0.06610819995256459
2023-06-01,3.6080000400543213,-0.029000043869018555,0.05867317885464269
2023-06-02,3.690999984741211,0.08299994468688965,0.05993921283210805
2023-06-05,3.693000078201294,0.002000093460083008,0.05810945553585351
2023-06-06,3.6989998817443848,0.00599980354309082,0.05525705421684045
2023-06-07,3.7839999198913574,0.08500003814697266,0.05586642824544241
2023-06-08,3.7139999866485596,-0.06999993324279785,0.058669048740069146
2023-06-09,3.744999885559082,0.03099989891052246,0.05495136162306808
2023-06-12,3.765000104904175,0.020000219345092773,0.05340372694907708
2023-06-13,3.8389999866485596,0.07399988174438477,0.05379392189037788
2023-06-14,3.7960000038146973,-0.042999982833862305,0.054991910508367395
2023-06-15,3.7279999256134033,-0.06800007820129395,0.05737994492200966
2023-06-16,3.7690000534057617,0.0410001277923584,0.05759725738149757
2023-06-20,3.7290000915527344,-0.039999961853027344,0.05693439539054981
2023-06-21,3.7230000495910645,-0.006000041961669922,0.05621262443386065
2023-06-22,3.7990000247955322,0.07599997520446777,0.05830316026423408
2023-06-23,3.739000082015991,-0.059999942779541016,0.05973645039108378
2023-06-26,3.7190001010894775,-0.019999980926513672,0.05975278708698418
2023-06-27,3.7679998874664307,0.048999786376953125,0.0568696616397112
2023-06-28,3.7100000381469727,-0.05799984931945801,0.05816172434983059
2023-06-29,3.8540000915527344,0.14400005340576172,0.06149740548912091
2023-06-30,3.819000005722046,-0.03500008583068848,0.06018580821552337
2023-07-03,3.8580000400543213,0.03900003433227539,0.0598864641827696
2023-07-05,3.944999933242798,0.08699989318847656,0.060129761220560955
2023-07-06,4.040999889373779,0.09599995613098145,0.06278100558209417
2023-07-07,4.050000190734863,0.009000301361083984,0.06275915363106796
2023-07-10,4.00600004196167,-0.04400014877319336,0.06205042255613263
2023-07-11,3.9800000190734863,-0.026000022888183594,0.05989934677986494
2023-07-12,3.8610000610351562,-0.11899995803833008,0.0662145004833385
2023-07-13,3.760999917984009,-0.10000014305114746,0.06997400345447721
2023-07-14,3.819000005722046,0.05800008773803711,0.06920872967394898
2023-07-17,3.796999931335449,-0.02200007438659668,0.0687208010654381
2023-07-18,3.7890000343322754,-0.007999897003173828,0.0669752992537319
2023-07-19,3.742000102996826,-0.04699993133544922,0.06722509732930382
2023-07-20,3.8540000915527344,0.1119999885559082,0.07092916933325606
2023-07-21,3.8369998931884766,-0.017000198364257812,0.07106234574698161
2023-07-24,3.8570001125335693,0.020000219345092773,0.06931082768513779
2023-07-25,3.9119999408721924,0.05499982833862305,0.06864393909219764
2023-07-26,3.8510000705718994,-0.06099987030029297,0.070055787294867
2023-07-27,4.01200008392334,0.16100001335144043,0.07735339476130988
2023-07-28,3.9690001010894775,-0.042999982833862305,0.07674525618011578
2023-07-31,3.9590001106262207,-0.009999990463256836,0.07065055061590654
2023-08-01,4.051000118255615,0.09200000762939453,0.07246756223563035
2023-08-02,4.078000068664551,0.026999950408935547,0.07228320474804481
2023-08-03,4.189000129699707,0.11100006103515625,0.07372888722469571
2023-08-04,4.059999942779541,-0.12900018692016602,0.07712389204637872
2023-08-07,4.078000068664551,0.018000125885009766,0.07719609807494543
2023-08-08,4.026000022888184,-0.05200004577636719,0.07745031576879109
2023-08-09,4.01200008392334,-0.01399993896484375,0.07728561018548658
2023-08-10,4.079999923706055,0.06799983978271484,0.073378882131048
2023-08-11,4.168000221252441,0.08800029754638672,0.0706502036509091
2023-08-14,4.184000015258789,0.015999794006347656,0.07009458615780367
2023-08-15,4.2210001945495605,0.037000179290771484,0.06961799536907465
2023-08-16,4.257999897003174,0.03699970245361328,0.069399110422276
2023-08-17,4.308000087738037,0.05000019073486328,0.06776246618845337
2023-08-18,4.250999927520752,-0.057000160217285156,0.0671899991923664
2023-08-21,4.3420000076293945,0.09100008010864258,0.06842625914656901
2023-08-22,4.328000068664551,-0.01399993896484375,0.06892722476682524
2023-08-23,4.197999954223633,-0.13000011444091797,0.07601417700363718
2023-08-24,4.235000133514404,0.037000179290771484,0.07419045174306664
2023-08-25,4.238999843597412,0.0039997100830078125,0.06661359315367056
2023-08-28,4.211999893188477,-0.026999950408935547,0.0660565360251877
2023-08-29,4.122000217437744,-0.08999967575073242,0.06957582951572816
2023-08-30,4.118000030517578,-0.004000186920166016,0.06686529441235706
2023-08-31,4.0929999351501465,-0.02500009536743164,0.06690231932947065
2023-09-01,4.172999858856201,0.07999992370605469,0.06465133567161926
2023-09-05,4.26800012588501,0.0950002670288086,0.06079963132210532
2023-09-06,4.289999961853027,0.021999835968017578,0.06083251491292745
2023-09-07,4.260000228881836,-0.029999732971191406,0.059891832409644366
2023-09-08,4.257999897003174,-0.0020003318786621094,0.05969688353675038
2023-09-11,4.288000106811523,0.03000020980834961,0.05846875587059133
2023-09-12,4.263999938964844,-0.024000167846679688,0.05604694616613417
2023-09-13,4.249000072479248,-0.014999866485595703,0.056139054947898885
2023-09-14,4.288000106811523,0.03900003433227539,0.05620110706415671
2023-09-15,4.322000026702881,0.03399991989135742,0.05611462296541336
2023-09-18,4.318999767303467,-0.0030002593994140625,0.055079618523768206
2023-09-19,4.364999771118164,0.046000003814697266,0.05428129316114942
2023-09-20,4.348999977111816,-0.015999794006347656,0.050754643484701906
2023-09-21,4.480000019073486,0.13100004196166992,0.05804646111642432
2023-09-22,4.438000202178955,-0.04199981689453125,0.050303635442790914
2023-09-25,4.541999816894531,0.10399961471557617,0.053995761786173165
2023-09-26,4.558000087738037,0.01600027084350586,0.053941229983845165
2023-09-27,4.625999927520752,0.06799983978271484,0.054208929344893894
2023-09-28,4.5970001220703125,-0.028999805450439453,0.0494625514050277
2023-09-29,4.572999954223633,-0.024000167846679688,0.05018794659513234
2023-10-02,4.683000087738037,0.1100001335144043,0.052504169001426945
2023-10-03,4.802000045776367,0.11899995803833008,0.05505946680838741
2023-10-04,4.735000133514404,-0.06699991226196289,0.056810959863825804
2023-10-05,4.7170000076293945,-0.018000125885009766,0.05748589852426951
2023-10-06,4.783999919891357,0.06699991226196289,0.05713531212987725
2023-10-09,4.796999931335449,0.013000011444091797,0.056874675347083986
2023-10-10,4.65500020980835,-0.1419997215270996,0.06759402778091039
2023-10-11,4.59499979019165,-0.06000041961669922,0.06913742613407513
2023-10-12,4.711999893188477,0.11700010299682617,0.07213627659807857
2023-10-13,4.629000186920166,-0.08299970626831055,0.07553530407258671
2023-10-16,4.711999893188477,0.08299970626831055,0.07685666555635645
2023-10-17,4.8470001220703125,0.13500022888183594,0.08072248968631035
2023-10-18,4.9039998054504395,0.05699968338012695,0.08090008704971442
2023-10-19,4.98799991607666,0.0840001106262207,0.08126714850949633
2023-10-20,4.923999786376953,-0.06400012969970703,0.08033630214344284
2023-10-23,4.8379998207092285,-0.08599996566772461,0.08260714980016681
2023-10-24,4.840000152587891,0.0020003318786621094,0.080329685385787
2023-10-25,4.953000068664551,0.11299991607666016,0.08317726543193342
2023-10-26,4.84499979019165,-0.10800027847290039,0.08676264707323811
2023-10-27,4.84499979019165,0.0,0.08633343791353332
2023-10-30,4.875,0.03000020980834961,0.08601713774060389
2023-10-31,4.875,0.0,0.08320653589025342
2023-11-01,4.789000034332275,-0.08599996566772461,0.08168504627920153
2023-11-02,4.669000148773193,-0.11999988555908203,0.08460512371053194
2023-11-03,4.558000087738037,-0.11100006103515625,0.08779553540048406
2023-11-06,4.6620001792907715,0.10400009155273438,0.08971712449806117
2023-11-07,4.571000099182129,-0.09100008010864258,0.09148000734410337
2023-11-08,4.5229997634887695,-0.048000335693359375,0.08692364843738982
2023-11-09,4.630000114440918,0.10700035095214844,0.08936856924709913
2023-11-10,4.627999782562256,-0.0020003318786621094,0.08537333721396476
2023-11-13,4.631999969482422,0.004000186920166016,0.08343702918113212
2023-11-14,4.440999984741211,-0.19099998474121094,0.09092030578974813
2023-11-15,4.534999847412109,0.09399986267089844,0.0879780381295752
2023-11-16,4.445000171661377,-0.08999967575073242,0.08782274926301872
2023-11-17,4.440999984741211,-0.004000186920166016,0.08455798519161681
2023-11-20,4.421999931335449,-0.01900005340576172,0.08411715137750242
2023-11-21,4.418000221252441,-0.0039997100830078125,0.08298617543625175
2023-11-22,4.415999889373779,-0.0020003318786621094,0.08293772293576805
2023-11-24,4.4720001220703125,0.0560002326965332,0.07920983122316376
2023-11-27,4.388999938964844,-0.08300018310546875,0.07804626759120166
2023-11-28,4.335999965667725,-0.05299997329711914,0.0781658239650719
2023-11-29,4.270999908447266,-0.06500005722045898,0.07761697681564825
2023-11-30,4.3520002365112305,0.08100032806396484,0.08105429414702808
2023-12-01,4.22599983215332,-0.12600040435791016,0.08300827842668482
2023-12-04,4.288000106811523,0.062000274658203125,0.0822900024067655
2023-12-05,4.171000003814697,-0.11700010299682617,0.08263820857556593
2023-12-06,4.120999813079834,-0.05000019073486328,0.07792949417690741
2023-12-07,4.129000186920166,0.008000373840332031,0.07677150450338446
2023-12-08,4.244999885559082,0.11599969863891602,0.08205243220446541
2023-12-11,4.238999843597412,-0.006000041961669922,0.07734309521622267
2023-12-12,4.205999851226807,-0.03299999237060547,0.0773058716106243
2023-12-13,4.0329999923706055,-0.17299985885620117,0.08391404307263475
2023-12-14,3.930000066757202,-0.10299992561340332,0.07733393635988685
2023-12-15,3.927999973297119,-0.002000093460083008,0.07268697496561949
2023-12-18,3.9539999961853027,0.026000022888183594,0.07221811182874943
2023-12-19,3.921999931335449,-0.032000064849853516,0.07210078192237356
2023-12-20,3.877000093460083,-0.04499983787536621,0.07222088208309886
2023-12-21,3.8940000534057617,0.01699995994567871,0.07268393919678362
2023-12-22,3.9010000228881836,0.006999969482421875,0.07285238473363904
2023-12-26,3.885999917984009,-0.015000104904174805,0.07053932584122168
2023-12-27,3.7890000343322754,-0.0969998836517334,0.07114957027574066
2023-12-28,3.8499999046325684,0.06099987030029297,0.0735025966590344
2023-12-29,3.865999937057495,0.016000032424926758,0.07332132913609017
2024-01-02,3.946000099182129,0.08000016212463379,0.07325322295228352
2024-01-03,3.9070000648498535,-0.03900003433227539,0.06927090949513785
2024-01-04,3.990999937057495,0.0839998722076416,0.0706492901525052
2024-01-05,4.041999816894531,0.05099987983703613,0.06787724586647113
2024-01-08,4.001999855041504,-0.039999961853027344,0.0675886403226084
2024-01-09,4.019000053405762,0.017000198364257812,0.06770805999246757
2024-01-10,4.03000020980835,0.01100015640258789,0.06193856196003495
2024-01-11,3.9769999980926514,-0.05300021171569824,0.06262314144107414
2024-01-12,3.950000047683716,-0.026999950408935547,0.06253845042826944
2024-01-16,4.065999984741211,0.11599993705749512,0.056928503347856305
2024-01-17,4.105999946594238,0.039999961853027344,0.05214638705337391
2024-01-18,4.144000053405762,0.03800010681152344,0.05247773388279457
2024-01-19,4.145999908447266,0.0019998550415039062,0.05237964216470776
2024-01-22,4.093999862670898,-0.05200004577636719,0.05333816882098172
2024-01-23,4.142000198364258,0.048000335693359375,0.05255614255000007
2024-01-24,4.177999973297119,0.03599977493286133,0.052798313458100196
2024-01-25,4.131999969482422,-0.046000003814697266,0.054369108771219615
2024-01-26,4.159999847412109,0.0279998779296875,0.05415022753234348
2024-01-29,4.091000080108643,-0.0689997673034668,0.05158920920956642
2024-01-30,4.059000015258789,-0.032000064849853516,0.051378472741867756
2024-01-31,3.9670000076293945,-0.09200000762939453,0.05594516816910425
2024-02-01,3.86299991607666,-0.10400009155273438,0.05795297380184161
2024-02-02,4.0329999923706055,0.1700000762939453,0.06860102646745618
2024-02-05,4.164000034332275,0.13100004196166992,0.0719575764468802
2024-02-06,4.090000152587891,-0.07399988174438477,0.07339902151103712
2024-02-07,4.110000133514404,0.019999980926513672,0.07283632810931781
2024-02-08,4.170000076293945,0.059999942779541016,0.07378457475648187
2024-02-09,4.186999797821045,0.01699972152709961,0.07381167354163964
2024-02-12,4.171999931335449,-0.014999866485595703,0.07271254337171461
2024-02-13,4.315999984741211,0.14400005340576172,0.07783994971334554
2024-02-14,4.267000198364258,-0.048999786376953125,0.07569053534353358
2024-02-15,4.239999771118164,-0.02700042724609375,0.07575585283910964
2024-02-16,4.295000076293945,0.05500030517578125,0.07620016187157444
2024-02-20,4.275000095367432,-0.019999980926513672,0.07642598529557687
2024-02-21,4.324999809265137,0.04999971389770508,0.07578457073834598
2024-02-22,4.327000141143799,0.0020003318786621094,0.07532503908705863
2024-02-23,4.260000228881836,-0.06699991226196289,0.07680488367989234
2024-02-26,4.298999786376953,0.03899955749511719,0.07628135946641448
2024-02-27,4.315000057220459,0.01600027084350586,0.0761685386279843
2024-02-28,4.27400016784668,-0.0409998893737793,0.07500076115498482
2024-02-29,4.251999855041504,-0.02200031280517578,0.07476070155660619
2024-03-01,4.179999828338623,-0.07200002670288086,0.07352434508771696
2024-03-04,4.218999862670898,0.03900003433227539,0.06890099751547359
2024-03-05,4.13700008392334,-0.0819997787475586,0.06256631850673705
2024-03-06,4.104000091552734,-0.03299999237060547,0.055929640180154686
2024-03-07,4.0920000076293945,-0.012000083923339844,0.05357319774172999
2024-03-08,4.089000225067139,-0.0029997825622558594,0.05338068022025168
2024-03-11,4.104000091552734,0.014999866485595703,0.05168583685012347
2024-03-12,4.15500020980835,0.051000118255615234,0.052867383127201406
2024-03-13,4.191999912261963,0.03699970245361328,0.05341951844967748
2024-03-14,4.297999858856201,0.10599994659423828,0.048773195056564
2024-03-15,4.303999900817871,0.006000041961669922,0.04751933917817137
2024-03-18,4.340000152587891,0.03600025177001953,0.04760133521924071
2024-03-19,4.296999931335449,-0.043000221252441406,0.04723226196789777
2024-03-20,4.2729997634887695,-0.024000167846679688,0.047325331557665794
2024-03-21,4.270999908447266,-0.0019998550415039062,0.045912472204090275
2024-03-22,4.2179999351501465,-0.05299997329711914,0.047189612474199054
2024-03-25,4.252999782562256,0.034999847412109375,0.04573654009506342
2024-03-26,4.234000205993652,-0.018999576568603516,0.044987657293215265
2024-03-27,4.196000099182129,-0.03800010681152344,0.045383169042091574
2024-03-28,4.205999851226807,0.009999752044677734,0.04475811942510322
2024-04-01,4.328999996185303,0.1230001449584961,0.05227268174870052
2024-04-02,4.364999771118164,0.03599977493286133,0.049705743413521346
2024-04-03,4.355000019073486,-0.009999752044677734,0.049366591889098387
2024-04-04,4.309000015258789,-0.046000003814697266,0.04669327986004896
2024-04-05,4.377999782562256,0.0689997673034668,0.04749259800081953
2024-04-08,4.423999786376953,0.046000003814697266,0.04764935481254348
2024-04-09,4.366000175476074,-0.057999610900878906,0.050179264025459754
2024-04-10,4.559999942779541,0.1939997673034668,0.06384439570304663
2024-04-11,4.576000213623047,0.01600027084350586,0.06349755661103507
2024-04-12,4.499000072479248,-0.07700014114379883,0.06676482349802283
2024-04-15,4.627999782562256,0.1289997100830078,0.0685047845312843
2024-04-16,4.658999919891357,0.031000137329101562,0.06854474409146334
2024-04-17,4.585000038146973,-0.07399988174438477,0.07116546342151234
2024-04-18,4.646999835968018,0.06199979782104492,0.07082034315459444
2024-04-19,4.614999771118164,-0.032000064849853516,0.0710711023569429
2024-04-22,4.623000144958496,0.008000373840332031,0.07097589537838996
2024-04-23,4.5980000495910645,-0.02500009536743164,0.06985397836961636
2024-04-24,4.6519999504089355,0.053999900817871094,0.07020603752185878
2024-04-25,4.705999851226807,0.053999900817871094,0.07003749706049903
2024-04-26,4.669000148773193,-0.03699970245361328,0.06999463249863844
2024-04-29,4.613999843597412,-0.05500030517578125,0.07198503920717964
2024-04-30,4.685999870300293,0.07200002670288086,0.06911937018849294
2024-05-01,4.59499979019165,-0.09100008010864258,0.07283018782507149
2024-05-02,4.571000099182129,-0.023999691009521484,0.07309515969046285
2024-05-03,4.5,-0.0710000991821289,0.07425213359609381
2024-05-06,4.488999843597412,-0.01100015640258789,0.07306781018070635
2024-05-07,4.4629998207092285,-0.026000022888183594,0.07275038995198009
2024-05-08,4.492000102996826,0.029000282287597656,0.07164002925743036
2024-05-09,4.448999881744385,-0.043000221252441406,0.057891393727122875
2024-05-10,4.504000186920166,0.05500030517578125,0.059218726709006235
2024-05-13,4.480999946594238,-0.023000240325927734,0.05699498649808389
2024-05-14,4.445000171661377,-0.03599977493286133,0.04901242168828451
2024-05-15,4.355999946594238,-0.08900022506713867,0.05110148347874745
2024-05-16,4.376999855041504,0.020999908447265625,0.049751335760986705
2024-05-17,4.420000076293945,0.043000221252441406,0.04853626978468493
2024-05-20,4.436999797821045,0.01699972152709961,0.048644306620045964
2024-05-21,4.414000034332275,-0.02299976348876953,0.04858964195222216
2024-05-22,4.434000015258789,0.019999980926513672,0.048884224423437754
2024-05-23,4.474999904632568,0.0409998893737793,0.048138993610391465
2024-05-24,4.4670000076293945,-0.007999897003173828,0.0459712285215632
2024-05-28,4.541999816894531,0.07499980926513672,0.049231627471377756
2024-05-29,4.624000072479248,0.0820002555847168,0.05144772139103799
2024-05-30,4.553999900817871,-0.07000017166137695,0.05090600609686757
2024-05-31,4.513999938964844,-0.039999961853027344,0.04778320729161277
2024-06-03,4.4019999504089355,-0.1119999885559082,0.05319073587552528
2024-06-04,4.335999965667725,-0.06599998474121094,0.052905273430044295
2024-06-05,4.289000034332275,-0.04699993133544922,0.05359260835604634
2024-06-06,4.281000137329102,-0.007999897003173828,0.05345969556424025
2024-06-07,4.429999828338623,0.14899969100952148,0.06321113475844874
2024-06-10,4.468999862670898,0.03900003433227539,0.0631462336395847
2024-06-11,4.4039998054504395,-0.06500005722045898,0.06343964210176828
2024-06-12,4.295000076293945,-0.10899972915649414,0.06733218455408171
2024-06-13,4.23799991607666,-0.057000160217285156,0.06790894222039826
2024-06-14,4.2129998207092285,-0.02500009536743164,0.0655755760047719
2024-06-17,4.2789998054504395,0.06599998474121094,0.06724379340177504
2024-06-18,4.2170000076293945,-0.06199979782104492,0.0674257035775819
2024-06-20,4.254000186920166,0.037000179290771484,0.06796034135830899
2024-06-21,4.256999969482422,0.0029997825622558594,0.06792389644134712
2024-06-24,4.248000144958496,-0.008999824523925781,0.06763151941233747
2024-06-25,4.23799991607666,-0.010000228881835938,0.0666603983846262
2024-06-26,4.315999984741211,0.07800006866455078,0.06945543118037772
2024-06-27,4.288000106811523,-0.0279998779296875,0.06695287109387679
2024-06-28,4.3429999351501465,0.05499982833862305,0.06529426097457276
2024-07-01,4.479000091552734,0.1360001564025879,0.0715384597076944
2024-07-02,4.435999870300293,-0.043000221252441406,0.07161780065429842
2024-07-03,4.355000019073486,-0.08099985122680664,0.06956424746246333
2024-07-05,4.271999835968018,-0.08300018310546875,0.07043680311787087
2024-07-08,4.269000053405762,-0.0029997825622558594,0.06971472966528658
2024-07-09,4.300000190734863,0.031000137329101562,0.0700363255098128
2024-07-10,4.28000020980835,-0.019999980926513672,0.06133783358801433
2024-07-11,4.192999839782715,-0.08700037002563477,0.0627449807717337
2024-07-12,4.189000129699707,-0.0039997100830078125,0.0616262475813857
2024-07-15,4.229000091552734,0.039999961853027344,0.058167301455624106
2024-07-16,4.166999816894531,-0.062000274658203125,0.05840851613904151
2024-07-17,4.145999908447266,-0.020999908447265625,0.05834096908798502
2024-07-18,4.189000129699707,0.043000221252441406,0.05718148492427137
2024-07-19,4.238999843597412,0.04999971389770508,0.056750817198509315
2024-07-22,4.260000228881836,0.021000385284423828,0.056349995977900386
2024-07-23,4.238999843597412,-0.021000385284423828,0.05653527391961654
2024-07-24,4.285999774932861,0.04699993133544922,0.05744536920805764
2024-07-25,4.25600004196167,-0.029999732971191406,0.057815534265476885
2024-07-26,4.199999809265137,-0.0560002326965332,0.05624917792391187
2024-07-29,4.177999973297119,-0.021999835968017578,0.05614444403914901
2024-07-30,4.14300012588501,-0.034999847412109375,0.05473363396216748
2024-07-31,4.109000205993652,-0.03399991989135742,0.043566661812979995
2024-08-01,3.9760000705718994,-0.13300013542175293,0.05012183122600205
2024-08-02,3.7920000553131104,-0.18400001525878906,0.06021686257444311
2024-08-05,3.7850000858306885,-0.006999969482421875,0.058941237512090135
2024-08-06,3.888000011444092,0.10299992561340332,0.06498565064379082
2024-08-07,3.9679999351501465,0.07999992370605469,0.06766289055989831
2024-08-08,3.996999979019165,0.029000043869018555,0.06835252019742485
2024-08-09,3.941999912261963,-0.05500006675720215,0.06697425085214487
2024-08-12,3.9089999198913574,-0.03299999237060547,0.06710093677366077
2024-08-13,3.8519999980926514,-0.056999921798706055,0.06658265405058064
2024-08-14,3.819999933242798,-0.032000064849853516,0.06590874730112421
2024-08-15,3.9260001182556152,0.10600018501281738,0.07109968461075504
2024-08-16,3.8919999599456787,-0.03400015830993652,0.07018355181524168
2024-08-19,3.867000102996826,-0.02499985694885254,0.06864778534051265
2024-08-20,3.818000078201294,-0.04900002479553223,0.0683728769412972
2024-08-21,3.7780001163482666,-0.039999961853027344,0.06849781204853808
2024-08-22,3.861999988555908,0.0839998722076416,0.07079734192031083
2024-08-23,3.806999921798706,-0.05500006675720215,0.07117970087939342
2024-08-26,3.818000078201294,0.01100015640258789,0.0710518382454837
2024-08-27,3.8329999446868896,0.014999866485595703,0.07141049349042403
2024-08-28,3.8410000801086426,0.00800013542175293,0.07146782269177425
2024-08-29,3.867000102996826,0.026000022888183594,0.07184263528737453
2024-08-30,3.9110000133514404,0.04399991035461426,0.06710507225161344
2024-09-03,3.8440001010894775,-0.06699991226196289,0.05512133242434811
2024-09-04,3.7679998874664307,-0.07600021362304688,0.05771016312931492
2024-09-05,3.7309999465942383,-0.03699994087219238,0.05301380427205967
2024-09-06,3.7100000381469727,-0.020999908447265625,0.04911940978331795
2024-09-09,3.697000026702881,-0.013000011444091797,0.04820079093437412
2024-09-10,3.6459999084472656,-0.051000118255615234,0.04803949000164802
2024-09-11,3.6530001163482666,0.0070002079010009766,0.04804544144626909
2024-09-12,3.680000066757202,0.026999950408935547,0.04762315164253076
2024-09-13,3.6500000953674316,-0.029999971389770508,0.047575129274126264
2024-09-16,3.621000051498413,-0.029000043869018555,0.03988686866505493
2024-09-17,3.6419999599456787,0.020999908447265625,0.040347121703703366
2024-09-18,3.684999942779541,0.042999982833862305,0.041940830128572026
2024-09-19,3.740000009536743,0.05500006675720215,0.043065235901739086
2024-09-20,3.7279999256134033,-0.012000083923339844,0.042312505361805114
2024-09-23,3.739000082015991,0.01100015640258789,0.03759694679128662
2024-09-24,3.7360000610351562,-0.003000020980834961,0.03587128499384392
2024-09-25,3.7809998989105225,0.04499983787536621,0.03729196916206335
2024-09-26,3.7909998893737793,0.009999990463256836,0.037195439223842455
2024-09-27,3.749000072479248,-0.04199981689453125,0.038112300487412105
2024-09-30,3.802000045776367,0.05299997329711914,0.03961426624566475
2024-10-01,3.743000030517578,-0.05900001525878906,0.03986728144609451
2024-10-02,3.7850000858306885,0.04200005531311035,0.038885252176163045
2024-10-03,3.8499999046325684,0.06499981880187988,0.037772855392368895
2024-10-04,3.9809999465942383,0.13100004196166992,0.04564635121963701
2024-10-07,4.026000022888184,0.04500007629394531,0.04553951120804672
2024-10-08,4.0329999923706055,0.006999969482421875,0.04513091465671179
2024-10-09,4.066999912261963,0.03399991989135742,0.04255991234420513
2024-10-10,4.0960001945495605,0.029000282287597656,0.042493405508084316
2024-10-11,4.072999954223633,-0.023000240325927734,0.04353406003823426
2024-10-14,4.0980000495910645,0.02500009536743164,0.04208721471348577
2024-10-15,4.038000106811523,-0.059999942779541016,0.0444199077261442
2024-10-16,4.015999794006348,-0.02200031280517578,0.045346034242644884
2024-10-17,4.0960001945495605,0.08000040054321289,0.04706018008378671
2024-10-18,4.072999954223633,-0.023000240325927734,0.04720204173696705
2024-10-21,4.182000160217285,0.10900020599365234,0.05087389646449185
2024-10-22,4.203999996185303,0.021999835968017578,0.050815691062827566
2024-10-23,4.242000102996826,0.03800010681152344,0.05058850137514876
2024-10-24,4.199999809265137,-0.04200029373168945,0.052323568852373166
2024-10-25,4.23199987411499,0.032000064849853516,0.05233458042859887
2024-10-28,4.2779998779296875,0.046000003814697266,0.05052990657050881
2024-10-29,4.27400016784668,-0.0039997100830078125,0.05049228375841081
2024-10-30,4.265999794006348,-0.008000373840332031,0.04751631680816479
2024-10-31,4.283999919891357,0.018000125885009766,0.047372989799783743
2024-11-01,4.361000061035156,0.07700014114379883,0.04796399180035557
2024-11-04,4.309000015258789,-0.05200004577636719,0.044082408700186766
2024-11-05,4.289000034332275,-0.019999980926513672,0.044198108036088216
2024-11-06,4.426000118255615,0.13700008392333984,0.051830744590271836
2024-11-07,4.341000080108643,-0.08500003814697266,0.05638138018280993
2024-11-08,4.306000232696533,-0.034999847412109375,0.057199748604600587
2024-11-11,4.308000087738037,0.0019998550415039062,0.05673687030658458
2024-11-12,4.432000160217285,0.12400007247924805,0.06182638318225719
2024-11-13,4.451000213623047,0.01900005340576172,0.05932996650278458
2024-11-14,4.418000221252441,-0.03299999237060547,0.05976318969193882
2024-11-15,4.427999973297119,0.009999752044677734,0.05812890753182111
2024-11-18,4.414000034332275,-0.01399993896484375,0.05786101748327087
2024-11-19,4.379000186920166,-0.034999847412109375,0.05476816422611297
2024-11-20,4.406000137329102,0.026999950408935547,0.05483659297362166
2024-11-21,4.432000160217285,0.026000022888183594,0.05458801760987146
2024-11-22,4.409999847412109,-0.02200031280517578,0.05382196127651621
2024-11-25,4.264999866485596,-0.14499998092651367,0.06323970440924404
2024-11-26,4.302000045776367,0.037000179290771484,0.06295341347209372
2024-11-27,4.242000102996826,-0.059999942779541016,0.0643526641489098
2024-11-29,4.177999973297119,-0.06400012969970703,0.06577891758820056
2024-12-02,4.196000099182129,0.018000125885009766,0.06577891758820056
2024-12-03,4.2230000495910645,0.026999950408935547,0.06356067914847058
2024-12-04,4.179999828338623,-0.043000221252441406,0.06326872820307768
2024-12-05,4.179999828338623,0.0,0.0632002005362092
2024-12-06,4.151000022888184,-0.028999805450439453,0.054277916202985915
2024-12-09,4.198999881744385,0.04799985885620117,0.05321739543000588
2024-12-10,4.2210001945495605,0.02200031280517578,0.05315872139296765
2024-12-11,4.270999908447266,0.04999971389770508,0.054448058731348004
2024-12-12,4.323999881744385,0.05299997329711914,0.048080433057084974
2024-12-13,4.39900016784668,0.07500028610229492,0.05095354308063465
2024-12-16,4.396999835968018,-0.0020003318786621094,0.05047179125088325
2024-12-17,4.385000228881836,-0.01199960708618164,0.05046037255556475
2024-12-18,4.49399995803833,0.10899972915649414,0.05585392192272314
2024-12-19,4.570000171661377,0.07600021362304688,0.05723278175998438
2024-12-20,4.52400016784668,-0.046000003814697266,0.05829792939084798
2024-12-23,4.598999977111816,0.07499980926513672,0.06010696502071683
2024-12-24,4.591000080108643,-0.007999897003173828,0.05983515795294371
2024-12-26,4.578999996185303,-0.012000083923339844,0.04877957063318631
2024-12-27,4.61899995803833,0.039999961853027344,0.048851702925386445
2024-12-30,4.545000076293945,-0.07399988174438477,0.050009548285246654
2024-12-31,4.572999954223633,0.0279998779296875,0.04671679041920539
